#ifndef IMAGE_456_4_H
#define IMAGE_456_4_H

#include <stdint.h>

#define IMAGE_WIDTH 213
#define IMAGE_HEIGHT 120

const uint16_t image_data[25560] = {
  0x0928, 0x0928, 0x0928, 0x0948, 0x0949, 0x1149, 0x1169, 0x1149, 0x1169, 0x1169, 0x1169, 0x116A,
  0x116A, 0x118A, 0x118A, 0x118A, 0x118A, 0x11AB, 0x11AB, 0x11AB, 0x19CB, 0x19CB, 0x19EC, 0x220C,
  0x2A2C, 0x326D, 0x3AAE, 0x42EF, 0x5350, 0x5BB2, 0x6C13, 0x7C94, 0x9516, 0xA598, 0xBE19, 0xD6DC,
  0xFFFF, 0xFFFF, 0xFFFF, 0xFFFF, 0xFFDF, 0xFFDF, 0xF79E, 0xFFDF, 0xFFDF, 0xFFDF, 0xFFDF, 0xF7BE,
  0xFFDF, 0xF79E, 0xEF7E, 0xF7BE, 0xFFDF, 0xF7DF, 0xF7DF, 0xF7DF, 0xEF9E, 0xF7BE, 0xF7BF, 0xF7FF,
  0xF7FF, 0xF7DF, 0xF7DF, 0xEF9E, 0xE75D, 0xDF5D, 0xE77D, 0xEFBE, 0xEFBE, 0xE79E, 0xE77D, 0xE77E,
  0xDF3D, 0xDF3D, 0xE77E, 0xE77E, 0xEF9E, 0xDF5D, 0xE77E, 0xE77D, 0xDF7D, 0xDF7D, 0xE77E, 0xDF7D,
  0xEFDF, 0xEFDF, 0xEFDF, 0xEFDF, 0xEFFF, 0xEFDF, 0xEFDF, 0xEFDF, 0xE7BF, 0xE7BE, 0xE7DF, 0xEFFF,
  0xEFFF, 0xEFFF, 0xE7DF, 0xE7BE, 0xE7DF, 0xEFFF, 0xEFFF, 0xE7DF, 0xEFFF, 0xEFFF, 0xE7DF, 0xE7DF,
  0xE7BE, 0xE7BE, 0xE7DF, 0xEFFF, 0xEFFF, 0xEFFF, 0xEFFF, 0xE7DF, 0xE7DF, 0xEFDF, 0xEFFF, 0xEFFF,
  0xEFFF, 0xEFDF, 0xEFFF, 0xEFFF, 0xEFFF, 0xEFFF, 0xEFFF, 0xEFFF, 0xEFFF, 0xEFFF, 0xEFFF, 0xEFFF,
  0xEFFF, 0xEFFF, 0xEFFF, 0xEFFF, 0xEFFF, 0xEFFF, 0xEFFF, 0xEFFF, 0xEFFF, 0xEFFF, 0xEFFF, 0xEFFF,
  0xEFFF, 0xEFFF, 0xEFFF, 0xEFFF, 0xEFFF, 0xF7FF, 0xF7FF, 0xEFFF, 0xEFFF, 0xEFFF, 0xEFFF, 0xF7FF,
  0xF7FF, 0xF7FF, 0xF7FF, 0xF7FF, 0xF7FF, 0xF7FF, 0xF7FF, 0xF7FF, 0xF7FF, 0xF7FF, 0xF7FF, 0xF7FF,
  0xF7FF, 0xF7FF, 0xF7FF, 0xFFFF, 0xFFFF, 0xFFFF, 0xFFFF, 0xFFFF, 0xFFFF, 0xFFFF, 0xF7BF, 0xCEBB,
  0xBE3A, 0xADD9, 0x9D78, 0x8CF7, 0x7CB5, 0x7454, 0x63F3, 0x63F3, 0x6414, 0x63F3, 0x5371, 0x4310,
  0x4310, 0x5392, 0x4B51, 0x32AE, 0x2A4D, 0x19EB, 0x11AB, 0x11AB, 0x118A, 0x118A, 0x11AA, 0x19CA,
  0x19CA, 0x326C, 0x42CE, 0x4B0F, 0x4B0E, 0x42CD, 0x530E, 0x4AEE, 0x4ACD, 0x0928, 0x0928, 0x1149,
  0x1149, 0x198A, 0x1169, 0x1169, 0x1169, 0x116A, 0x118A, 0x118A, 0x118A, 0x118A, 0x11AB, 0x11AB,
  0x11AB, 0x11AB, 0x11AB, 0x11AB, 0x11AB, 0x19CB, 0x19CC, 0x19EC, 0x220C, 0x2A4D, 0x328D, 0x3ACE,
  0x4B10, 0x5371, 0x63D2, 0x7433, 0x84B5, 0x9536, 0xADB8, 0xC65A, 0xE75D, 0xFFFF, 0xFFFF, 0xFFFF,
  0xFFFF, 0xFFFF, 0xFFDF, 0xFFDF, 0xFFFF, 0xFFFF, 0xFFDF, 0xFFFF, 0xFFDF, 0xFFFF, 0xF7BE, 0xF79E,
  0xF7BE, 0xFFFF, 0xFFDF, 0xF7DF, 0xEF9E, 0xEF7D, 0xEF7D, 0xF7FF, 0xF7FF, 0xF7DF, 0xF7DF, 0xEFBF,
  0xEFBF, 0xE77D, 0xE77D, 0xE79E, 0xE79E, 0xF7FF, 0xEFBF, 0xDF5D, 0xDF5D, 0xDF3D, 0xE77D, 0xEF9E,
  0xE79E, 0xEFBE, 0xE79E, 0xE79E, 0xEFBE, 0xE7BE, 0xE7BE, 0xE7BE, 0xE7BE, 0xE7BE, 0xE79E, 0xE7BE,
  0xEFDF, 0xEFFF, 0xEFFF, 0xEFFF, 0xEFDF, 0xE7BE, 0xE7DF, 0xEFFF, 0xEFFF, 0xEFFF, 0xEFFF, 0xE7BE,
  0xE7BE, 0xE7DF, 0xE7BE, 0xE7DF, 0xE7DF, 0xE7DF, 0xEFFF, 0xE7DF, 0xE7BE, 0xE7BF, 0xE7BF, 0xE7DF,
  0xE7DF, 0xE7DF, 0xE7DF, 0xEFDF, 0xEFFF, 0xEFDF, 0xEFDF, 0xEFDF, 0xEFFF, 0xEFFF, 0xEFDF, 0xEFFF,
  0xEFFF, 0xEFFF, 0xEFFF, 0xEFFF, 0xEFFF, 0xEFFF, 0xEFFF, 0xEFFF, 0xEFFF, 0xEFFF, 0xEFFF, 0xEFFF,
  0xEFFF, 0xEFFF, 0xEFFF, 0xEFFF, 0xEFFF, 0xEFFF, 0xEFFF, 0xEFFF, 0xEFFF, 0xEFFF, 0xEFFF, 0xEFFF,
  0xEFFF, 0xF7FF, 0xF7FF, 0xF7FF, 0xEFFF, 0xEFFF, 0xEFFF, 0xF7FF, 0xF7FF, 0xF7FF, 0xF7FF, 0xF7FF,
  0xF7FF, 0xF7FF, 0xF7FF, 0xF7FF, 0xF7FF, 0xF7FF, 0xF7FF, 0xF7FF, 0xF7FF, 0xF7FF, 0xF7FF, 0xF7FF,
  0xFFFF, 0xFFFF, 0xFFFF, 0xFFFF, 0xFFFF, 0xFFFF, 0xFFFF, 0xFFFF, 0xDF1D, 0xBE5A, 0xADF9, 0xA5B9,
  0x9D78, 0x9538, 0x8D17, 0x84D7, 0x84F7, 0x84F7, 0x84D7, 0x7475, 0x63F3, 0x63F3, 0x6C55, 0x53B2,
  0x4B51, 0x2A6E, 0x222D, 0x19AB, 0x11AB, 0x19CB, 0x19CB, 0x19CB, 0x21EB, 0x324C, 0x4B2F, 0x534F,
  0x5B70, 0x63B1, 0x5B90, 0x6BD1, 0x63B1, 0x63B1, 0x1149, 0x19AA, 0x21EB, 0x21EB, 0x328D, 0x220B,
  0x1169, 0x118A, 0x118A, 0x118A, 0x118A, 0x118A, 0x11AB, 0x11AB, 0x11AB, 0x11AB, 0x11AB, 0x11AB,
  0x11AB, 0x19CB, 0x19EC, 0x19EC, 0x2A4D, 0x3AAF, 0x4B30, 0x3AAE, 0x42EF, 0x4B30, 0x5BB2, 0x6BF3,
  0x7C54, 0x8CD5, 0x9D57, 0xB5F9, 0xC67A, 0xEF9E, 0xFFFF, 0xFFFF, 0xFFFF, 0xFFFF, 0xFFFF, 0xFFFF,
  0xFFFF, 0xFFDF, 0xFFFF, 0xFFFF, 0xFFFF, 0xFFDF, 0xFFFF, 0xF7BE, 0xF7BE, 0xFFDF, 0xF7DF, 0xFFDF,
  0xF7DF, 0xF79E, 0xF7BE, 0xF7BE, 0xF7DF, 0xEFBE, 0xEFBF, 0xF7DF, 0xF7DF, 0xEF9E, 0xEF9E, 0xE75D,
  0xE77D, 0xE79E, 0xEF9E, 0xE79E, 0xE79E, 0xE77D, 0xDF3D, 0xDF5D, 0xE75D, 0xE75D, 0xE77E, 0xE77D,
  0xEFBE, 0xE77D, 0xE77E, 0xE79E, 0xE7BE, 0xEFDF, 0xE7BE, 0xE7BE, 0xE79E, 0xE7BE, 0xEFFF, 0xEFFF,
  0xEFFF, 0xE7DF, 0xE7BE, 0xDF7D, 0xE79E, 0xEFDF, 0xEFFF, 0xEFFF, 0xE7DF, 0xE7DF, 0xEFFF, 0xE7DF,
  0xE7DF, 0xE7BE, 0xE7DF, 0xEFFF, 0xE7BF, 0xE7BE, 0xDF9E, 0xE7BE, 0xE7BE, 0xE7DF, 0xEFFF, 0xE7DF,
  0xE7DF, 0xEFDF, 0xE7DF, 0xEFFF, 0xEFFF, 0xEFFF, 0xEFFF, 0xEFFF, 0xEFFF, 0xEFFF, 0xEFFF, 0xEFFF,
  0xEFFF, 0xEFFF, 0xEFFF, 0xEFFF, 0xEFFF, 0xEFFF, 0xEFFF, 0xEFFF, 0xEFFF, 0xEFFF, 0xEFFF, 0xEFFF,
  0xEFFF, 0xEFFF, 0xEFFF, 0xEFFF, 0xEFFF, 0xEFFF, 0xEFFF, 0xF7FF, 0xEFFF, 0xEFFF, 0xF7FF, 0xF7FF,
  0xF7FF, 0xF7FF, 0xEFFF, 0xF7FF, 0xF7FF, 0xF7FF, 0xF7FF, 0xF7FF, 0xF7FF, 0xF7FF, 0xF7FF, 0xF7FF,
  0xF7FF, 0xF7FF, 0xF7FF, 0xF7FF, 0xF7FF, 0xF7FF, 0xF7FF, 0xF7FF, 0xFFFF, 0xFFFF, 0xFFFF, 0xFFFF,
  0xFFFF, 0xFFFF, 0xFFFF, 0xFFFF, 0xFFFF, 0xEF9E, 0xC67B, 0xADFA, 0xA5D9, 0x9D99, 0x9578, 0x9558,
  0x8D17, 0x84F7, 0x84F7, 0x84D7, 0x7CD6, 0x7475, 0x6C55, 0x7475, 0x63F3, 0x5392, 0x4B51, 0x3AAF,
  0x220C, 0x220C, 0x328E, 0x3AAE, 0x2A4D, 0x2A4C, 0x5330, 0x7413, 0x7412, 0x7C53, 0x7C53, 0x7432,
  0x7C73, 0x8CD5, 0x8CD5, 0x5350, 0x5B91, 0x5BB2, 0x5371, 0x42EF, 0x2A2C, 0x118A, 0x118A, 0x118A,
  0x118A, 0x118A, 0x19AB, 0x11AB, 0x19CB, 0x19AB, 0x11AB, 0x11AB, 0x19CB, 0x19EC, 0x19EC, 0x19EC,
  0x222C, 0x2A4D, 0x5BB2, 0x7475, 0x6C54, 0x6414, 0x63D2, 0x63F3, 0x6C13, 0x7C74, 0x8CF6, 0xA598,
  0xB619, 0xCEBB, 0xF7DF, 0xFFFF, 0xFFFF, 0xFFFF, 0xFFDF, 0xFFFF, 0xFFDF, 0xFFDF, 0xFFDF, 0xFFFF,
  0xFFFF, 0xFFFF, 0xFFDF, 0xFFDF, 0xF7BE, 0xF7BE, 0xFFDF, 0xF7BE, 0xFFDF, 0xFFFF, 0xFFFF, 0xF7FF,
  0xF7DF, 0xEFBE, 0xEFBE, 0xEFBE, 0xF7DF, 0xEFBE, 0xEF9E, 0xE77D, 0xE75D, 0xE77D, 0xE75D, 0xDF5D,
  0xE75D, 0xE79E, 0xEFBF, 0xEFDF, 0xE79E, 0xDF5D, 0xDF5D, 0xDF3C, 0xDF3D, 0xE79E, 0xE79E, 0xDF5D,
  0xE79E, 0xE7BE, 0xEFBF, 0xE79E, 0xE79D, 0xEFBE, 0xE79E, 0xE79E, 0xEFDF, 0xEFFF, 0xE7BF, 0xE7DF,
  0xE7BE, 0xE79E, 0xE79E, 0xE7DF, 0xE7DF, 0xDF9E, 0xDF9E, 0xE7BE, 0xE7DF, 0xE7BF, 0xE7BF, 0xDF9E,
  0xE7BE, 0xE7DF, 0xDF9E, 0xDF9E, 0xE7BE, 0xE7DF, 0xE7BE, 0xEFFF, 0xEFDF, 0xEFDF, 0xEFDF, 0xE7BF,
  0xEFDF, 0xEFFF, 0xEFFF, 0xEFFF, 0xEFFF, 0xEFFF, 0xEFFF, 0xEFFF, 0xEFFF, 0xEFFF, 0xEFFF, 0xEFFF,
  0xEFFF, 0xEFFF, 0xEFFF, 0xEFFF, 0xEFFF, 0xEFFF, 0xEFFF, 0xEFFF, 0xEFFF, 0xEFFF, 0xEFFF, 0xEFFF,
  0xEFFF, 0xEFFF, 0xEFFF, 0xEFFF, 0xEFFF, 0xEFFF, 0xEFFF, 0xEFFF, 0xF7FF, 0xF7FF, 0xF7FF, 0xF7FF,
  0xF7FF, 0xF7FF, 0xF7FF, 0xF7FF, 0xF7FF, 0xF7FF, 0xF7FF, 0xF7FF, 0xF7FF, 0xF7FF, 0xF7FF, 0xF7FF,
  0xF7FF, 0xF7FF, 0xF7FF, 0xF7FF, 0xF7FF, 0xFFFF, 0xFFFF, 0xFFFF, 0xFFFF, 0xFFFF, 0xFFFF, 0xFFFF,
  0xFFFF, 0xFFFF, 0xF7DF, 0xC67B, 0xB61A, 0xADD9, 0xA599, 0x9D78, 0x9558, 0x8D38, 0x8D17, 0x84F7,
  0x84F7, 0x7CD6, 0x7CB6, 0x7CB6, 0x7C96, 0x7C96, 0x7455, 0x6413, 0x5BB2, 0x42EF, 0x5BD3, 0x6C34,
  0x4B50, 0x2A4C, 0x3A8D, 0x5BB1, 0x84B5, 0x8CF5, 0x8CF5, 0x8CF5, 0x8CD5, 0x9D37, 0xADB9, 0xADD9,
  0x7454, 0x6C13, 0x4B30, 0x2A0C, 0x326D, 0x2A4D, 0x19AB, 0x118A, 0x118A, 0x118A, 0x19AB, 0x220C,
  0x19EC, 0x220C, 0x220D, 0x19EC, 0x19EC, 0x222D, 0x32AF, 0x328E, 0x32AE, 0x4B51, 0x4B51, 0x5BD3,
  0x7C96, 0x84D7, 0x84F7, 0x8D17, 0x84F7, 0x84D6, 0x8CD6, 0x9516, 0xA5B8, 0xBE3A, 0xD6FC, 0xFFFF,
  0xFFFF, 0xFFFF, 0xFFFF, 0xFFFF, 0xFFDF, 0xFFDF, 0xF7BF, 0xFFDF, 0xFFDF, 0xFFDF, 0xFFDF, 0xFFFF,
  0xFFFF, 0xFFDF, 0xFFDF, 0xFFFF, 0xF7DF, 0xF7BF, 0xFFFF, 0xFFFF, 0xF7DF, 0xF7DF, 0xF7DF, 0xF7DF,
  0xF7DF, 0xF7FF, 0xEFBE, 0xE79E, 0xEFBE, 0xE79E, 0xEF9E, 0xE79E, 0xE75D, 0xE77D, 0xEFBE, 0xEFDF,
  0xEFFF, 0xEFDF, 0xD71C, 0xDF3C, 0xDF3C, 0xDF7D, 0xDF5D, 0xDF7D, 0xE79E, 0xE79E, 0xE79E, 0xE7BE,
  0xE7BE, 0xDF7D, 0xE79E, 0xE7BE, 0xE7BE, 0xE7BE, 0xDF9E, 0xE7BE, 0xE7BF, 0xE7DF, 0xEFDF, 0xDF9E,
  0xE7BF, 0xE7DF, 0xE7BE, 0xDF9E, 0xE7BE, 0xE7BE, 0xDF9E, 0xDF9E, 0xDF9E, 0xE7BE, 0xDF9E, 0xE7BF,
  0xDF9E, 0xDF9E, 0xE7BF, 0xEFDF, 0xEFFF, 0xEFFF, 0xEFFF, 0xEFFF, 0xEFDF, 0xEFDF, 0xEFFF, 0xEFFF,
  0xEFFF, 0xEFFF, 0xEFFF, 0xEFFF, 0xEFFF, 0xEFFF, 0xEFFF, 0xEFFF, 0xEFFF, 0xEFFF, 0xEFFF, 0xEFFF,
  0xEFFF, 0xEFFF, 0xEFFF, 0xEFFF, 0xEFFF, 0xEFFF, 0xEFFF, 0xEFFF, 0xEFFF, 0xEFFF, 0xEFFF, 0xEFFF,
  0xEFFF, 0xEFFF, 0xEFFF, 0xEFFF, 0xEFFF, 0xEFFF, 0xF7FF, 0xF7FF, 0xF7FF, 0xF7FF, 0xF7FF, 0xF7FF,
  0xF7FF, 0xF7FF, 0xF7FF, 0xF7FF, 0xF7FF, 0xF7FF, 0xF7FF, 0xF7FF, 0xF7FF, 0xF7FF, 0xF7FF, 0xF7FF,
  0xF7FF, 0xFFFF, 0xFFFF, 0xFFFF, 0xFFFF, 0xFFFF, 0xFFFF, 0xFFFF, 0xFFFF, 0xFFFF, 0xF7DF, 0xEF9F,
  0xCEBC, 0xB63A, 0xADD9, 0xA5B9, 0x9D78, 0x9D78, 0x9558, 0x9558, 0x8D17, 0x8D17, 0x84F7, 0x84D6,
  0x7CD6, 0x84D7, 0x8D38, 0x8D17, 0x84D6, 0x7C95, 0x7454, 0x6C54, 0x63F3, 0x42EF, 0x324C, 0x3AAD,
  0x5B90, 0x7453, 0x8CD5, 0x9D37, 0xA577, 0xADB8, 0xB61A, 0xBE3A, 0xBE5B, 0x7C95, 0x7475, 0x5BB2,
  0x42EF, 0x326D, 0x2A0C, 0x220C, 0x118A, 0x118A, 0x11AB, 0x220C, 0x2A4D, 0x324D, 0x324D, 0x2A4D,
  0x2A2D, 0x4310, 0x6414, 0x7475, 0x6C34, 0x6C54, 0x7CD6, 0x84F7, 0x84D7, 0x7CB6, 0x84D6, 0x84F7,
  0x8D17, 0x8D17, 0x9537, 0x9537, 0x9537, 0xADB8, 0xBE5A, 0xE73D, 0xFFFF, 0xFFFF, 0xFFFF, 0xFFFF,
  0xFFFF, 0xFFFF, 0xF7BE, 0xF7BE, 0xFFDF, 0xF7BE, 0xF7BF, 0xF7BF, 0xF7BE, 0xFFDF, 0xFFFF, 0xFFFF,
  0xFFFF, 0xFFDF, 0xF7DF, 0xFFFF, 0xF7DF, 0xF7FF, 0xF7FF, 0xF7DF, 0xF7DF, 0xEF9E, 0xE79E, 0xE77D,
  0xE77D, 0xE77D, 0xE77D, 0xEFBE, 0xE79E, 0xE79E, 0xEF9E, 0xEFBF, 0xEFDF, 0xEFBE, 0xEFDF, 0xDF3D,
  0xD71C, 0xDF3D, 0xDF5D, 0xDF7D, 0xDF5D, 0xE79E, 0xDF7D, 0xE79E, 0xE79E, 0xE79E, 0xDF7D, 0xDF7E,
  0xE79E, 0xDF7E, 0xDF7D, 0xDF5D, 0xDF7D, 0xE7BF, 0xE7BE, 0xE7BE, 0xDF9E, 0xE7DF, 0xE7DF, 0xE7BE,
  0xE7BE, 0xE7BE, 0xE7DF, 0xE7BF, 0xE7BE, 0xDF9E, 0xDF9E, 0xE7DF, 0xE7BF, 0xE7BE, 0xE7BF, 0xE7DF,
  0xEFDF, 0xEFDF, 0xEFFF, 0xEFFF, 0xEFFF, 0xEFFF, 0xEFFF, 0xEFFF, 0xEFFF, 0xEFFF, 0xEFFF, 0xEFFF,
  0xEFFF, 0xEFFF, 0xEFFF, 0xEFFF, 0xEFFF, 0xEFFF, 0xEFFF, 0xEFFF, 0xEFFF, 0xEFFF, 0xEFFF, 0xEFFF,
  0xEFFF, 0xEFFF, 0xEFFF, 0xEFFF, 0xEFFF, 0xEFFF, 0xEFFF, 0xEFFF, 0xEFFF, 0xEFFF, 0xEFFF, 0xEFFF,
  0xEFFF, 0xEFFF, 0xF7FF, 0xF7FF, 0xF7FF, 0xF7FF, 0xF7FF, 0xF7FF, 0xF7FF, 0xF7FF, 0xF7FF, 0xF7FF,
  0xF7FF, 0xF7FF, 0xF7FF, 0xF7FF, 0xF7FF, 0xF7FF, 0xF7FF, 0xF7FF, 0xF7FF, 0xFFFF, 0xFFFF, 0xFFFF,
  0xFFFF, 0xFFFF, 0xFFFF, 0xFFFF, 0xFFFF, 0xFFFF, 0xF7DF, 0xE75D, 0xE75E, 0xCEDC, 0xBE3A, 0xADFA,
  0xA5B9, 0xA599, 0x9D78, 0xA5B9, 0x9D99, 0x9D99, 0x9D78, 0x9558, 0x8D38, 0x8D17, 0x8D37, 0x9D78,
  0xA599, 0x9D78, 0x9558, 0x8D17, 0x7C95, 0x6C13, 0x5350, 0x3AAD, 0x42AD, 0x63D1, 0x7C94, 0x9516,
  0xA598, 0xADD9, 0xB61A, 0xBE5B, 0xC67B, 0xC69C, 0x7C95, 0x7CB5, 0x7475, 0x7454, 0x63F3, 0x4B50,
  0x42EF, 0x19CB, 0x19AA, 0x19EB, 0x21EC, 0x2A2C, 0x326D, 0x3AAE, 0x4B10, 0x5392, 0x7475, 0x7CD6,
  0x7495, 0x84F6, 0x84F6, 0x84F7, 0x8D17, 0x8D17, 0x8D17, 0x84D6, 0x8D17, 0x8D17, 0x8D17, 0x8D37,
  0x9537, 0x9D77, 0xADD9, 0xC67A, 0xEF7E, 0xFFFF, 0xFFFF, 0xFFFF, 0xFFFF, 0xFFDF, 0xF7BE, 0xF7BE,
  0xF7BE, 0xFFDF, 0xF79E, 0xF7BE, 0xF7BE, 0xF79E, 0xFFDF, 0xFFDF, 0xFFFF, 0xFFFF, 0xFFFF, 0xF7BE,
  0xF7BE, 0xEF9E, 0xF7DF, 0xF7DF, 0xF7DF, 0xF7DF, 0xEFBE, 0xE79E, 0xE77D, 0xDF5D, 0xE79E, 0xE79E,
  0xE79E, 0xEF9E, 0xE77E, 0xE79E, 0xEFBF, 0xE79E, 0xE7BE, 0xE77D, 0xDF5D, 0xD71C, 0xDF3C, 0xDF7D,
  0xDF7D, 0xDF3D, 0xDF5D, 0xDF5D, 0xD73C, 0xDF7E, 0xE79E, 0xDF7E, 0xDF5D, 0xDF7E, 0xDF7E, 0xDF7D,
  0xDF5D, 0xDF7E, 0xE7BF, 0xEFDF, 0xE7DF, 0xE7BF, 0xDF9E, 0xDF7E, 0xDF9E, 0xE7BE, 0xEFFF, 0xEFFF,
  0xE7DF, 0xE7BE, 0xDF9E, 0xDF9E, 0xDF9E, 0xE7BE, 0xE7BF, 0xE7DF, 0xE7DF, 0xEFDF, 0xEFDF, 0xEFDF,
  0xEFFF, 0xEFFF, 0xEFFF, 0xEFFF, 0xEFFF, 0xEFFF, 0xEFDF, 0xEFFF, 0xEFFF, 0xEFFF, 0xEFFF, 0xEFFF,
  0xEFFF, 0xEFFF, 0xEFFF, 0xEFFF, 0xEFFF, 0xEFFF, 0xEFFF, 0xEFFF, 0xEFFF, 0xEFFF, 0xEFFF, 0xEFFF,
  0xEFFF, 0xEFFF, 0xEFFF, 0xEFFF, 0xEFFF, 0xEFFF, 0xEFFF, 0xEFFF, 0xEFFF, 0xEFFF, 0xEFFF, 0xEFFF,
  0xF7FF, 0xF7FF, 0xF7FF, 0xF7FF, 0xF7FF, 0xF7FF, 0xF7FF, 0xF7FF, 0xF7FF, 0xF7FF, 0xF7FF, 0xF7FF,
  0xF7FF, 0xF7FF, 0xF7FF, 0xF7FF, 0xF7FF, 0xF7FF, 0xFFFF, 0xFFFF, 0xFFFF, 0xFFFF, 0xFFFF, 0xFFFF,
  0xFFFF, 0xFFFF, 0xFFDF, 0xE75D, 0xDF3D, 0xE77E, 0xD6FD, 0xBE5B, 0xB61A, 0xADFA, 0xADFA, 0xAE1A,
  0xB61A, 0xB61A, 0xADFA, 0xA598, 0x9D78, 0x9D58, 0x9D78, 0xA599, 0xADDA, 0xB61A, 0xB61A, 0xADFA,
  0x9D99, 0x9538, 0x7454, 0x5BB1, 0x6BF2, 0x6C13, 0x8D16, 0x9D98, 0xA5B8, 0xADD9, 0xB61A, 0xBE3B,
  0xC67B, 0xC69C, 0xC69C, 0x9558, 0x8D38, 0x84F6, 0x84D6, 0x7CB5, 0x7475, 0x6413, 0x4310, 0x328E,
  0x42CF, 0x328E, 0x3ACE, 0x63F3, 0x7475, 0x84D6, 0x84F7, 0x8D37, 0x8D37, 0x8D17, 0x9558, 0x9537,
  0x8D17, 0x8D17, 0x9537, 0x9557, 0x84D5, 0x8D17, 0x9578, 0x9537, 0x84B5, 0x9537, 0xA598, 0xB61A,
  0xCE9B, 0xF7BF, 0xFFFF, 0xFFDF, 0xFFFF, 0xFFFF, 0xF7DF, 0xF7BE, 0xF79E, 0xF79E, 0xF7BE, 0xF7BE,
  0xF7BF, 0xFFDF, 0xF7BE, 0xF7BE, 0xFFDF, 0xFFDF, 0xFFFF, 0xF7BE, 0xF79E, 0xEF7E, 0xEF9E, 0xEF7E,
  0xF7DF, 0xF7FF, 0xF7DF, 0xEFBE, 0xE77D, 0xE77D, 0xE77D, 0xEF9E, 0xEF9E, 0xEF9E, 0xDF5D, 0xDF1C,
  0xDF5D, 0xE79E, 0xDF5D, 0xDF7D, 0xDF5D, 0xDF5D, 0xD71C, 0xD71C, 0xDF3C, 0xDF3C, 0xDF3D, 0xDF5D,
  0xDF5D, 0xDF5D, 0xDF7D, 0xDF5D, 0xDF7D, 0xDF5D, 0xDF7E, 0xDF7E, 0xDF5D, 0xDF5D, 0xDF7E, 0xE7BF,
  0xEFDF, 0xE7DF, 0xDF7E, 0xDF7E, 0xDF9E, 0xE7BE, 0xE7DF, 0xEFFF, 0xEFFF, 0xE7BF, 0xDF9E, 0xE7BE,
  0xDF9E, 0xE79E, 0xE7BE, 0xE7DF, 0xEFFF, 0xEFFF, 0xE7DF, 0xE7DF, 0xE7DF, 0xEFDF, 0xEFFF, 0xEFFF,
  0xEFFF, 0xEFFF, 0xEFFF, 0xEFFF, 0xEFFF, 0xEFFF, 0xEFFF, 0xEFFF, 0xEFFF, 0xEFFF, 0xEFFF, 0xEFFF,
  0xEFFF, 0xEFFF, 0xEFFF, 0xEFFF, 0xEFFF, 0xEFFF, 0xEFFF, 0xEFFF, 0xEFFF, 0xEFFF, 0xEFFF, 0xEFFF,
  0xEFFF, 0xEFFF, 0xEFFF, 0xEFFF, 0xEFFF, 0xEFFF, 0xEFFF, 0xEFFF, 0xEFFF, 0xEFFF, 0xF7FF, 0xF7FF,
  0xF7FF, 0xF7FF, 0xF7FF, 0xF7FF, 0xF7FF, 0xF7FF, 0xF7FF, 0xF7FF, 0xF7FF, 0xF7FF, 0xF7FF, 0xF7FF,
  0xF7FF, 0xF7FF, 0xF7FF, 0xFFFF, 0xFFFF, 0xFFFF, 0xFFFF, 0xFFFF, 0xFFFF, 0xFFFF, 0xFFFF, 0xF7BF,
  0xE75E, 0xDF3D, 0xDF3E, 0xD71D, 0xC69C, 0xBE7B, 0xBE5B, 0xB63B, 0xBE5B, 0xBE3A, 0xBE5B, 0xBE5B,
  0xB63B, 0xADFA, 0xB61A, 0xB61A, 0xB61A, 0xB61A, 0xB63A, 0xBE5B, 0xBE5B, 0xB61A, 0xADFA, 0x9D78,
  0x84D6, 0x9537, 0xA598, 0xA5D9, 0xADFA, 0xAE1A, 0xB63A, 0xBE5B, 0xBE5B, 0xBE7C, 0xC67C, 0xC67C,
  0xA5DA, 0x9DB9, 0x9558, 0x9538, 0x8D37, 0x8D17, 0x84F6, 0x7454, 0x5371, 0x4B10, 0x5350, 0x6C34,
  0x7CB6, 0x84D6, 0x84B6, 0x8CF7, 0x8D37, 0x9537, 0x9537, 0x9D78, 0x9D78, 0x9557, 0x9D58, 0xA599,
  0xA599, 0x8CD5, 0x8CF6, 0x9D58, 0x9D78, 0x9D57, 0xA598, 0xB5F9, 0xBE5A, 0xD6DC, 0xF7BF, 0xFFDF,
  0xFFDF, 0xFFDF, 0xEF9E, 0xEF9E, 0xE75D, 0xE75D, 0xF79E, 0xF79E, 0xF79E, 0xF79E, 0xF7BE, 0xF7BE,
  0xFFDF, 0xFFDF, 0xF7BF, 0xFFFF, 0xF7BE, 0xEF9E, 0xEF9E, 0xEF9E, 0xEF7E, 0xEFBE, 0xF7DF, 0xEFBE,
  0xEFBE, 0xE79E, 0xE79E, 0xE77D, 0xE79E, 0xE79E, 0xE77D, 0xE77D, 0xDF3D, 0xDF3C, 0xDF3D, 0xDF3C,
  0xDF5D, 0xDF3C, 0xDF7D, 0xD71C, 0xCEDB, 0xD73C, 0xD73C, 0xDF3D, 0xDF5D, 0xDF5D, 0xDF3D, 0xD73C,
  0xDF5D, 0xD75D, 0xD73D, 0xDF7D, 0xDF7D, 0xDF7D, 0xD75D, 0xDF9E, 0xDF9E, 0xDF9E, 0xDF9E, 0xE79E,
  0xE7DF, 0xEFFF, 0xE7DF, 0xEFFF, 0xEFFF, 0xE7DF, 0xE7BF, 0xE7BF, 0xE7DF, 0xE7BF, 0xE7BF, 0xE7BE,
  0xE7BE, 0xEFFF, 0xEFFF, 0xE7DF, 0xEFFF, 0xEFFF, 0xEFDF, 0xEFDF, 0xEFFF, 0xEFFF, 0xEFFF, 0xEFFF,
  0xEFFF, 0xEFFF, 0xEFDF, 0xEFFF, 0xEFFF, 0xEFFF, 0xEFFF, 0xEFFF, 0xEFFF, 0xEFFF, 0xEFFF, 0xEFFF,
  0xEFFF, 0xEFFF, 0xEFFF, 0xEFFF, 0xEFFF, 0xEFFF, 0xEFFF, 0xEFFF, 0xEFFF, 0xEFFF, 0xEFFF, 0xEFFF,
  0xEFFF, 0xEFFF, 0xEFFF, 0xEFFF, 0xEFFF, 0xEFFF, 0xEFFF, 0xEFFF, 0xF7FF, 0xF7FF, 0xF7FF, 0xF7FF,
  0xEFFF, 0xEFFF, 0xF7FF, 0xF7FF, 0xF7FF, 0xF7FF, 0xF7FF, 0xF7FF, 0xF7FF, 0xF7FF, 0xF7FF, 0xF7FF,
  0xFFFF, 0xFFFF, 0xFFFF, 0xFFFF, 0xFFFF, 0xFFFF, 0xFFFF, 0xFFFF, 0xEF7E, 0xDF3D, 0xDF1D, 0xDF3D,
  0xDF3D, 0xCEDC, 0xC67B, 0xBE7B, 0xBE5B, 0xC67B, 0xC69C, 0xC69C, 0xC69B, 0xC67B, 0xBE3A, 0xBE3A,
  0xBE5B, 0xB63A, 0xBE5B, 0xBE7B, 0xC69C, 0xC67B, 0xBE7B, 0xBE5B, 0xBE5B, 0xAE1A, 0xA5B9, 0xA5D9,
  0xADFA, 0xB61A, 0xB63A, 0xB63B, 0xB63B, 0xBE5B, 0xBE5B, 0xBE7C, 0xBE5C, 0xA5DA, 0xA5BA, 0x9578,
  0x9558, 0x9558, 0x9558, 0x9558, 0x8CF7, 0x7454, 0x6C13, 0x7C75, 0x84D6, 0x8CF6, 0x8CF6, 0x8CF6,
  0x9537, 0x9557, 0x9D78, 0x9D78, 0xA5B9, 0xADD9, 0xADD9, 0xADD9, 0xB5FA, 0xA5B9, 0x9536, 0x9D77,
  0xA578, 0xA5B8, 0xADF9, 0xBE3A, 0xC67B, 0xCEBC, 0xDF1D, 0xEF9E, 0xF79E, 0xE75D, 0xE73D, 0xDF1D,
  0xDF1D, 0xE73D, 0xEF7E, 0xF7BF, 0xEF7E, 0xF7BF, 0xFFDF, 0xFFDF, 0xFFDF, 0xF7BF, 0xF79E, 0xF7BF,
  0xFFDF, 0xF7BF, 0xF79E, 0xEF9E, 0xEF9E, 0xEF9E, 0xF7DF, 0xEFBE, 0xEFBE, 0xEFBE, 0xEFBE, 0xEF9E,
  0xE77E, 0xE77E, 0xE77D, 0xE77D, 0xDF5D, 0xDF5D, 0xD71C, 0xDF3D, 0xE77D, 0xDF7D, 0xDF7D, 0xE77E,
  0xD71C, 0xD71C, 0xDF5D, 0xDF5D, 0xDF7D, 0xDF5D, 0xD73D, 0xD75D, 0xDF7D, 0xDF7D, 0xDF5D, 0xDF5D,
  0xD75D, 0xD75D, 0xD75D, 0xD75D, 0xDF7D, 0xDF9E, 0xDF7D, 0xDF7D, 0xE7BE, 0xEFFF, 0xEFFF, 0xEFFF,
  0xE7DF, 0xEFFF, 0xE7DF, 0xEFFF, 0xEFDF, 0xE7DF, 0xEFFF, 0xE7DF, 0xE7DF, 0xDF9E, 0xE7BE, 0xE7DF,
  0xEFFF, 0xEFDF, 0xE7DF, 0xEFFF, 0xE7DF, 0xEFFF, 0xEFFF, 0xEFFF, 0xEFFF, 0xEFFF, 0xEFFF, 0xEFFF,
  0xEFFF, 0xEFFF, 0xEFFF, 0xEFFF, 0xEFFF, 0xEFDF, 0xEFFF, 0xEFFF, 0xEFFF, 0xEFFF, 0xEFFF, 0xEFFF,
  0xEFFF, 0xEFFF, 0xEFFF, 0xEFFF, 0xEFFF, 0xEFFF, 0xEFFF, 0xEFFF, 0xEFFF, 0xEFFF, 0xEFFF, 0xEFFF,
  0xEFFF, 0xEFFF, 0xEFFF, 0xEFFF, 0xEFFF, 0xF7FF, 0xF7FF, 0xF7FF, 0xF7FF, 0xEFFF, 0xEFFF, 0xF7FF,
  0xF7FF, 0xF7FF, 0xF7FF, 0xF7FF, 0xF7FF, 0xF7FF, 0xF7FF, 0xF7FF, 0xF7FF, 0xF7FF, 0xF7FF, 0xFFFF,
  0xF7FF, 0xF7DF, 0xF7DF, 0xF7BF, 0xEF7E, 0xE75E, 0xDF3E, 0xE75E, 0xE75E, 0xE75E, 0xDF3D, 0xD6FD,
  0xD6DC, 0xD6DC, 0xD6FC, 0xDF1D, 0xD6FD, 0xCEBC, 0xCE9C, 0xC69B, 0xC67B, 0xC67B, 0xC67B, 0xC67B,
  0xCE9C, 0xCEDC, 0xCEBC, 0xC67B, 0xBE7B, 0xBE7B, 0xC69C, 0xBE5B, 0xB61A, 0xAE1A, 0xADFA, 0xB61A,
  0xB61A, 0xB65B, 0xB65B, 0xB63B, 0xB63B, 0xB65C, 0xA5DA, 0x9DBA, 0x9578, 0x9558, 0x9558, 0x9558,
  0x9558, 0x8D17, 0x7C95, 0x7C75, 0x84B5, 0x8CD6, 0x8D17, 0x8D17, 0x9537, 0x9537, 0x9D78, 0xA5B9,
  0xADD9, 0xADD9, 0xADD9, 0xB5FA, 0xB61A, 0xB63A, 0xBE3A, 0xB61A, 0xBE3A, 0xBE5A, 0xC69B, 0xCEBC,
  0xCEBC, 0xCEDC, 0xD6DC, 0xDF3D, 0xE75D, 0xE75E, 0xDF1D, 0xDF1D, 0xE73D, 0xEF9F, 0xEF9F, 0xEF9E,
  0xF7BF, 0xF7BF, 0xFFDF, 0xF7BF, 0xFFDF, 0xFFDF, 0xF7DF, 0xFFDF, 0xFFDF, 0xFFDF, 0xF7BE, 0xF79E,
  0xEF9E, 0xF7BE, 0xF7BE, 0xF7FF, 0xF7DF, 0xEFBF, 0xF7DF, 0xF7FF, 0xEFDF, 0xEFDF, 0xE79E, 0xE77E,
  0xE77E, 0xE77E, 0xDF3C, 0xDF5D, 0xDF7D, 0xDF7D, 0xDF3D, 0xD73C, 0xDF5D, 0xD73C, 0xDF5D, 0xE79E,
  0xEFDF, 0xEFDF, 0xE79E, 0xDF7D, 0xDF5D, 0xDF7D, 0xDF7D, 0xDF7D, 0xE7BE, 0xDF7D, 0xDF9E, 0xDF7D,
  0xDF7D, 0xDF7E, 0xE7BE, 0xE7DF, 0xDF9E, 0xE7DF, 0xEFFF, 0xEFFF, 0xEFDF, 0xEFFF, 0xEFFF, 0xEFFF,
  0xEFFF, 0xEFFF, 0xEFFF, 0xEFFF, 0xE7DF, 0xE7DF, 0xE7BE, 0xE7BE, 0xE7DF, 0xEFFF, 0xEFFF, 0xEFDF,
  0xEFDF, 0xEFDF, 0xEFFF, 0xEFFF, 0xEFFF, 0xEFFF, 0xEFFF, 0xEFFF, 0xEFFF, 0xEFDF, 0xEFDF, 0xEFFF,
  0xEFDF, 0xEFFF, 0xEFFF, 0xEFFF, 0xEFFF, 0xEFFF, 0xEFFF, 0xEFFF, 0xEFFF, 0xEFFF, 0xEFFF, 0xEFFF,
  0xEFFF, 0xEFFF, 0xEFFF, 0xEFFF, 0xEFFF, 0xEFFF, 0xEFFF, 0xEFFF, 0xEFFF, 0xEFFF, 0xEFFF, 0xEFFF,
  0xEFFF, 0xEFFF, 0xEFFF, 0xF7FF, 0xEFFF, 0xEFFF, 0xEFFF, 0xEFFF, 0xF7FF, 0xF7FF, 0xF7FF, 0xF7FF,
  0xF7FF, 0xF7FF, 0xF7FF, 0xF7FF, 0xF7FF, 0xEF9F, 0xE79E, 0xF7DF, 0xEF9F, 0xDF3D, 0xDF1D, 0xDF1D,
  0xE75E, 0xE75E, 0xE75E, 0xE75E, 0xEF7E, 0xEF9F, 0xEF9E, 0xE75E, 0xDF3D, 0xDF1D, 0xDF3D, 0xDF3D,
  0xE75E, 0xE75E, 0xDF1D, 0xD6FC, 0xD6FC, 0xCEBC, 0xC67B, 0xC69B, 0xC67B, 0xCEBC, 0xCEDC, 0xD6DC,
  0xCEBC, 0xC69B, 0xC69C, 0xC6BC, 0xC69C, 0xBE7B, 0xBE5B, 0xBE3B, 0xB63B, 0xB63B, 0xB65B, 0xB63B,
  0xB61B, 0xB63B, 0xB63B, 0xA5DA, 0xA5BA, 0x9D99, 0x9578, 0x9558, 0x9558, 0x9558, 0x9518, 0x9538,
  0x9558, 0x9558, 0x8D17, 0x8D17, 0x9537, 0x9537, 0x9D57, 0x9D78, 0xADD9, 0xB5FA, 0xB5FA, 0xB61A,
  0xBE5B, 0xBE5B, 0xBE5B, 0xBE5B, 0xC67B, 0xCEBB, 0xCEBC, 0xD6DC, 0xD6FD, 0xD6FD, 0xDEFD, 0xDF1D,
  0xE75E, 0xE75E, 0xE75E, 0xE75E, 0xE75E, 0xE75E, 0xE75E, 0xE77E, 0xEF7E, 0xEF7E, 0xF7BF, 0xF7BF,
  0xF79E, 0xF79E, 0xF7BE, 0xF7BF, 0xFFDF, 0xF7DF, 0xF7BE, 0xF7BF, 0xF7BE, 0xF7BE, 0xF7BE, 0xEF9E,
  0xF7DF, 0xF7DF, 0xF7DF, 0xF7FF, 0xF7FF, 0xEFDF, 0xEFBE, 0xE77D, 0xDF5D, 0xDF5D, 0xDF5D, 0xDF5D,
  0xDF7D, 0xDF5D, 0xDF5D, 0xD73C, 0xD71C, 0xDF5D, 0xDF3C, 0xE79E, 0xE77D, 0xDF7D, 0xE79E, 0xDF7E,
  0xDF7D, 0xDF7D, 0xDF5D, 0xDF7D, 0xDF9E, 0xDF9E, 0xDF9E, 0xDF9E, 0xDF9E, 0xE7BE, 0xE7BF, 0xDF9E,
  0xE7DF, 0xE7DF, 0xEFFF, 0xEFFF, 0xEFFF, 0xEFDF, 0xEFDF, 0xEFFF, 0xEFFF, 0xE7DF, 0xEFFF, 0xEFFF,
  0xE7DF, 0xEFFF, 0xEFFF, 0xE7DF, 0xE79E, 0xE7BF, 0xE7DF, 0xEFFF, 0xE7DF, 0xE7BF, 0xE7BF, 0xEFDF,
  0xEFFF, 0xEFFF, 0xEFFF, 0xEFFF, 0xEFFF, 0xE7DF, 0xE7DF, 0xEFDF, 0xEFFF, 0xE7DF, 0xEFFF, 0xEFFF,
  0xEFFF, 0xEFFF, 0xEFFF, 0xEFFF, 0xEFFF, 0xEFFF, 0xEFFF, 0xEFFF, 0xEFFF, 0xEFFF, 0xEFFF, 0xEFFF,
  0xEFFF, 0xEFFF, 0xEFFF, 0xEFFF, 0xEFFF, 0xF7FF, 0xEFFF, 0xEFFF, 0xEFFF, 0xF7FF, 0xEFFF, 0xF7FF,
  0xEFFF, 0xF7FF, 0xF7FF, 0xEFFF, 0xEFFF, 0xEFFF, 0xF7FF, 0xF7FF, 0xF7FF, 0xF7FF, 0xF7FF, 0xF7FF,
  0xF7FF, 0xEFBF, 0xDF3D, 0xDF3D, 0xDF3D, 0xD71D, 0xD71D, 0xDF3E, 0xE77E, 0xE77E, 0xE77E, 0xE77E,
  0xEF7E, 0xEF9F, 0xF7BF, 0xF7BF, 0xEF9F, 0xEF9E, 0xEF7E, 0xEF7E, 0xEF7E, 0xEF7E, 0xE77E, 0xE73D,
  0xDF1D, 0xDF1D, 0xDEFD, 0xCEBC, 0xC69B, 0xCEBC, 0xCEBC, 0xCEBC, 0xCEBC, 0xCEBC, 0xCEBC, 0xCEBC,
  0xC6BC, 0xC69C, 0xC69C, 0xC67B, 0xBE5B, 0xBE7C, 0xBE5B, 0xB65B, 0xB61B, 0xADFB, 0xAE1B, 0xAE1B,
  0xA5DA, 0xA5BA, 0x9D99, 0x9578, 0x9558, 0x9558, 0x9558, 0x9558, 0x9558, 0x9D78, 0x9D78, 0x9D78,
  0x9537, 0x9537, 0x9537, 0x9D57, 0x9D77, 0xADB9, 0xADF9, 0xB5F9, 0xB61A, 0xB63A, 0xBE5B, 0xC67B,
  0xC67B, 0xCE9B, 0xCEDC, 0xD6DC, 0xD6FD, 0xDF3D, 0xDF1D, 0xDF3D, 0xE75E, 0xE75E, 0xE75E, 0xE75E,
  0xE75E, 0xE75E, 0xE75E, 0xE73D, 0xDF1D, 0xDF3D, 0xE73D, 0xF79F, 0xF7BE, 0xF79E, 0xEF7E, 0xEF9E,
  0xF7BF, 0xFFDF, 0xF7BE, 0xF79E, 0xF7BE, 0xF79E, 0xF7BF, 0xF7BE, 0xEF7E, 0xF7DF, 0xF7FF, 0xF7DF,
  0xF7DF, 0xF7DF, 0xEFDF, 0xE79E, 0xD71C, 0xD6DB, 0xDF3C, 0xDF5D, 0xDF5D, 0xDF3D, 0xDF5D, 0xDF3D,
  0xD73C, 0xD71C, 0xDF5D, 0xDF5D, 0xE79E, 0xE79E, 0xE79E, 0xE77E, 0xD73C, 0xD73C, 0xD75D, 0xD75D,
  0xDF7E, 0xDF9E, 0xE7BE, 0xDF9E, 0xE7BE, 0xE7DF, 0xE7DF, 0xDF9E, 0xE7BE, 0xE7DF, 0xEFFF, 0xEFFF,
  0xEFFF, 0xEFFF, 0xEFFF, 0xEFDF, 0xEFFF, 0xEFFF, 0xEFFF, 0xEFFF, 0xEFFF, 0xEFFF, 0xE7DF, 0xE7DF,
  0xEFDF, 0xE79E, 0xDF7E, 0xE7DF, 0xEFFF, 0xEFFF, 0xE7DF, 0xE7BF, 0xEFFF, 0xEFFF, 0xEFFF, 0xEFFF,
  0xEFFF, 0xEFFF, 0xE7DF, 0xEFDF, 0xEFDF, 0xEFFF, 0xEFDF, 0xEFFF, 0xEFFF, 0xEFFF, 0xEFFF, 0xEFFF,
  0xEFFF, 0xEFFF, 0xEFFF, 0xEFFF, 0xEFFF, 0xEFFF, 0xEFFF, 0xEFFF, 0xEFFF, 0xEFFF, 0xEFFF, 0xEFFF,
  0xEFFF, 0xEFFF, 0xEFFF, 0xEFFF, 0xEFFF, 0xEFFF, 0xEFFF, 0xEFFF, 0xF7FF, 0xEFFF, 0xF7FF, 0xEFFF,
  0xEFFF, 0xEFFF, 0xEFFF, 0xF7FF, 0xF7FF, 0xF7FF, 0xF7FF, 0xF7FF, 0xF7FF, 0xEFDF, 0xDF5E, 0xD71D,
  0xD71D, 0xD6FD, 0xDF1D, 0xDF3E, 0xDF5E, 0xDF5E, 0xE77E, 0xEF9F, 0xEF9F, 0xEF9F, 0xF7BF, 0xF7BF,
  0xF7BF, 0xF79F, 0xEF9E, 0xEF9E, 0xEF7E, 0xEF7E, 0xEF9E, 0xEF7E, 0xE75E, 0xDF3D, 0xDF1D, 0xDEFD,
  0xD6DC, 0xCEBC, 0xCEDC, 0xCEBC, 0xCEBC, 0xCEBC, 0xCEBC, 0xC6BC, 0xC6BC, 0xC69C, 0xC69C, 0xC69C,
  0xC69C, 0xC69C, 0xC67C, 0xBE7C, 0xB65B, 0xB63B, 0xADFA, 0xAE1B, 0xAE1B, 0x9D99, 0xA5BA, 0xA5DA,
  0xA5BA, 0x9D99, 0x9D99, 0x9D79, 0x9558, 0x9558, 0x9558, 0x9538, 0x9538, 0x9537, 0x9537, 0x9537,
  0x9D58, 0x9D78, 0xA598, 0xADB9, 0xADD9, 0xADF9, 0xB5FA, 0xB61A, 0xBE5B, 0xC69B, 0xC69B, 0xCEBC,
  0xD6DC, 0xD6FD, 0xDF3D, 0xE73E, 0xE75E, 0xE75E, 0xEF7E, 0xE77E, 0xE75E, 0xE75E, 0xE75E, 0xE75E,
  0xE75E, 0xE75E, 0xE75D, 0xDF3D, 0xEF7E, 0xF79E, 0xF79E, 0xF79E, 0xF79E, 0xF7DF, 0xFFDF, 0xFFDF,
  0xF7BE, 0xEF9E, 0xF7BE, 0xF7BF, 0xF7BF, 0xF7BF, 0xF7DF, 0xF7FF, 0xF7DF, 0xEFBE, 0xEFDF, 0xEFDF,
  0xEFBF, 0xDF5D, 0xD6FC, 0xE77D, 0xE79E, 0xDF7D, 0xDF5D, 0xE77D, 0xDF7D, 0xDF5D, 0xDF5D, 0xDF7D,
  0xDF3D, 0xDF7D, 0xDF9E, 0xDF7D, 0xDF5D, 0xD73D, 0xD71C, 0xDF7E, 0xE7BE, 0xDF9E, 0xE7BF, 0xDF9E,
  0xE79E, 0xDF9E, 0xE7BF, 0xE7BF, 0xE7BE, 0xE7DF, 0xE7DF, 0xE7DF, 0xEFFF, 0xEFFF, 0xEFFF, 0xEFFF,
  0xEFDF, 0xEFFF, 0xE7DF, 0xE7DF, 0xE7DF, 0xEFFF, 0xEFFF, 0xE7FF, 0xEFFF, 0xEFDF, 0xE7BF, 0xE7BE,
  0xEFDF, 0xEFFF, 0xEFFF, 0xEFFF, 0xEFFF, 0xEFFF, 0xEFFF, 0xEFFF, 0xEFDF, 0xEFFF, 0xEFFF, 0xEFFF,
  0xE7DF, 0xEFFF, 0xEFFF, 0xEFFF, 0xEFFF, 0xEFFF, 0xEFFF, 0xEFFF, 0xEFFF, 0xEFFF, 0xEFFF, 0xEFFF,
  0xEFFF, 0xEFFF, 0xEFFF, 0xEFFF, 0xEFFF, 0xEFFF, 0xEFFF, 0xEFFF, 0xEFFF, 0xEFFF, 0xEFFF, 0xEFFF,
  0xEFFF, 0xEFFF, 0xEFFF, 0xEFFF, 0xEFFF, 0xEFFF, 0xEFFF, 0xEFDF, 0xEFDF, 0xEFDF, 0xEFDF, 0xEFFF,
  0xEFDF, 0xEFBF, 0xE79E, 0xEFDF, 0xEFDF, 0xEFBF, 0xDF3E, 0xD71D, 0xD71E, 0xD71E, 0xD71D, 0xDF1E,
  0xDF3E, 0xDF3E, 0xE75E, 0xE75E, 0xEF7F, 0xEF9F, 0xF7BF, 0xF7DF, 0xF7DF, 0xF7BF, 0xF7BF, 0xF79F,
  0xEF9E, 0xEF9E, 0xEF7E, 0xEF7E, 0xEF7E, 0xE75E, 0xE73D, 0xDF1D, 0xD6FD, 0xD6DC, 0xD6DC, 0xCEDC,
  0xCEBC, 0xCEBC, 0xCEBC, 0xC69C, 0xBE7B, 0xBE7B, 0xBE7B, 0xC67B, 0xC69C, 0xC67C, 0xC67B, 0xC67C,
  0xBE7C, 0xBE7C, 0xB61B, 0xADFA, 0xAE1B, 0xAE1B, 0x9D79, 0xA5BA, 0xAE1B, 0xADFA, 0xADDA, 0xA5DA,
  0xADDA, 0xA5B9, 0x9D79, 0x9D99, 0x9538, 0x9537, 0x9558, 0x9D58, 0x9537, 0x9537, 0x9D57, 0x9D77,
  0x9D78, 0x9D78, 0x9D78, 0x9D98, 0xA5B9, 0xB5FA, 0xBE5B, 0xC69B, 0xCEBC, 0xD6DC, 0xD6FD, 0xDF3D,
  0xE75E, 0xE75E, 0xEF7E, 0xEF5E, 0xE75E, 0xE73D, 0xEF7E, 0xEF7E, 0xE75E, 0xE77E, 0xE75E, 0xE75E,
  0xE75D, 0xEF7E, 0xF79E, 0xF7BE, 0xEF9E, 0xEF9E, 0xF7BE, 0xFFDF, 0xFFDF, 0xF7DF, 0xF7BF, 0xF7BF,
  0xF7DF, 0xF7DF, 0xF7DF, 0xF7DF, 0xF7BF, 0xEFBF, 0xEFBF, 0xEFBE, 0xEFBE, 0xEFBF, 0xEFBF, 0xE77E,
  0xE79E, 0xE79E, 0xE79E, 0xE77E, 0xDF3D, 0xD73C, 0xDF5D, 0xDF7D, 0xDF5D, 0xD71C, 0xDF5D, 0xDF7D,
  0xDF7D, 0xDF5D, 0xD73C, 0xD71C, 0xE7BE, 0xEFFF, 0xE7DF, 0xE7BF, 0xDF9E, 0xDF9E, 0xDF7E, 0xDF9E,
  0xE7DF, 0xE7DF, 0xE7BE, 0xE7DF, 0xE7BF, 0xE7DF, 0xE7DF, 0xE7DF, 0xEFFF, 0xE7DF, 0xE7DF, 0xEFFF,
  0xEFFF, 0xE7DF, 0xEFFF, 0xEFFF, 0xEFFF, 0xEFFF, 0xE7DF, 0xE79E, 0xE7BE, 0xEFDF, 0xEFFF, 0xEFFF,
  0xEFFF, 0xEFFF, 0xEFFF, 0xEFFF, 0xEFDF, 0xEFFF, 0xEFFF, 0xEFFF, 0xEFFF, 0xEFFF, 0xEFFF, 0xEFFF,
  0xEFFF, 0xEFFF, 0xEFFF, 0xEFFF, 0xEFFF, 0xEFFF, 0xEFFF, 0xEFFF, 0xEFFF, 0xEFFF, 0xEFFF, 0xEFFF,
  0xEFFF, 0xEFFF, 0xEFFF, 0xEFFF, 0xEFFF, 0xEFFF, 0xEFFF, 0xEFFF, 0xEFFF, 0xEFFF, 0xEFFF, 0xEFFF,
  0xEFFF, 0xEFDF, 0xEFDF, 0xEFBF, 0xE7BF, 0xE7BF, 0xE79E, 0xE79F, 0xEFBF, 0xEFBF, 0xE79E, 0xDF5E,
  0xDF5E, 0xE79F, 0xDF5E, 0xD71D, 0xD6FD, 0xD71E, 0xD73E, 0xD73E, 0xDF1E, 0xDF3E, 0xDF5E, 0xE77E,
  0xEF7F, 0xEF7F, 0xEF9F, 0xF7BF, 0xF7BF, 0xF7BF, 0xF7BF, 0xF7BF, 0xEF9F, 0xEF7E, 0xEF7E, 0xEF7E,
  0xE77E, 0xE75E, 0xE75D, 0xE73D, 0xDF1D, 0xDEFD, 0xD6FC, 0xCEDC, 0xCEBC, 0xCEBC, 0xC6BC, 0xC69C,
  0xBE7B, 0xB63B, 0xBE5B, 0xBE5B, 0xBE7B, 0xBE7B, 0xBE7B, 0xBE7B, 0xBE7C, 0xBE7C, 0xBE5C, 0xB63B,
  0xAE1B, 0xAE1B, 0xAE1B, 0x9D79, 0xA5BA, 0xA5DA, 0xA5DA, 0xADDA, 0xADDA, 0xADFA, 0xA5DA, 0x9D99,
  0x9D99, 0xA5B9, 0x9D58, 0x9537, 0x9537, 0x9537, 0x9517, 0x8CF6, 0x8CF6, 0x8D16, 0x9517, 0x8D16,
  0x8D16, 0x9537, 0xA598, 0xB63A, 0xC69B, 0xCEBC, 0xD6DC, 0xDEFD, 0xDF3D, 0xE75E, 0xE75E, 0xEF7E,
  0xE73D, 0xE75E, 0xE75D, 0xEF7E, 0xE75E, 0xE75E, 0xE75E, 0xE75E, 0xE75E, 0xE75E, 0xE75E, 0xEF9E,
  0xEF7E, 0xEF5E, 0xEF7E, 0xEF9E, 0xF7DF, 0xF7DF, 0xEF9E, 0xEF7D, 0xEF9E, 0xEFBE, 0xF7DF, 0xF7DF,
  0xEFBF, 0xEFBE, 0xF7DF, 0xEFBE, 0xE79E, 0xEF9E, 0xEFBF, 0xE79E, 0xE77E, 0xE79E, 0xE79E, 0xE77D,
  0xE79E, 0xE79E, 0xDF5D, 0xDF3D, 0xE79E, 0xE79E, 0xE7BE, 0xE79E, 0xDF7D, 0xDF7D, 0xD73D, 0xD73C,
  0xDF5D, 0xE7DF, 0xE7DF, 0xE7BE, 0xDF9E, 0xDF7D, 0xDF9E, 0xE7BF, 0xE7DF, 0xE7FF, 0xE7DF, 0xDFBE,
  0xE7BE, 0xE7BF, 0xE7BF, 0xE7DF, 0xE7DF, 0xE7BE, 0xE7DF, 0xEFFF, 0xEFFF, 0xE7DF, 0xE7DF, 0xE7DF,
  0xEFFF, 0xEFFF, 0xE7DF, 0xE79E, 0xDF9E, 0xE7DF, 0xEFFF, 0xEFFF, 0xEFFF, 0xEFFF, 0xEFFF, 0xEFFF,
  0xEFFF, 0xEFDF, 0xEFFF, 0xEFFF, 0xEFFF, 0xEFFF, 0xEFFF, 0xEFFF, 0xEFFF, 0xEFFF, 0xEFFF, 0xEFFF,
  0xEFFF, 0xEFFF, 0xEFFF, 0xEFFF, 0xEFFF, 0xEFFF, 0xEFFF, 0xEFFF, 0xEFFF, 0xEFFF, 0xEFFF, 0xEFFF,
  0xEFFF, 0xEFFF, 0xEFFF, 0xEFFF, 0xEFFF, 0xEFFF, 0xEFFF, 0xEFFF, 0xEFFF, 0xEFFF, 0xEFBF, 0xE7BF,
  0xE79E, 0xE79F, 0xE77E, 0xDF7E, 0xDF7E, 0xE77E, 0xE77F, 0xDF5E, 0xD73D, 0xD73D, 0xD73E, 0xD71E,
  0xD71E, 0xD71D, 0xD71E, 0xD73E, 0xDF3E, 0xDF5E, 0xDF5E, 0xE77E, 0xE77F, 0xEF9F, 0xEF9F, 0xEF9F,
  0xF7BF, 0xF7BF, 0xF7BF, 0xF7BF, 0xEF9F, 0xEF7E, 0xE75E, 0xE75E, 0xE75E, 0xE75E, 0xDF3D, 0xDF3D,
  0xDF3E, 0xDF1D, 0xD6FD, 0xD6FD, 0xCEBC, 0xC69B, 0xC69C, 0xBE7B, 0xBE5B, 0xB65B, 0xB63A, 0xB63B,
  0xB65B, 0xBE5B, 0xBE5B, 0xBE5B, 0xBE5B, 0xBE7C, 0xBE5C, 0xB65B, 0xB63B, 0xB63C, 0xAE1B, 0xAE1B,
  0x9D79, 0x9D99, 0xA5BA, 0xA5BA, 0xA5DA, 0xADFB, 0xADFA, 0xADDA, 0xA5B9, 0x9D78, 0x9D99, 0xA5B9,
  0x9D78, 0x9537, 0x9517, 0x8CF6, 0x84D6, 0x84B5, 0x84B5, 0x84D5, 0x84B5, 0x7CB5, 0x84B5, 0x9537,
  0xADD9, 0xB61A, 0xC67B, 0xCEBC, 0xD6FD, 0xDF1D, 0xE75E, 0xE77E, 0xE77E, 0xE73D, 0xE75D, 0xE77E,
  0xE75E, 0xE75E, 0xE73D, 0xE75E, 0xE77E, 0xE77E, 0xE75E, 0xDF3D, 0xE75E, 0xE75E, 0xE73E, 0xD6FD,
  0xDF3D, 0xEF7E, 0xF7BF, 0xF79E, 0xE75D, 0xEF7E, 0xF7DF, 0xF7DF, 0xEFBE, 0xEF9E, 0xEF9E, 0xEF9E,
  0xEFBE, 0xEFBE, 0xEF9E, 0xEFBF, 0xEFBF, 0xE79E, 0xE79E, 0xE79E, 0xDF5D, 0xE79E, 0xE79E, 0xE7BE,
  0xEFBE, 0xE79E, 0xE79E, 0xE79E, 0xDF9D, 0xDF9E, 0xDF7E, 0xDF5D, 0xDF7D, 0xDF9E, 0xE7BE, 0xE7BE,
  0xDF9E, 0xDF7E, 0xDF9E, 0xE7BF, 0xE7FF, 0xE7FF, 0xE7FF, 0xE7FF, 0xE7DF, 0xEFFF, 0xE7DF, 0xE7DF,
  0xE7DF, 0xEFFF, 0xDF9E, 0xE7BF, 0xEFFF, 0xEFFF, 0xEFFF, 0xEFFF, 0xE7DF, 0xEFFF, 0xEFFF, 0xEFFF,
  0xEFFF, 0xEFFF, 0xEFFF, 0xEFFF, 0xEFFF, 0xEFFF, 0xEFFF, 0xEFFF, 0xE7DF, 0xEFFF, 0xEFFF, 0xEFFF,
  0xEFFF, 0xEFFF, 0xEFFF, 0xEFFF, 0xEFFF, 0xEFFF, 0xEFFF, 0xEFFF, 0xEFFF, 0xEFFF, 0xEFFF, 0xEFFF,
  0xEFFF, 0xEFFF, 0xEFFF, 0xF7FF, 0xEFFF, 0xEFFF, 0xEFFF, 0xEFFF, 0xEFFF, 0xEFFF, 0xEFFF, 0xEFFF,
  0xEFFF, 0xEFFF, 0xEFFF, 0xEFFF, 0xEFFF, 0xEFFF, 0xEFFF, 0xEFDF, 0xEFBF, 0xE79F, 0xE77E, 0xE79F,
  0xE77E, 0xDF7E, 0xDF7E, 0xDF5E, 0xD73E, 0xD73E, 0xD73E, 0xD73E, 0xD71E, 0xD71E, 0xD71E, 0xD73E,
  0xD73E, 0xDF3E, 0xDF3E, 0xE75E, 0xE75E, 0xE77E, 0xE75E, 0xE77F, 0xE77F, 0xE77E, 0xEF9F, 0xEFBF,
  0xEFBF, 0xEF9E, 0xE75E, 0xE73E, 0xDF3D, 0xDF1D, 0xDF1D, 0xDF3D, 0xDF1D, 0xDF1D, 0xD6FD, 0xCEBC,
  0xCEBC, 0xC69C, 0xBE5B, 0xB63B, 0xB63A, 0xAE1A, 0xAE1A, 0xADFA, 0xAE1A, 0xB63B, 0xB63B, 0xB63B,
  0xB63B, 0xBE5B, 0xBE5C, 0xBE5C, 0xB61B, 0xB63B, 0xB63C, 0xAE1B, 0xADFB, 0x8D38, 0x9558, 0x9D79,
  0x9D99, 0xA5B9, 0xADFA, 0xADFA, 0xADFA, 0xA5DA, 0x9D78, 0x9558, 0x9D78, 0x9558, 0x8CF6, 0x8495,
  0x7C74, 0x7C74, 0x7C74, 0x7454, 0x7C74, 0x7474, 0x7454, 0x7474, 0x84B5, 0x9557, 0xADD9, 0xBE3A,
  0xC67B, 0xD6DC, 0xDF1D, 0xE75E, 0xE75E, 0xE75E, 0xE75D, 0xE75E, 0xE77E, 0xE75E, 0xDF1D, 0xDF1D,
  0xE73D, 0xE75E, 0xE75E, 0xDF3D, 0xDF1D, 0xDF1D, 0xD71D, 0xD6FD, 0xD6DC, 0xD6FC, 0xDF3D, 0xEF5E,
  0xF79E, 0xE75D, 0xEF9E, 0xF7DF, 0xF7DF, 0xF7DF, 0xEF9E, 0xEF9E, 0xEF9E, 0xEFBE, 0xEFBE, 0xEF9E,
  0xEFBF, 0xEFDF, 0xEFBE, 0xE7BE, 0xDF5D, 0xDF7D, 0xE79E, 0xEFDF, 0xEFDF, 0xEFDF, 0xEFDF, 0xE77D,
  0xDF7D, 0xDF5D, 0xDF7D, 0xDF7D, 0xDF7D, 0xDF7D, 0xDF9E, 0xE7BE, 0xE7DF, 0xE7BF, 0xDF9E, 0xE7BF,
  0xE7DF, 0xE7DF, 0xE7DF, 0xE7FF, 0xE7DF, 0xE7FF, 0xE7DF, 0xE7DF, 0xE7DF, 0xE7DF, 0xE7BF, 0xE7BE,
  0xE7BE, 0xEFFF, 0xEFFF, 0xEFFF, 0xEFFF, 0xEFFF, 0xEFFF, 0xEFFF, 0xEFFF, 0xEFFF, 0xEFFF, 0xEFFF,
  0xEFFF, 0xEFFF, 0xEFFF, 0xEFFF, 0xEFFF, 0xE7DF, 0xEFDF, 0xE7DF, 0xEFDF, 0xEFFF, 0xEFFF, 0xEFFF,
  0xEFFF, 0xEFFF, 0xEFFF, 0xEFFF, 0xEFFF, 0xEFFF, 0xEFFF, 0xEFFF, 0xEFFF, 0xEFFF, 0xEFFF, 0xEFFF,
  0xEFFF, 0xEFFF, 0xEFFF, 0xEFFF, 0xEFFF, 0xEFFF, 0xEFFF, 0xEFFF, 0xEFFF, 0xEFFF, 0xEFFF, 0xEFFF,
  0xEFFF, 0xEFFF, 0xEFFF, 0xEFFF, 0xEFFF, 0xEFDF, 0xE79F, 0xE79E, 0xE7BF, 0xE79E, 0xDF7E, 0xE77E,
  0xE77E, 0xDF5E, 0xDF5E, 0xD73E, 0xD71E, 0xD73E, 0xD73E, 0xD71E, 0xD73E, 0xD73E, 0xD73E, 0xDF3E,
  0xDF3E, 0xDF3E, 0xDF1D, 0xD6FD, 0xDF5E, 0xDF3E, 0xDF3E, 0xDF5E, 0xE77E, 0xE77E, 0xE75E, 0xDF3E,
  0xDF1D, 0xD6FD, 0xD6FD, 0xD6FD, 0xDF1D, 0xD71D, 0xD71D, 0xCEBC, 0xBE5B, 0xBE7B, 0xB63A, 0xADDA,
  0xA5D9, 0x9DB9, 0x9DB9, 0xA5B9, 0xA5B9, 0xA5FA, 0xADFB, 0xAE1B, 0xAE1B, 0xB63B, 0xB63B, 0xB65C,
  0xB63B, 0xAE1B, 0xB63B, 0xB63B, 0xADFB, 0xADFB, 0x8D37, 0x9558, 0x9D78, 0x9D99, 0xA5B9, 0xA5B9,
  0x9D99, 0x9D99, 0x9D99, 0x9D99, 0x9558, 0x8D37, 0x8D17, 0x84B5, 0x7433, 0x6BF2, 0x6BF2, 0x6BF2,
  0x6BF3, 0x6C13, 0x6C33, 0x6C13, 0x6C34, 0x7C95, 0x8D16, 0x9D98, 0xADF9, 0xBE3A, 0xCEBC, 0xD6DC,
  0xDF3E, 0xDF3E, 0xE75D, 0xE75D, 0xE75E, 0xE75E, 0xE77E, 0xDF3D, 0xE73E, 0xE73E, 0xE73E, 0xDF1D,
  0xDF1D, 0xDF1D, 0xDF1D, 0xD6DC, 0xCEDC, 0xCEDC, 0xDF1D, 0xDF1D, 0xE75D, 0xEF9E, 0xF7BE, 0xF7BF,
  0xF7DF, 0xF7BF, 0xEFBE, 0xE77D, 0xE75D, 0xE75D, 0xDF3D, 0xE79E, 0xEFBF, 0xEFDF, 0xEFDF, 0xEFBE,
  0xEFBF, 0xE79E, 0xEFBF, 0xEFBF, 0xEFDF, 0xEFDF, 0xEFDF, 0xEFDF, 0xE79E, 0xDF5D, 0xDF5D, 0xDF7D,
  0xE7BE, 0xE7BE, 0xE7BF, 0xDF9E, 0xDF9E, 0xE79E, 0xDF9E, 0xE7BF, 0xE7BF, 0xE7DF, 0xE7DF, 0xE7BF,
  0xE7DF, 0xE7DF, 0xE7DF, 0xE7FF, 0xE7DF, 0xE7DF, 0xEFFF, 0xE7DF, 0xEFDF, 0xEFFF, 0xEFFF, 0xEFFF,
  0xEFFF, 0xEFFF, 0xE7DF, 0xEFFF, 0xEFFF, 0xEFFF, 0xEFFF, 0xEFFF, 0xEFFF, 0xEFFF, 0xEFFF, 0xEFFF,
  0xE7BE, 0xE79E, 0xE7BE, 0xEFFF, 0xEFDF, 0xEFFF, 0xEFFF, 0xEFFF, 0xEFFF, 0xEFFF, 0xEFFF, 0xEFFF,
  0xEFFF, 0xEFFF, 0xEFFF, 0xEFFF, 0xEFFF, 0xEFFF, 0xF7FF, 0xEFFF, 0xEFFF, 0xEFFF, 0xEFFF, 0xEFFF,
  0xEFFF, 0xEFFF, 0xEFFF, 0xEFFF, 0xEFFF, 0xEFFF, 0xEFFF, 0xEFFF, 0xEFFF, 0xEFFF, 0xEFFF, 0xEFFF,
  0xEFFF, 0xEFFF, 0xEFFF, 0xEFDF, 0xEFDF, 0xEFDF, 0xE7BF, 0xE79F, 0xEFDF, 0xEFBF, 0xE77E, 0xDF5E,
  0xDF5E, 0xD75E, 0xD73E, 0xD73D, 0xD73E, 0xD73E, 0xD73E, 0xD73E, 0xD71E, 0xD6FD, 0xD6FD, 0xCEDD,
  0xCEBC, 0xD6FD, 0xCEFD, 0xCEDD, 0xCEDD, 0xCEFD, 0xD6FE, 0xD71E, 0xCEDD, 0xC6DD, 0xCEDC, 0xCEDD,
  0xCEDC, 0xD6FD, 0xD6FD, 0xD6FD, 0xC6BC, 0xB61A, 0xADFA, 0x9D99, 0x9D79, 0x9559, 0x9558, 0x9558,
  0x9579, 0x9579, 0x9D79, 0x9D99, 0xA5BA, 0xADFA, 0xAE1B, 0xAE1B, 0xB63B, 0xAE1B, 0xAE1B, 0xAE1B,
  0xAE1B, 0xA5FA, 0xADFB, 0x8D37, 0x9558, 0x9558, 0x9D78, 0x9558, 0x9537, 0x9537, 0x8D17, 0x9517,
  0x9537, 0x84F6, 0x84F6, 0x84D6, 0x7C95, 0x6C33, 0x63D2, 0x63D2, 0x63D2, 0x63F2, 0x63F3, 0x63F3,
  0x63F3, 0x6C13, 0x6C34, 0x7474, 0x8CD6, 0x9D78, 0xADF9, 0xBE5B, 0xCE9C, 0xD6FD, 0xD71D, 0xDF3D,
  0xE75D, 0xE75E, 0xE75E, 0xDF5E, 0xDF3E, 0xDF3E, 0xDF1D, 0xDF1D, 0xDF1D, 0xDF1D, 0xD6FD, 0xD71D,
  0xCEDC, 0xCEBC, 0xCEDC, 0xD6FC, 0xD6FC, 0xDF3D, 0xEF7E, 0xF7BF, 0xF7BF, 0xF7BF, 0xEFBF, 0xEF7E,
  0xE75D, 0xE75D, 0xE75D, 0xE79E, 0xE79E, 0xEFDF, 0xEFDF, 0xEFDF, 0xEFBE, 0xEFDF, 0xEFDF, 0xE7BE,
  0xEFDF, 0xEFDF, 0xEFBE, 0xEFDF, 0xEFFF, 0xEFDF, 0xDF7D, 0xE79E, 0xE7BF, 0xE7DF, 0xE7BE, 0xDF9E,
  0xE7BE, 0xDF7D, 0xE7BF, 0xE7BF, 0xDF7E, 0xDF9E, 0xE7BF, 0xDF9E, 0xE7BF, 0xE7DF, 0xE7FF, 0xDFBE,
  0xE7FF, 0xEFFF, 0xEFFF, 0xEFFF, 0xE7DF, 0xE7DF, 0xEFFF, 0xEFFF, 0xEFFF, 0xEFFF, 0xE7DF, 0xE7BF,
  0xE79E, 0xE7DF, 0xEFFF, 0xEFFF, 0xEFFF, 0xEFFF, 0xEFFF, 0xEFFF, 0xE7DF, 0xE79E, 0xE7BF, 0xEFDF,
  0xEFFF, 0xEFDF, 0xEFFF, 0xEFFF, 0xEFFF, 0xEFFF, 0xEFFF, 0xEFFF, 0xEFFF, 0xEFDF, 0xEFDF, 0xEFFF,
  0xEFFF, 0xEFFF, 0xEFFF, 0xEFFF, 0xEFFF, 0xEFFF, 0xEFFF, 0xEFFF, 0xEFFF, 0xEFFF, 0xEFFF, 0xEFFF,
  0xEFFF, 0xEFFF, 0xEFFF, 0xEFFF, 0xEFFF, 0xEFFF, 0xEFFF, 0xEFFF, 0xEFFF, 0xEFFF, 0xEFFF, 0xEFFF,
  0xEFFF, 0xEFFF, 0xEFDF, 0xEFDF, 0xEFBF, 0xF7FF, 0xEFDF, 0xEF9F, 0xE77E, 0xE77E, 0xDF7E, 0xDF5E,
  0xD73D, 0xDF3E, 0xD73E, 0xD73E, 0xD71E, 0xD71D, 0xCEDD, 0xC6BC, 0xC69C, 0xC69C, 0xC69C, 0xBE7C,
  0xBE7C, 0xBE5C, 0xBE7C, 0xBE7C, 0xBE7C, 0xB65B, 0xB65B, 0xBE9C, 0xC69C, 0xC69C, 0xC69C, 0xC69C,
  0xC69C, 0xBE7C, 0xADFA, 0xA5BA, 0x9579, 0x9559, 0x8D38, 0x8D38, 0x8D38, 0x8D18, 0x8D18, 0x8D38,
  0x9559, 0x9D99, 0xA5DA, 0xA5DA, 0xADFB, 0xADFB, 0xADFB, 0xAE1B, 0xADFB, 0xA5FB, 0xA5DA, 0xA5DA,
  0x8D17, 0x8D17, 0x8D38, 0x8D17, 0x8CF6, 0x8CF6, 0x84D6, 0x8CF6, 0x9517, 0x8D17, 0x84D6, 0x84B6,
  0x84B5, 0x84B5, 0x7433, 0x6C13, 0x63F3, 0x63D2, 0x63D2, 0x5BB2, 0x63D2, 0x63D2, 0x6C13, 0x6C13,
  0x6C33, 0x7454, 0x8CF6, 0x9D78, 0xADF9, 0xBE3A, 0xC69C, 0xCEDC, 0xD6FC, 0xDF5E, 0xE75E, 0xDF3E,
  0xDF3D, 0xDF3D, 0xDF3D, 0xDF1D, 0xD6FD, 0xD71D, 0xD6FD, 0xD6DC, 0xD6FC, 0xCEDC, 0xCEBC, 0xCEBC,
  0xD6DC, 0xD6DC, 0xDF1C, 0xE75D, 0xEF7D, 0xF7BF, 0xF7BF, 0xE77D, 0xEF9E, 0xE77E, 0xEF9E, 0xE79E,
  0xE79E, 0xE77D, 0xEFBF, 0xEFDF, 0xEFDF, 0xEFDF, 0xEFDF, 0xEFDF, 0xEFBE, 0xEFDF, 0xEFDF, 0xEFDF,
  0xEFDF, 0xEFDF, 0xEFFF, 0xE79E, 0xE79E, 0xE7BF, 0xE7DF, 0xE7BE, 0xDF9E, 0xE7BE, 0xE7BF, 0xDF9E,
  0xDF9E, 0xDF9E, 0xDF5D, 0xE7BF, 0xE7BE, 0xDF9E, 0xE7BF, 0xE7DF, 0xE7BF, 0xE7DF, 0xEFFF, 0xEFFF,
  0xEFFF, 0xEFFF, 0xEFFF, 0xEFFF, 0xEFFF, 0xEFFF, 0xEFDF, 0xE7DF, 0xE7BF, 0xE79E, 0xE7BF, 0xE7BF,
  0xEFFF, 0xEFFF, 0xEFFF, 0xEFFF, 0xEFFF, 0xE7DF, 0xEFDF, 0xEFDF, 0xEFFF, 0xEFFF, 0xE7DF, 0xEFFF,
  0xEFFF, 0xEFFF, 0xEFFF, 0xEFFF, 0xEFFF, 0xEFFF, 0xEFFF, 0xEFFF, 0xEFFF, 0xF7FF, 0xEFFF, 0xEFFF,
  0xEFFF, 0xF7FF, 0xEFFF, 0xEFFF, 0xEFFF, 0xEFFF, 0xEFFF, 0xEFFF, 0xEFFF, 0xEFFF, 0xEFFF, 0xEFFF,
  0xEFFF, 0xEFFF, 0xEFFF, 0xEFFF, 0xEFFF, 0xF7FF, 0xEFFF, 0xEFFF, 0xEFFF, 0xEFFF, 0xEFFF, 0xEFFF,
  0xEFFF, 0xEFFF, 0xEFDF, 0xEFDF, 0xEFBF, 0xEF9F, 0xE77E, 0xE77E, 0xDF5E, 0xDF5E, 0xE75E, 0xE77F,
  0xDF5E, 0xD71E, 0xCEDD, 0xC6BC, 0xC69C, 0xBE7C, 0xBE7C, 0xB65C, 0xB63B, 0xB63B, 0xAE1B, 0xADFB,
  0xADFB, 0xAE1B, 0xAE1B, 0xAE3B, 0xB63B, 0xB63B, 0xB63B, 0xB63B, 0xB61B, 0xB63B, 0xAE1B, 0xA5DA,
  0x9DBA, 0x9579, 0x9559, 0x8D38, 0x8518, 0x84F8, 0x84F8, 0x84F8, 0x8518, 0x8D59, 0x959A, 0x9DBA,
  0xA5BA, 0xA5DA, 0xA5DA, 0xA5DA, 0xA5DA, 0x9DBA, 0xA5DA, 0x9DBA, 0x9DBA, 0x84D7, 0x84D6, 0x8CF7,
  0x8CF7, 0x8CF6, 0x8CF6, 0x8D17, 0x9517, 0x8CF6, 0x84D6, 0x8CF6, 0x9537, 0x9D58, 0x9537, 0x8CF6,
  0x7454, 0x7434, 0x63B2, 0x5B91, 0x5371, 0x63B2, 0x7454, 0x7454, 0x7434, 0x7434, 0x7434, 0x7C94,
  0x8CF6, 0x9D77, 0xADB9, 0xB61A, 0xC67B, 0xCEBB, 0xDF3D, 0xDF3D, 0xDF1D, 0xDF3D, 0xDF1D, 0xDF1D,
  0xDF1D, 0xD6FD, 0xD6FD, 0xD71D, 0xD6FD, 0xCEDC, 0xCEDC, 0xCEBC, 0xCE9B, 0xD6DC, 0xDF1D, 0xE77E,
  0xEF7E, 0xEF7E, 0xF7BE, 0xEF9E, 0xEF9E, 0xEF9E, 0xEF9E, 0xE79E, 0xEF9E, 0xEFBF, 0xE79E, 0xE77E,
  0xEFBE, 0xEFDF, 0xEFFF, 0xEFDF, 0xEFDF, 0xE7BE, 0xEFDF, 0xEFBE, 0xE77D, 0xEFBE, 0xEFDF, 0xEFDF,
  0xDF7E, 0xDF5D, 0xE79E, 0xE7DF, 0xE7DF, 0xE7DF, 0xE7DF, 0xE7DF, 0xE79E, 0xDF7E, 0xDF7E, 0xDF9E,
  0xE7BF, 0xE7DF, 0xE7DF, 0xE7DF, 0xE7DF, 0xE7DF, 0xE7DF, 0xEFFF, 0xEFFF, 0xEFFF, 0xEFFF, 0xEFFF,
  0xEFFF, 0xEFFF, 0xEFDF, 0xEFFF, 0xEFDF, 0xE7DF, 0xEFDF, 0xEFDF, 0xE79E, 0xEFDF, 0xEFFF, 0xEFFF,
  0xEFFF, 0xEFFF, 0xEFDF, 0xEFDF, 0xEFDF, 0xEFFF, 0xEFFF, 0xEFFF, 0xEFFF, 0xEFFF, 0xEFFF, 0xEFFF,
  0xEFFF, 0xEFFF, 0xEFFF, 0xEFFF, 0xEFFF, 0xEFFF, 0xEFFF, 0xEFFF, 0xEFFF, 0xEFFF, 0xEFFF, 0xEFFF,
  0xEFFF, 0xEFFF, 0xEFFF, 0xEFFF, 0xEFFF, 0xEFFF, 0xEFFF, 0xEFFF, 0xEFFF, 0xEFFF, 0xEFFF, 0xEFFF,
  0xEFFF, 0xEFFF, 0xF7FF, 0xEFFF, 0xEFFF, 0xF7FF, 0xF7FF, 0xEFFF, 0xEFFF, 0xF7FF, 0xF7FF, 0xF7FF,
  0xF7FF, 0xF7DF, 0xEFBF, 0xE79E, 0xE77E, 0xE77E, 0xEF9F, 0xEF9F, 0xEF9F, 0xE75E, 0xD6FD, 0xC6BD,
  0xC6BC, 0xBE9C, 0xBE7C, 0xB63B, 0xAE1B, 0xADFB, 0xADFB, 0xADFB, 0xADDB, 0xA5DB, 0xA5DB, 0xA5BA,
  0xA5DA, 0xA5DA, 0xA5DA, 0xA5FA, 0xA5DA, 0xA5BA, 0x9DBA, 0x9D9A, 0x9D9A, 0x9579, 0x8D59, 0x8D59,
  0x8518, 0x84F8, 0x84F8, 0x7CD8, 0x7CD8, 0x7CF8, 0x8519, 0x8D59, 0x9D9A, 0x9DBA, 0x9DBA, 0x9DBA,
  0x9D9A, 0x9D99, 0x9599, 0x9D99, 0x9D99, 0x9D99, 0x7496, 0x7CB6, 0x84B6, 0x84D6, 0x8CF6, 0x9517,
  0x9D58, 0x9517, 0x84D5, 0x84B5, 0x8CF6, 0x9537, 0x9D78, 0xA598, 0xA598, 0x9536, 0x84D5, 0x7433,
  0x63B2, 0x5371, 0x63D2, 0x7C74, 0x84B5, 0x7C95, 0x84B5, 0x7C94, 0x7C74, 0x84B5, 0x8D16, 0x9D78,
  0xADD9, 0xB63A, 0xC67B, 0xD71D, 0xD71D, 0xD6FC, 0xD71D, 0xD6FC, 0xD71D, 0xDF3D, 0xDF3D, 0xD71D,
  0xD71D, 0xD6FC, 0xCEDC, 0xD6DC, 0xD6FC, 0xCEDC, 0xCEBB, 0xD6FC, 0xE75D, 0xEF9E, 0xF7BF, 0xEF9E,
  0xEF9E, 0xEF7E, 0xE77D, 0xE77E, 0xE77E, 0xEF9E, 0xEFDF, 0xE79E, 0xDF5D, 0xE77E, 0xEFBE, 0xEFDF,
  0xEFDF, 0xEFBE, 0xEFBE, 0xE79E, 0xEFBF, 0xE7BE, 0xEFDF, 0xEFDF, 0xEFDF, 0xE79E, 0xDF5D, 0xDF7D,
  0xDF9E, 0xDF9E, 0xDF9E, 0xE7BE, 0xE7BF, 0xE7BF, 0xE7BF, 0xDF9E, 0xDF9E, 0xE7DF, 0xE7DF, 0xDF9E,
  0xE7DF, 0xE7DF, 0xE7DF, 0xE7DF, 0xEFFF, 0xEFFF, 0xEFFF, 0xEFFF, 0xEFFF, 0xEFFF, 0xEFFF, 0xEFFF,
  0xEFFF, 0xEFFF, 0xEFDF, 0xE7BF, 0xE7BF, 0xE7BE, 0xEFFF, 0xEFFF, 0xEFFF, 0xEFFF, 0xEFFF, 0xEFFF,
  0xEFFF, 0xEFFF, 0xEFDF, 0xEFFF, 0xEFDF, 0xEFFF, 0xEFFF, 0xEFFF, 0xEFFF, 0xEFDF, 0xEFFF, 0xEFFF,
  0xEFFF, 0xEFFF, 0xEFDF, 0xEFDF, 0xEFFF, 0xEFDF, 0xEFFF, 0xEFFF, 0xEFFF, 0xEFFF, 0xEFFF, 0xEFFF,
  0xEFFF, 0xEFFF, 0xEFFF, 0xEFFF, 0xEFFF, 0xEFFF, 0xEFFF, 0xEFFF, 0xEFFF, 0xEFFF, 0xEFFF, 0xEFFF,
  0xF7FF, 0xF7FF, 0xEFFF, 0xEFFF, 0xF7FF, 0xEFFF, 0xF7FF, 0xF7FF, 0xF7FF, 0xF7FF, 0xF7FF, 0xF7DF,
  0xEFBF, 0xEFBF, 0xEFBF, 0xF7BF, 0xF7DF, 0xEF9F, 0xDF3D, 0xCEBC, 0xC6BC, 0xC6BC, 0xC69C, 0xBE7C,
  0xB63C, 0xB63B, 0xADFB, 0xADFB, 0xA5DB, 0xA5DB, 0xA5BA, 0xA5BA, 0x9D9A, 0x9D99, 0x9D99, 0x9D99,
  0x9D9A, 0x9D9A, 0x9D9A, 0x9D79, 0x9559, 0x8D39, 0x8D18, 0x84F8, 0x7CD8, 0x7CD8, 0x7CD8, 0x7CB8,
  0x7CB7, 0x7CB7, 0x7CB7, 0x7CD8, 0x84F8, 0x8D39, 0x9579, 0x959A, 0x9599, 0x9579, 0x9579, 0x9579,
  0x9559, 0x9559, 0x9579, 0x6C14, 0x6C34, 0x7454, 0x7C95, 0x8CD6, 0x9516, 0x9517, 0x8CF6, 0x7C95,
  0x7C74, 0x7C74, 0x84B5, 0x9537, 0xA598, 0xA578, 0xA598, 0x9D57, 0x84B5, 0x6BF2, 0x5B91, 0x6BF2,
  0x7C94, 0x8CF6, 0x9516, 0x8CF6, 0x8CD5, 0x84B5, 0x84B5, 0x8CF6, 0x9D57, 0xA5B8, 0xB619, 0xC67B,
  0xD71D, 0xD6FD, 0xD6FC, 0xD6FD, 0xD71D, 0xDF1D, 0xD71C, 0xDF3D, 0xDF3D, 0xD6DC, 0xCEBC, 0xD6DC,
  0xD6DC, 0xD6FC, 0xD6DC, 0xCEBC, 0xD6FC, 0xDF1C, 0xE75D, 0xEF7E, 0xE75D, 0xE77E, 0xE75D, 0xE75D,
  0xE77D, 0xE77E, 0xE77E, 0xEFBE, 0xE79E, 0xE79E, 0xE77E, 0xEFBE, 0xEFDF, 0xEFBF, 0xE7BE, 0xE79E,
  0xE7BE, 0xEFBE, 0xEFDF, 0xEFBF, 0xEFBF, 0xEFBF, 0xE79E, 0xDF5D, 0xD75D, 0xDF9E, 0xDF7E, 0xD75D,
  0xE7BE, 0xE7BE, 0xDF9E, 0xE7BF, 0xE7BF, 0xDF7E, 0xDF9E, 0xE7BF, 0xE7DF, 0xE7BF, 0xDF9E, 0xDF9E,
  0xE7DF, 0xEFFF, 0xEFFF, 0xEFFF, 0xEFFF, 0xEFFF, 0xEFFF, 0xEFFF, 0xEFFF, 0xEFFF, 0xEFFF, 0xEFFF,
  0xEFFF, 0xEFDF, 0xEFFF, 0xEFFF, 0xEFFF, 0xEFFF, 0xEFFF, 0xEFFF, 0xEFFF, 0xEFFF, 0xEFFF, 0xEFFF,
  0xEFFF, 0xEFFF, 0xE7BE, 0xE7DF, 0xEFFF, 0xEFFF, 0xEFFF, 0xEFFF, 0xEFFF, 0xEFDF, 0xEFFF, 0xEFFF,
  0xEFFF, 0xEFFF, 0xEFDF, 0xEFDF, 0xEFFF, 0xEFFF, 0xEFFF, 0xEFFF, 0xEFFF, 0xEFFF, 0xEFFF, 0xEFFF,
  0xEFFF, 0xEFFF, 0xEFFF, 0xEFFF, 0xEFFF, 0xEFFF, 0xEFFF, 0xEFFF, 0xEFFF, 0xEFFF, 0xEFFF, 0xEFFF,
  0xEFFF, 0xF7FF, 0xEFFF, 0xF7FF, 0xF7FF, 0xF7FF, 0xF7FF, 0xF7FF, 0xF7FF, 0xF7DF, 0xF7DF, 0xF7DF,
  0xF7DF, 0xF7BF, 0xEF9F, 0xDF3D, 0xD6FD, 0xCEDD, 0xCEDD, 0xC6BD, 0xC69C, 0xBE7C, 0xBE5C, 0xB63C,
  0xAE3C, 0xADFB, 0xA5DB, 0xA5BA, 0x9D9A, 0x9579, 0x9579, 0x9579, 0x9559, 0x9579, 0x9D79, 0x9579,
  0x9559, 0x8D39, 0x8518, 0x7CD7, 0x7CB7, 0x74B7, 0x7497, 0x7497, 0x7497, 0x7497, 0x7497, 0x7CB7,
  0x7CD8, 0x7CD8, 0x84F8, 0x8518, 0x8D59, 0x9559, 0x9559, 0x8D59, 0x8D38, 0x8D39, 0x8D39, 0x8D59,
  0x5B92, 0x63B3, 0x63D2, 0x6C33, 0x7C74, 0x7C94, 0x7C74, 0x7433, 0x6BF2, 0x6BD2, 0x6BF2, 0x7C53,
  0x8CF6, 0x9D57, 0x9516, 0x9D37, 0x9D57, 0x9536, 0x8CB5, 0x7C74, 0x7C74, 0x8495, 0x8CD6, 0x9517,
  0x9537, 0x9516, 0x9537, 0x8CF6, 0x8CB5, 0x9516, 0xA598, 0xB5F9, 0xC65A, 0xDEFD, 0xDEFD, 0xDEFC,
  0xDF1D, 0xDF1D, 0xDF1D, 0xDF1D, 0xDF3D, 0xDF1D, 0xDF1D, 0xD6DC, 0xCEDC, 0xD6DC, 0xD6FC, 0xD6DC,
  0xCEDC, 0xD6FC, 0xDF1C, 0xDF1C, 0xE73D, 0xDF3D, 0xDF5D, 0xE75D, 0xE75D, 0xE75D, 0xE75D, 0xE75D,
  0xE77E, 0xEFBE, 0xEF9E, 0xDF5D, 0xE77E, 0xE79E, 0xE7BE, 0xE77D, 0xDF7D, 0xE77E, 0xE7BE, 0xE79E,
  0xDF7D, 0xDF7D, 0xDF9E, 0xDF7E, 0xDF9E, 0xD75D, 0xDF7D, 0xDF9E, 0xDF9E, 0xDF9E, 0xDF9E, 0xDF9E,
  0xDF9E, 0xE7BF, 0xDF9E, 0xE7BF, 0xDF9E, 0xE7DF, 0xE7BF, 0xDF9E, 0xE7DF, 0xE7BF, 0xEFFF, 0xEFFF,
  0xEFFF, 0xEFFF, 0xEFFF, 0xEFFF, 0xEFFF, 0xEFFF, 0xEFFF, 0xEFFF, 0xEFFF, 0xEFFF, 0xEFFF, 0xEFFF,
  0xEFFF, 0xEFFF, 0xEFFF, 0xEFFF, 0xEFFF, 0xEFFF, 0xEFFF, 0xEFFF, 0xEFFF, 0xE7DF, 0xEFDF, 0xEFDF,
  0xEFDF, 0xE7DF, 0xEFFF, 0xEFDF, 0xEFDF, 0xEFDF, 0xEFDF, 0xEFFF, 0xEFFF, 0xEFFF, 0xEFFF, 0xEFFF,
  0xEFFF, 0xEFFF, 0xEFFF, 0xEFFF, 0xEFFF, 0xEFFF, 0xEFFF, 0xEFFF, 0xF7FF, 0xEFFF, 0xEFFF, 0xEFFF,
  0xEFFF, 0xEFFF, 0xEFFF, 0xEFFF, 0xEFFF, 0xEFFF, 0xEFFF, 0xEFFF, 0xEFFF, 0xEFFF, 0xEFFF, 0xF7FF,
  0xF7FF, 0xF7FF, 0xF7FF, 0xF7FF, 0xF7FF, 0xF7FF, 0xF7FF, 0xF7FF, 0xF7DF, 0xF7DF, 0xF7DF, 0xEF9E,
  0xDF5E, 0xD71D, 0xCEDD, 0xCEBD, 0xC6BC, 0xC69C, 0xBE7C, 0xBE7C, 0xB65C, 0xB63C, 0xB63C, 0xADFB,
  0xA5DB, 0x9DBA, 0x9579, 0x9559, 0x9559, 0x9559, 0x9559, 0x8D39, 0x8D39, 0x8D18, 0x8D18, 0x84F8,
  0x7CD7, 0x7CB7, 0x7497, 0x7497, 0x7477, 0x7497, 0x7477, 0x7497, 0x7CB7, 0x7CB7, 0x7CB7, 0x7CB7,
  0x7CD7, 0x7CF8, 0x84F8, 0x84F8, 0x84F8, 0x84F8, 0x8518, 0x8518, 0x8518, 0x42EF, 0x4B30, 0x5350,
  0x6BF2, 0x7433, 0x7433, 0x73F2, 0x6BD2, 0x63B2, 0x6BD2, 0x6BF2, 0x7C53, 0x8CB5, 0x94F6, 0x8CF5,
  0x94F6, 0x9536, 0x9516, 0x8CD5, 0x8494, 0x8474, 0x8474, 0x8CB5, 0x94F6, 0x9516, 0x9D37, 0x9516,
  0x94F6, 0x8CB5, 0x94F5, 0x9D57, 0xB5D9, 0xC65A, 0xDF1D, 0xE73D, 0xE73D, 0xE73D, 0xE73D, 0xE73D,
  0xE75E, 0xE73D, 0xE75E, 0xDF3D, 0xDF1D, 0xDF1D, 0xD71D, 0xD6FC, 0xD6DC, 0xCEDC, 0xD6DC, 0xD6DC,
  0xDF1C, 0xE75D, 0xDF1D, 0xDF3D, 0xDF3D, 0xDF1C, 0xDF3D, 0xDF3D, 0xE77E, 0xEF9E, 0xEFBF, 0xEFBE,
  0xE77D, 0xE79E, 0xE79E, 0xE7BE, 0xE79E, 0xE79E, 0xE79E, 0xE7BE, 0xEFDF, 0xE79E, 0xE79E, 0xE7BF,
  0xE7BE, 0xDF9E, 0xDF9E, 0xDF7D, 0xE7BE, 0xDF9E, 0xE79E, 0xDF7E, 0xE7BF, 0xDF9E, 0xDF9E, 0xE7BF,
  0xE7DF, 0xE7BF, 0xE7DF, 0xE7BF, 0xE7BF, 0xE7DF, 0xE7DF, 0xEFFF, 0xEFFF, 0xEFFF, 0xEFFF, 0xEFFF,
  0xEFFF, 0xEFFF, 0xEFFF, 0xEFFF, 0xEFFF, 0xEFDF, 0xEFFF, 0xEFFF, 0xEFFF, 0xEFFF, 0xEFFF, 0xE7DF,
  0xEFFF, 0xEFFF, 0xEFFF, 0xEFFF, 0xEFFF, 0xEFFF, 0xEFDF, 0xEFDF, 0xE7DF, 0xE7DF, 0xEFFF, 0xEFFF,
  0xEFFF, 0xEFFF, 0xEFFF, 0xEFFF, 0xEFFF, 0xEFFF, 0xEFFF, 0xEFFF, 0xEFFF, 0xEFFF, 0xEFFF, 0xEFFF,
  0xEFFF, 0xEFFF, 0xEFFF, 0xEFFF, 0xEFFF, 0xF7FF, 0xEFFF, 0xEFFF, 0xEFFF, 0xEFFF, 0xEFFF, 0xEFFF,
  0xEFFF, 0xEFFF, 0xEFFF, 0xF7FF, 0xF7FF, 0xEFFF, 0xEFFF, 0xF7FF, 0xF7FF, 0xF7FF, 0xF7FF, 0xEFFF,
  0xF7FF, 0xF7FF, 0xF7FF, 0xF7FF, 0xF7DF, 0xF7DF, 0xF7BF, 0xEF7E, 0xE75E, 0xDF3E, 0xD6FD, 0xC6BC,
  0xC69C, 0xC69C, 0xC69C, 0xBE7C, 0xBE7C, 0xBE7C, 0xB63C, 0xAE1B, 0xADFA, 0xA5DA, 0xA5BA, 0x9579,
  0x9559, 0x8D38, 0x8D38, 0x8D18, 0x8518, 0x8518, 0x8518, 0x84F8, 0x84D7, 0x7CD7, 0x74B7, 0x7496,
  0x6C76, 0x6C56, 0x7476, 0x7476, 0x7476, 0x74B7, 0x7CB7, 0x7CB7, 0x7497, 0x6C76, 0x7497, 0x7CB7,
  0x7CB7, 0x7CB7, 0x7CD8, 0x84F8, 0x84F8, 0x84F8, 0x4B0F, 0x4B30, 0x5350, 0x63B1, 0x6BF2, 0x7433,
  0x7412, 0x6BF2, 0x6BD1, 0x6BD1, 0x7412, 0x7C54, 0x8494, 0x8CB5, 0x8CF5, 0x94F5, 0x94F6, 0x94F6,
  0x8CD5, 0x8494, 0x7C53, 0x7C53, 0x8494, 0x8CB5, 0x8CF5, 0x9516, 0x9516, 0x9516, 0x9536, 0x9D36,
  0x9D36, 0xADB8, 0xC65A, 0xE75D, 0xEF9E, 0xEF7E, 0xEF7E, 0xE75D, 0xE75D, 0xEF9E, 0xEF9E, 0xE75D,
  0xE75E, 0xDF3E, 0xDF3D, 0xD6FD, 0xD6FC, 0xD6FC, 0xD6FC, 0xD6FC, 0xD6DC, 0xD6FC, 0xDF1D, 0xDF1D,
  0xDF1D, 0xDF1D, 0xDF5D, 0xEF9E, 0xEF9E, 0xEFBF, 0xE79E, 0xE77E, 0xE79E, 0xDF5D, 0xE77D, 0xE79E,
  0xEFBE, 0xEFBF, 0xEFBF, 0xE7BE, 0xE7BE, 0xE7BE, 0xE79E, 0xDF7E, 0xDF7E, 0xDF9E, 0xDF9E, 0xDF7D,
  0xDF7D, 0xE7BF, 0xE7BF, 0xDF9E, 0xDF7E, 0xDF7E, 0xDF7E, 0xE7BF, 0xE7BF, 0xDF9E, 0xE7BE, 0xE7DF,
  0xE7DF, 0xE7DF, 0xE7FF, 0xE7FF, 0xEFFF, 0xEFFF, 0xEFFF, 0xE7DF, 0xEFFF, 0xEFDF, 0xE7DF, 0xEFFF,
  0xEFFF, 0xEFFF, 0xEFDF, 0xEFDF, 0xEFFF, 0xEFFF, 0xEFFF, 0xEFFF, 0xE7DF, 0xE7BE, 0xE79E, 0xE7BE,
  0xE7DF, 0xEFFF, 0xEFFF, 0xEFDF, 0xEFDF, 0xEFDF, 0xEFDF, 0xEFFF, 0xEFFF, 0xEFDF, 0xEFFF, 0xEFFF,
  0xEFFF, 0xEFFF, 0xEFFF, 0xEFFF, 0xEFFF, 0xEFFF, 0xEFFF, 0xEFFF, 0xEFFF, 0xEFFF, 0xE7BE, 0xE7BE,
  0xEFFF, 0xEFFF, 0xEFFF, 0xEFFF, 0xEFFF, 0xEFFF, 0xEFFF, 0xEFFF, 0xEFFF, 0xEFFF, 0xEFFF, 0xEFFF,
  0xF7FF, 0xF7FF, 0xEFFF, 0xEFFF, 0xEFBF, 0xEFFF, 0xF7FF, 0xF7FF, 0xF7FF, 0xEFDF, 0xEFBF, 0xEFBF,
  0xEFBF, 0xEFBF, 0xE75E, 0xE75E, 0xDF3E, 0xD71D, 0xD6FD, 0xCEDD, 0xCEBD, 0xC69C, 0xC69C, 0xC69C,
  0xC69C, 0xBE7C, 0xBE7C, 0xBE7C, 0xB63B, 0xADFB, 0xA5DB, 0xA5BA, 0x9599, 0x9559, 0x8D38, 0x8D38,
  0x8518, 0x84F8, 0x7CD7, 0x7CD7, 0x7CD7, 0x7CB7, 0x74B6, 0x7496, 0x6C76, 0x6C55, 0x6C36, 0x6C56,
  0x6C56, 0x7477, 0x7497, 0x74B7, 0x7477, 0x6C56, 0x6C56, 0x6C56, 0x7477, 0x7497, 0x7497, 0x7CB7,
  0x7CB8, 0x7CD8, 0x7CB8, 0x5350, 0x5B91, 0x5350, 0x5B90, 0x63D1, 0x6BF2, 0x6BF2, 0x63B1, 0x6391,
  0x63B1, 0x7413, 0x7C53, 0x8494, 0x84B5, 0x8CD5, 0x9516, 0x9516, 0x9516, 0x94F6, 0x84B4, 0x7C73,
  0x7C53, 0x7C74, 0x8474, 0x8494, 0x8CD5, 0x9516, 0x9D36, 0x9D57, 0xA577, 0xA597, 0xADD8, 0xC65A,
  0xE75D, 0xF7BE, 0xF79E, 0xEF9E, 0xEF7E, 0xE75D, 0xEF7E, 0xEF9E, 0xE75E, 0xE75E, 0xE75E, 0xDF3D,
  0xD71D, 0xCEDC, 0xD6DC, 0xD6FD, 0xD6FC, 0xCEDC, 0xD6DC, 0xD6FC, 0xD6FC, 0xD6FC, 0xDF1D, 0xE75D,
  0xE79E, 0xE77E, 0xE77E, 0xE77D, 0xE77D, 0xE77E, 0xE77D, 0xE77E, 0xE79E, 0xEFBE, 0xE7BE, 0xE7BE,
  0xE7BF, 0xE7BE, 0xE7BE, 0xDF7E, 0xE79E, 0xDF9E, 0xDF7E, 0xD75D, 0xDF9E, 0xE7BE, 0xE7BE, 0xDF7E,
  0xDF7E, 0xDF7E, 0xDF7E, 0xDF7E, 0xDF7E, 0xDF9E, 0xDF5D, 0xDF7E, 0xE7BF, 0xE7BF, 0xE7DF, 0xE7DF,
  0xE7FF, 0xEFFF, 0xEFFF, 0xEFFF, 0xEFFF, 0xEFFF, 0xE7DF, 0xE7BE, 0xEFFF, 0xEFFF, 0xEFFF, 0xEFFF,
  0xEFFF, 0xEFFF, 0xEFFF, 0xEFFF, 0xEFDF, 0xEFFF, 0xE7BE, 0xE79E, 0xE79E, 0xDF7E, 0xEFDF, 0xEFFF,
  0xE7BF, 0xEFDF, 0xEFDF, 0xE79E, 0xE7BE, 0xEFDF, 0xE7DF, 0xE7DF, 0xEFDF, 0xE7BE, 0xE7BE, 0xEFFF,
  0xEFFF, 0xEFFF, 0xEFFF, 0xEFFF, 0xEFFF, 0xEFFF, 0xEFFF, 0xEFDF, 0xE7BE, 0xEFDF, 0xEFFF, 0xEFFF,
  0xEFFF, 0xEFFF, 0xEFFF, 0xEFFF, 0xEFFF, 0xEFFF, 0xEFFF, 0xEFFF, 0xEFFF, 0xF7FF, 0xF7FF, 0xEFFF,
  0xEFFF, 0xEFFF, 0xF7FF, 0xF7FF, 0xF7FF, 0xF7FF, 0xF7DF, 0xEFBE, 0xE77E, 0xE79E, 0xEFBF, 0xD71D,
  0xD6DC, 0xD6FD, 0xD6FD, 0xD6FD, 0xCEBC, 0xCEBD, 0xCEBD, 0xC69D, 0xC69C, 0xC67C, 0xBE7C, 0xBE7C,
  0xBE7C, 0xB65C, 0xAE1B, 0xAE1B, 0xA5FB, 0x9D9A, 0x9579, 0x9559, 0x8D18, 0x8518, 0x7CD7, 0x7CB7,
  0x74B7, 0x7496, 0x6C76, 0x6C55, 0x6C55, 0x6435, 0x6435, 0x6C35, 0x6C36, 0x6C36, 0x6C57, 0x7477,
  0x7476, 0x6C56, 0x6435, 0x6415, 0x6415, 0x6C36, 0x6C56, 0x6C56, 0x6C56, 0x7456, 0x7456, 0x7456,
  0x4B0F, 0x5350, 0x5350, 0x532F, 0x5B70, 0x63B1, 0x5B70, 0x5B70, 0x532F, 0x5B70, 0x6BD2, 0x6BF2,
  0x7C53, 0x8494, 0x8CF5, 0x9516, 0x8CF5, 0x8CF5, 0x8CD5, 0x8CB5, 0x7C94, 0x7C74, 0x7C54, 0x7C74,
  0x7C74, 0x8494, 0x84B4, 0x8CD5, 0x9516, 0x9D56, 0xA597, 0xB5D8, 0xC65A, 0xE73D, 0xF7BF, 0xEF9E,
  0xEF7E, 0xEF7D, 0xEF7E, 0xEF9E, 0xF79E, 0xEF9E, 0xEF9E, 0xEF7E, 0xDF3D, 0xDEFC, 0xD6DC, 0xDF1D,
  0xD6FC, 0xD6FC, 0xD6FD, 0xD6FC, 0xD6FC, 0xDF3D, 0xDF1C, 0xDF1C, 0xDF3C, 0xE77D, 0xE75D, 0xDF5D,
  0xDF3D, 0xDF3D, 0xDF3C, 0xDF5D, 0xDF7D, 0xDF7D, 0xE79E, 0xE79E, 0xE79E, 0xE79E, 0xE79E, 0xE79E,
  0xDF5D, 0xDF7D, 0xE7BE, 0xE79E, 0xDF7E, 0xDF7E, 0xDF9E, 0xE7BE, 0xDF7E, 0xDF9E, 0xE7BF, 0xE7BF,
  0xDF9E, 0xDF7E, 0xD75D, 0xDF7E, 0xDF7E, 0xE7BF, 0xE7DF, 0xE7BF, 0xE7DF, 0xE7DF, 0xEFFF, 0xEFFF,
  0xEFFF, 0xEFFF, 0xEFFF, 0xEFDF, 0xE7DF, 0xEFDF, 0xEFFF, 0xEFFF, 0xEFFF, 0xEFFF, 0xEFFF, 0xEFFF,
  0xEFFF, 0xEFFF, 0xE7BF, 0xE7BF, 0xE7BF, 0xE7BE, 0xDF7E, 0xDF9E, 0xE7DF, 0xEFFF, 0xEFDF, 0xEFFF,
  0xE7DF, 0xE7DF, 0xE7DF, 0xE7DF, 0xE79E, 0xEFDF, 0xE7BE, 0xE79E, 0xEFDF, 0xEFFF, 0xEFFF, 0xEFFF,
  0xEFFF, 0xEFFF, 0xEFFF, 0xEFFF, 0xEFDF, 0xEFDF, 0xEFFF, 0xEFFF, 0xEFFF, 0xEFFF, 0xEFFF, 0xEFFF,
  0xEFFF, 0xEFFF, 0xF7FF, 0xF7FF, 0xEFFF, 0xEFFF, 0xEFFF, 0xEFFF, 0xEFFF, 0xEFFF, 0xF7FF, 0xF7FF,
  0xF7FF, 0xF7FF, 0xF7FF, 0xF7FF, 0xE79E, 0xDF3D, 0xDF3D, 0xDF7E, 0xCEDC, 0xCEBC, 0xCEDD, 0xCEFD,
  0xCEDD, 0xCEBC, 0xC6BD, 0xC69D, 0xC69C, 0xC69C, 0xC69C, 0xC67C, 0xBE7C, 0xBE7C, 0xBE5C, 0xB65C,
  0xAE1B, 0xA5DB, 0x9D9A, 0x9559, 0x8D38, 0x84F8, 0x7CD7, 0x7CB7, 0x7496, 0x7476, 0x6C55, 0x6C35,
  0x6415, 0x63F4, 0x6414, 0x6415, 0x6415, 0x6435, 0x6C36, 0x6C56, 0x6C76, 0x6C56, 0x6436, 0x6415,
  0x6415, 0x5BF5, 0x63F5, 0x6415, 0x6415, 0x6415, 0x6415, 0x6C35, 0x6C36, 0x326C, 0x42CE, 0x4AEE,
  0x42CE, 0x530F, 0x4B0F, 0x42AD, 0x428D, 0x3A8C, 0x4ACE, 0x532F, 0x5B71, 0x6BF2, 0x7C74, 0x84B5,
  0x84B5, 0x8494, 0x7453, 0x7433, 0x7433, 0x7C74, 0x7C74, 0x7C74, 0x7C74, 0x7C74, 0x7C53, 0x7C73,
  0x7C74, 0x8494, 0x94F5, 0x9D57, 0xADD8, 0xC65A, 0xDF3D, 0xF7BF, 0xF79E, 0xF7BF, 0xEF9E, 0xF7BF,
  0xF79E, 0xF7BE, 0xEF9E, 0xEF9E, 0xEF7E, 0xEF7E, 0xE75E, 0xE75D, 0xDF3D, 0xDF1D, 0xD6FC, 0xD6FC,
  0xDF1D, 0xD71C, 0xE75D, 0xE75D, 0xDF3D, 0xDF3D, 0xE75D, 0xDF5D, 0xDF5D, 0xDF3C, 0xDF3D, 0xD71C,
  0xD71C, 0xDF3D, 0xDF5D, 0xDF7D, 0xE79E, 0xE7BF, 0xE79E, 0xDF7E, 0xE79E, 0xE79E, 0xE79E, 0xDF9E,
  0xDF7D, 0xD73C, 0xCEFC, 0xD75D, 0xDF9E, 0xDF7E, 0xD75D, 0xDF5D, 0xDF7E, 0xDF7E, 0xDF5D, 0xD75D,
  0xDF5D, 0xDF9E, 0xE79E, 0xDF9E, 0xE7BF, 0xE7DF, 0xE7DF, 0xE7DF, 0xEFFF, 0xEFFF, 0xEFFF, 0xEFFF,
  0xEFDF, 0xEFDF, 0xEFFF, 0xEFFF, 0xEFDF, 0xEFDF, 0xEFFF, 0xEFFF, 0xEFFF, 0xEFFF, 0xE7DF, 0xE7BF,
  0xE7BF, 0xDF9E, 0xDF7D, 0xDF7E, 0xDF9E, 0xE7BE, 0xEFFF, 0xEFFF, 0xEFFF, 0xEFFF, 0xEFFF, 0xEFFF,
  0xEFDF, 0xEFDF, 0xE7BE, 0xE7BE, 0xE79E, 0xEFFF, 0xEFFF, 0xF7FF, 0xEFFF, 0xEFFF, 0xEFFF, 0xEFFF,
  0xEFFF, 0xEFFF, 0xEFFF, 0xEFFF, 0xEFFF, 0xEFFF, 0xF7FF, 0xEFFF, 0xEFFF, 0xEFFF, 0xEFFF, 0xEFFF,
  0xF7FF, 0xEFFF, 0xEFFF, 0xEFFF, 0xEFFF, 0xEFFF, 0xEFFF, 0xF7FF, 0xF7FF, 0xF7FF, 0xF7FF, 0xF7FF,
  0xF7FF, 0xEFDF, 0xDF3D, 0xCEBC, 0xCEDC, 0xCEDD, 0xCEBD, 0xCEBD, 0xCEDD, 0xCEBD, 0xC6BC, 0xC69C,
  0xC69C, 0xC69C, 0xC69C, 0xC69C, 0xC69C, 0xC69C, 0xC69C, 0xBE7C, 0xBE5C, 0xB63B, 0xADFB, 0x9DBA,
  0x9559, 0x8D18, 0x84D7, 0x7CB6, 0x7476, 0x7456, 0x6C55, 0x6C35, 0x6414, 0x5BD4, 0x5BD4, 0x5BD4,
  0x5BD3, 0x5BD4, 0x6415, 0x6415, 0x6415, 0x6435, 0x6436, 0x6436, 0x6415, 0x6415, 0x5BF4, 0x5BF4,
  0x5BF4, 0x5BF4, 0x5BD4, 0x5BD4, 0x5BD4, 0x63F5, 0x21CA, 0x326C, 0x42AE, 0x3A6C, 0x322B, 0x2A0B,
  0x29EA, 0x21A9, 0x21A9, 0x2A0B, 0x3A6C, 0x42CE, 0x532F, 0x63B1, 0x6BF2, 0x6BF2, 0x6C12, 0x5B91,
  0x5330, 0x5B70, 0x63B2, 0x6C13, 0x7454, 0x7C74, 0x7C54, 0x7433, 0x7453, 0x7433, 0x7433, 0x8494,
  0x9516, 0xADB8, 0xBE39, 0xDEFC, 0xF7DF, 0xF7BF, 0xF7BF, 0xEF7E, 0xF7BE, 0xF7BE, 0xF7BE, 0xF79E,
  0xF79E, 0xF79E, 0xF79E, 0xEF9E, 0xEF7E, 0xE75D, 0xDF3D, 0xDF3D, 0xDF3D, 0xE73D, 0xDF3D, 0xEF9E,
  0xE77D, 0xE77D, 0xE75D, 0xE75D, 0xE75D, 0xDF3D, 0xD71C, 0xD71C, 0xD6FC, 0xD6FC, 0xD73C, 0xDF5D,
  0xE77D, 0xDF5D, 0xDF3D, 0xDF3D, 0xDF7E, 0xE7BF, 0xE79E, 0xE79E, 0xE79E, 0xDF5D, 0xD73D, 0xD73C,
  0xD75D, 0xDF7D, 0xDF9E, 0xDF7E, 0xDF7E, 0xE7BF, 0xDF9E, 0xDF7E, 0xE7BF, 0xDF7E, 0xDF7E, 0xE79E,
  0xDF7E, 0xDF7E, 0xDF9E, 0xE7BE, 0xE7BE, 0xE7DF, 0xEFFF, 0xEFFF, 0xEFDF, 0xE7DF, 0xEFDF, 0xEFFF,
  0xEFFF, 0xEFDF, 0xE7DF, 0xEFFF, 0xEFFF, 0xEFFF, 0xEFDF, 0xE7DF, 0xE7BF, 0xE7BE, 0xE79E, 0xDF7E,
  0xE7BF, 0xE7BE, 0xE7BE, 0xE7DF, 0xEFFF, 0xEFDF, 0xEFFF, 0xEFDF, 0xE7BE, 0xEFFF, 0xEFFF, 0xEFDF,
  0xE7BE, 0xEFFF, 0xF7FF, 0xEFFF, 0xEFFF, 0xEFFF, 0xEFFF, 0xEFFF, 0xEFFF, 0xEFFF, 0xEFFF, 0xEFFF,
  0xEFFF, 0xEFFF, 0xEFFF, 0xEFFF, 0xEFFF, 0xEFFF, 0xEFFF, 0xEFDF, 0xEFDF, 0xEFDF, 0xEFFF, 0xEFFF,
  0xEFFF, 0xEFFF, 0xEFFF, 0xF7FF, 0xF7FF, 0xF7FF, 0xF7FF, 0xF7FF, 0xF7FF, 0xF7FF, 0xDF5E, 0xCEFD,
  0xCEDD, 0xCEDD, 0xCEDD, 0xC6BC, 0xC6BD, 0xCEBD, 0xC6BD, 0xC6BC, 0xC69C, 0xC69C, 0xC69D, 0xC69C,
  0xC69C, 0xC69C, 0xC69C, 0xC69C, 0xC6BC, 0xC69C, 0xBE7C, 0xAE1B, 0x9DBA, 0x9559, 0x8D18, 0x84D7,
  0x7C96, 0x7476, 0x6C55, 0x6414, 0x63F4, 0x5BD3, 0x5BB3, 0x53B3, 0x5392, 0x5392, 0x5393, 0x5BD4,
  0x5BD4, 0x53B3, 0x5BD4, 0x5BF4, 0x5BF5, 0x5BF4, 0x5BD4, 0x53B3, 0x5BD4, 0x5BD4, 0x5BD4, 0x5BD4,
  0x5BB4, 0x5BB4, 0x5BD4, 0x1128, 0x1989, 0x29EB, 0x21AA, 0x1989, 0x1968, 0x1948, 0x1127, 0x1148,
  0x1968, 0x1989, 0x21CA, 0x2A0B, 0x42AD, 0x42CE, 0x42CE, 0x42CE, 0x3A8D, 0x2A2C, 0x3A6D, 0x4B30,
  0x5350, 0x5B71, 0x5B91, 0x5B91, 0x5B91, 0x63D2, 0x6BF2, 0x7412, 0x7C74, 0x94F5, 0xA577, 0xBE19,
  0xD6DB, 0xF7BF, 0xF79E, 0xF7DF, 0xF7BE, 0xF7BE, 0xF7BE, 0xF7BE, 0xEF9E, 0xEF7D, 0xF79E, 0xF79E,
  0xEF7E, 0xEF7D, 0xE75D, 0xE75D, 0xE73D, 0xEF7E, 0xEF9E, 0xEF9E, 0xEFBE, 0xEF9E, 0xEF9E, 0xEF9E,
  0xE77E, 0xDF5D, 0xDF1C, 0xDF3C, 0xDF3D, 0xDF3C, 0xDF5D, 0xDF5D, 0xDF7D, 0xDF5D, 0xD73C, 0xD73C,
  0xDF5D, 0xE79E, 0xE79E, 0xE79E, 0xE7BE, 0xE79E, 0xDF7E, 0xDF7E, 0xDF9E, 0xDF5D, 0xDF7D, 0xDF7E,
  0xDF7E, 0xD75D, 0xDF5D, 0xDF7E, 0xD75D, 0xDF7E, 0xDF9E, 0xDF9E, 0xDF9E, 0xDF7E, 0xD75D, 0xD73D,
  0xDF7E, 0xE7BF, 0xE7BE, 0xEFFF, 0xE7BE, 0xE7DF, 0xEFDF, 0xEFFF, 0xEFDF, 0xEFDF, 0xE7DF, 0xEFFF,
  0xEFFF, 0xEFFF, 0xE7DF, 0xE7BF, 0xE7BF, 0xE7BF, 0xE7BF, 0xE79E, 0xDF9E, 0xE7BE, 0xE7BF, 0xE7BE,
  0xE7BE, 0xEFFF, 0xEFDF, 0xEFFF, 0xEFDF, 0xE7BE, 0xE7DF, 0xEFFF, 0xEFFF, 0xEFFF, 0xEFFF, 0xEFFF,
  0xEFFF, 0xEFFF, 0xEFFF, 0xEFFF, 0xEFFF, 0xEFFF, 0xEFFF, 0xEFFF, 0xEFFF, 0xEFFF, 0xEFFF, 0xEFFF,
  0xEFFF, 0xEFFF, 0xEFFF, 0xEFFF, 0xEFDF, 0xEFDF, 0xEFDF, 0xEFBF, 0xE7BE, 0xEFFF, 0xEFFF, 0xEFFF,
  0xEFDF, 0xE79E, 0xE79E, 0xEFDF, 0xF7FF, 0xEFBF, 0xDF5E, 0xCEFD, 0xCEDD, 0xCEBD, 0xC6BD, 0xC6BD,
  0xCEBD, 0xCEBD, 0xCEBD, 0xC6BD, 0xC6BD, 0xC69C, 0xC69D, 0xC69D, 0xC69C, 0xC69C, 0xC6BC, 0xC69C,
  0xC6BC, 0xCEBC, 0xC69C, 0xC67C, 0xADFA, 0x9D99, 0x9559, 0x8D18, 0x84D7, 0x7C96, 0x7475, 0x6C35,
  0x6414, 0x5BD3, 0x5393, 0x5392, 0x5372, 0x5372, 0x4B52, 0x4B52, 0x4B72, 0x5393, 0x5393, 0x5393,
  0x5393, 0x53B3, 0x53B3, 0x5393, 0x53B3, 0x5BB4, 0x5BD4, 0x5BD4, 0x53B4, 0x5393, 0x53B3, 0x5BD4,
  0x0907, 0x1127, 0x1148, 0x1128, 0x1127, 0x1127, 0x1127, 0x1127, 0x1127, 0x1128, 0x1128, 0x1148,
  0x19A9, 0x29EB, 0x29EB, 0x21CA, 0x21CB, 0x19AA, 0x198A, 0x21CA, 0x2A2C, 0x326D, 0x3A8D, 0x42AE,
  0x42CE, 0x4B0F, 0x5B70, 0x63B1, 0x6BF2, 0x7C53, 0x8CD5, 0x9D57, 0xB5F8, 0xCE9B, 0xF7BF, 0xFFDF,
  0xF7DF, 0xF7BE, 0xF7BE, 0xF7BE, 0xF79E, 0xF79E, 0xEF7E, 0xEF5D, 0xF79E, 0xEF9E, 0xEF7E, 0xEF7E,
  0xEF7E, 0xE75D, 0xEF7E, 0xEF7E, 0xEF7E, 0xF7BF, 0xEF9E, 0xEF9E, 0xEF7E, 0xDF3D, 0xDF1C, 0xDF1C,
  0xDF3D, 0xDF3D, 0xDF3D, 0xDF3D, 0xD71C, 0xDF5D, 0xDF5D, 0xDF7D, 0xE79E, 0xE7BE, 0xE7BE, 0xE79E,
  0xE79E, 0xE7BE, 0xE79E, 0xE79E, 0xDF7E, 0xDF9E, 0xDF5D, 0xD73D, 0xD73D, 0xD75D, 0xD75D, 0xDF7E,
  0xDF7E, 0xDF7E, 0xDF7E, 0xDF9E, 0xDF7E, 0xDF7E, 0xD75D, 0xD73D, 0xD75D, 0xDF7E, 0xDF9E, 0xDF7D,
  0xDF9E, 0xE7BE, 0xE7DF, 0xE7DF, 0xEFDF, 0xE7DF, 0xE7DF, 0xEFDF, 0xEFDF, 0xEFFF, 0xE7BF, 0xE7BE,
  0xE7BE, 0xE7BF, 0xE7BF, 0xE7BF, 0xE79E, 0xE79E, 0xE79E, 0xE7BE, 0xE7DF, 0xE7DF, 0xE7DF, 0xEFFF,
  0xEFFF, 0xEFFF, 0xEFDF, 0xE7BE, 0xEFFF, 0xEFFF, 0xEFFF, 0xEFFF, 0xEFDF, 0xEFFF, 0xEFFF, 0xEFFF,
  0xEFFF, 0xEFFF, 0xEFFF, 0xEFFF, 0xEFFF, 0xEFFF, 0xEFFF, 0xEFFF, 0xEFFF, 0xEFFF, 0xEFDF, 0xEFFF,
  0xEFDF, 0xEFDF, 0xEFDF, 0xEFDF, 0xEFDF, 0xE79E, 0xEFDF, 0xEFDF, 0xEFDF, 0xE79E, 0xDF5D, 0xDF5E,
  0xE79E, 0xE79F, 0xD73D, 0xCEDD, 0xCEDD, 0xCEDD, 0xCEDD, 0xCEDD, 0xCEDD, 0xCEBD, 0xCEBD, 0xCEBD,
  0xC6BD, 0xC6BD, 0xC6BD, 0xC6BD, 0xC69C, 0xC6BC, 0xC6BC, 0xCEBC, 0xC6BC, 0xC6BC, 0xCEBC, 0xCEBD,
  0xC69C, 0xADDA, 0x9D99, 0x9558, 0x8D18, 0x84D7, 0x7CB6, 0x7475, 0x6C35, 0x63F4, 0x5BB3, 0x5392,
  0x5372, 0x4B52, 0x4B52, 0x4B52, 0x4B51, 0x4B51, 0x4B52, 0x4B72, 0x5393, 0x5393, 0x5393, 0x5BD4,
  0x53B4, 0x53B4, 0x5BD5, 0x5BD5, 0x5BB4, 0x5393, 0x5393, 0x53B3, 0x5BD4, 0x0907, 0x0907, 0x0907,
  0x0907, 0x0907, 0x0907, 0x0927, 0x1127, 0x1128, 0x1128, 0x1128, 0x1148, 0x1148, 0x1168, 0x1169,
  0x1149, 0x1169, 0x1169, 0x1169, 0x1189, 0x198A, 0x21EB, 0x220B, 0x2A2C, 0x3A8D, 0x42CE, 0x4B2F,
  0x5B70, 0x63D1, 0x7453, 0x8CB5, 0x9D56, 0xB5D8, 0xC67A, 0xF7BF, 0xF7DF, 0xF7BE, 0xF7BE, 0xF7BE,
  0xF79E, 0xF79E, 0xF79E, 0xEF9E, 0xEF5D, 0xEF7E, 0xF79E, 0xEF7E, 0xEF9E, 0xEF7E, 0xEF7E, 0xE75D,
  0xE77D, 0xEF9E, 0xE77E, 0xE77E, 0xEF9E, 0xEF9E, 0xDF3D, 0xDF3D, 0xDF3D, 0xE75D, 0xE77E, 0xE75D,
  0xE77E, 0xDF5D, 0xDF5D, 0xE79E, 0xE79E, 0xE79E, 0xE79E, 0xE79E, 0xE79E, 0xE79E, 0xE7BF, 0xE7BF,
  0xDF7E, 0xE7BE, 0xE7BE, 0xDF5D, 0xD73D, 0xCF1C, 0xCF1C, 0xD75D, 0xD75D, 0xD75D, 0xD75D, 0xD75D,
  0xDF5D, 0xDF7E, 0xDF7E, 0xD75D, 0xD75D, 0xD75D, 0xDF7D, 0xDF7D, 0xD75D, 0xDF5D, 0xE7BF, 0xE7BE,
  0xE7BE, 0xE7BE, 0xE79E, 0xE7DF, 0xE7DF, 0xE7DF, 0xE7BF, 0xE7BE, 0xE7BE, 0xE7BF, 0xE7BE, 0xE79E,
  0xEFDF, 0xE7BF, 0xEFDF, 0xEFDF, 0xEFDF, 0xE7DF, 0xE7BE, 0xE7BE, 0xEFFF, 0xEFFF, 0xEFFF, 0xEFFF,
  0xEFFF, 0xEFFF, 0xEFFF, 0xEFFF, 0xE7BE, 0xEFDF, 0xEFFF, 0xEFFF, 0xEFFF, 0xEFFF, 0xE7BE, 0xEFDF,
  0xEFDF, 0xEFDF, 0xEFFF, 0xEFFF, 0xEFFF, 0xEFFF, 0xEFDF, 0xEFDF, 0xEFFF, 0xEFFF, 0xEFFF, 0xEFDF,
  0xE7BE, 0xE7BE, 0xE79E, 0xEFDF, 0xEFDF, 0xEFDF, 0xE7BF, 0xDF7E, 0xDF5E, 0xDF5E, 0xD73D, 0xCEFD,
  0xCEFD, 0xCEDD, 0xCEDD, 0xCEDD, 0xCEDD, 0xCEDD, 0xCEDD, 0xCEBD, 0xCEBD, 0xCEBD, 0xCEBD, 0xCEBD,
  0xC6BD, 0xC6BC, 0xC69C, 0xC6BC, 0xC6BC, 0xCEBC, 0xCEBC, 0xCEBC, 0xCEDD, 0xC69D, 0xADFA, 0xA599,
  0x9558, 0x8D18, 0x84D7, 0x7CB6, 0x7476, 0x6C34, 0x63F4, 0x5BB3, 0x5B93, 0x5372, 0x5372, 0x4B52,
  0x4B52, 0x4B51, 0x4331, 0x4B51, 0x4B52, 0x4B52, 0x4B73, 0x5BD4, 0x63F5, 0x5BF5, 0x5BF5, 0x63F5,
  0x5BD5, 0x53B4, 0x5393, 0x5393, 0x5BB4, 0x5BD4, 0x0907, 0x0907, 0x0907, 0x0907, 0x0907, 0x0907,
  0x0907, 0x0927, 0x0927, 0x1128, 0x1128, 0x1128, 0x1128, 0x1128, 0x1148, 0x1149, 0x1169, 0x1169,
  0x1169, 0x1169, 0x118A, 0x19AA, 0x21EB, 0x2A0C, 0x324D, 0x3AAE, 0x4AEF, 0x5350, 0x63B1, 0x7433,
  0x8494, 0x9D36, 0xADB8, 0xC65A, 0xE77E, 0xF7BE, 0xF7BE, 0xF79E, 0xEF9E, 0xEF7E, 0xF79E, 0xF7BE,
  0xF79E, 0xEF7D, 0xEF7D, 0xF79E, 0xF79E, 0xF79E, 0xEF9E, 0xF7BE, 0xEF7E, 0xE75D, 0xE75D, 0xDF1C,
  0xDF3D, 0xEF9E, 0xE77E, 0xE77E, 0xE75D, 0xE77E, 0xE77E, 0xEF9E, 0xEFBE, 0xE79E, 0xDF7D, 0xDF5D,
  0xE79E, 0xE79E, 0xEFDF, 0xE79E, 0xE79E, 0xE79E, 0xE79E, 0xEFDF, 0xEFDF, 0xEFDF, 0xE79E, 0xDF9E,
  0xE7BF, 0xDF7D, 0xD73D, 0xD75D, 0xD75D, 0xD75D, 0xDF7E, 0xD75D, 0xCF1C, 0xDF7E, 0xDF9E, 0xDF7E,
  0xD75D, 0xD73D, 0xD73D, 0xD75D, 0xD75D, 0xD75D, 0xD75D, 0xE7BF, 0xDF9E, 0xE79E, 0xE79E, 0xDF7E,
  0xE79E, 0xDF9E, 0xDF9E, 0xE7BE, 0xE7DF, 0xE7DF, 0xE7DF, 0xE7BF, 0xE79E, 0xE7BF, 0xEFDF, 0xEFFF,
  0xE7BE, 0xE7BF, 0xE7BF, 0xEFDF, 0xE7DF, 0xEFDF, 0xEFFF, 0xEFFF, 0xEFFF, 0xEFFF, 0xEFFF, 0xEFFF,
  0xEFFF, 0xEFFF, 0xEFFF, 0xEFFF, 0xEFFF, 0xEFFF, 0xEFFF, 0xE7BE, 0xE7DF, 0xEFDF, 0xE7DF, 0xE7BE,
  0xEFFF, 0xEFFF, 0xEFFF, 0xE7BE, 0xE7BE, 0xEFDF, 0xEFFF, 0xEFFF, 0xEFFF, 0xEFFF, 0xEFDF, 0xEFDF,
  0xE7BF, 0xE79F, 0xE79F, 0xE79F, 0xDF7E, 0xDF7E, 0xDF5E, 0xDF5E, 0xD71E, 0xD6FE, 0xCEFD, 0xCEFD,
  0xCEDD, 0xCEDD, 0xCEDD, 0xCEDD, 0xCEDD, 0xCEDD, 0xCEDD, 0xCEBD, 0xCEBD, 0xCEBD, 0xC6BC, 0xC69C,
  0xC6BC, 0xCEBC, 0xCEBC, 0xCEDD, 0xCEDD, 0xCEDD, 0xC69C, 0xADFA, 0xA5B9, 0x9558, 0x8D38, 0x84F7,
  0x7CB6, 0x7476, 0x6C35, 0x6414, 0x5BD3, 0x5BB3, 0x5393, 0x5393, 0x5372, 0x4B72, 0x4B51, 0x4B51,
  0x4B31, 0x4B52, 0x4B52, 0x5372, 0x5BD4, 0x6436, 0x6C36, 0x6416, 0x6415, 0x5BF5, 0x5BD4, 0x5BD4,
  0x53B3, 0x53B3, 0x5BD4, 0x0907, 0x0907, 0x0907, 0x0907, 0x0907, 0x0907, 0x0907, 0x0907, 0x0927,
  0x0927, 0x0907, 0x1128, 0x1128, 0x1128, 0x0928, 0x1149, 0x1169, 0x1169, 0x1169, 0x1169, 0x1189,
  0x19AA, 0x21EB, 0x2A0C, 0x324D, 0x3AAE, 0x42EF, 0x5350, 0x63B1, 0x7433, 0x8494, 0x9516, 0xADB8,
  0xBE3A, 0xDF1D, 0xEF9E, 0xEF7E, 0xEF9E, 0xF79E, 0xEF9E, 0xEF7E, 0xF79E, 0xEF7E, 0xEF7E, 0xEF7D,
  0xF79E, 0xF79E, 0xF7BE, 0xEF9E, 0xEF9E, 0xF7BE, 0xEF9E, 0xEF9E, 0xEF9E, 0xEF9E, 0xE77E, 0xEF9E,
  0xEF9E, 0xE77E, 0xEF9E, 0xEF9E, 0xEF9E, 0xEFBE, 0xE79E, 0xE79E, 0xDF5D, 0xDF7D, 0xE79E, 0xE7BF,
  0xE79E, 0xE79E, 0xDF7E, 0xDF5D, 0xDF7D, 0xE7BE, 0xE7BE, 0xE7BE, 0xDF7D, 0xD75D, 0xCF1C, 0xD75D,
  0xDF7E, 0xDF5D, 0xD75D, 0xDF7E, 0xD73D, 0xCEFC, 0xD73D, 0xDF9E, 0xDF9E, 0xDF9E, 0xDF7E, 0xD75D,
  0xD73D, 0xD75D, 0xD75D, 0xDF5D, 0xE79E, 0xDF9E, 0xE7BE, 0xE79E, 0xD75D, 0xDF5D, 0xE79E, 0xE7BE,
  0xE7DF, 0xE7DF, 0xEFDF, 0xE7BE, 0xE7BE, 0xE7BE, 0xE79E, 0xE7BF, 0xE7DF, 0xE7BF, 0xE7BF, 0xE7BE,
  0xE7DF, 0xE7DF, 0xE7BE, 0xEFFF, 0xEFFF, 0xEFFF, 0xEFFF, 0xEFFF, 0xEFFF, 0xEFFF, 0xEFFF, 0xEFFF,
  0xEFFF, 0xEFFF, 0xEFFF, 0xEFDF, 0xE79E, 0xE79E, 0xEFDF, 0xEFDF, 0xDF9E, 0xE7BE, 0xE7BE, 0xEFFF,
  0xEFDF, 0xE7BE, 0xE7BE, 0xEFDF, 0xEFFF, 0xEFFF, 0xEFFF, 0xEFFF, 0xEFDF, 0xE79E, 0xE79E, 0xE79E,
  0xE77E, 0xE77E, 0xE77E, 0xDF5E, 0xD73E, 0xD6FD, 0xD6FD, 0xCEDD, 0xCEFD, 0xD6FD, 0xCEFD, 0xCEDD,
  0xCEDD, 0xCEDD, 0xCEFD, 0xCEFD, 0xCEDD, 0xCEBD, 0xCEBD, 0xCEDD, 0xCEBD, 0xCEBD, 0xCEBD, 0xCEDD,
  0xD6FD, 0xD6FD, 0xD6FD, 0xC69C, 0xADFA, 0x9D99, 0x9558, 0x8D38, 0x84F7, 0x7CB6, 0x7475, 0x6C34,
  0x6414, 0x5BD4, 0x5BB3, 0x5BD3, 0x5BD3, 0x5BD3, 0x5BD3, 0x53B3, 0x5393, 0x5393, 0x5372, 0x53B3,
  0x6415, 0x6415, 0x6C56, 0x6C76, 0x6C36, 0x6415, 0x63F5, 0x5BF4, 0x5BF4, 0x5BD4, 0x53B3, 0x5BB3,
  0x0907, 0x0907, 0x08E6, 0x0907, 0x0907, 0x0907, 0x0907, 0x0907, 0x0907, 0x0907, 0x0907, 0x1128,
  0x1128, 0x1148, 0x0948, 0x0948, 0x1169, 0x1169, 0x1169, 0x1169, 0x1189, 0x19AA, 0x21EB, 0x220C,
  0x2A4D, 0x3A8E, 0x42CF, 0x4B30, 0x5B91, 0x6C12, 0x7C94, 0x9516, 0xA597, 0xBE19, 0xD6DC, 0xEF9E,
  0xEF9E, 0xF79E, 0xF7BE, 0xEF9E, 0xF7BE, 0xF7BF, 0xF79E, 0xF79E, 0xEF7E, 0xEF7E, 0xF79E, 0xF7BF,
  0xF7BE, 0xF7BE, 0xF7BE, 0xF7BF, 0xEF9E, 0xEF9E, 0xEF7E, 0xEF9E, 0xEF9E, 0xEFBE, 0xEFBF, 0xEF9E,
  0xEF9E, 0xEF9E, 0xEF9E, 0xEFBE, 0xE79E, 0xDF5D, 0xDF3D, 0xE79E, 0xE79E, 0xE7BE, 0xDF7E, 0xE77E,
  0xE77E, 0xE79E, 0xE77E, 0xE7BE, 0xE79E, 0xDF5D, 0xDF7D, 0xD75D, 0xD77D, 0xDF9E, 0xD75D, 0xCEFC,
  0xD73D, 0xD71C, 0xCEFC, 0xCEFC, 0xD73D, 0xD73C, 0xD75D, 0xD75D, 0xD73C, 0xCF1C, 0xCF1C, 0xD73C,
  0xD73C, 0xD71C, 0xD75D, 0xDF7D, 0xDF5D, 0xD75D, 0xDF7E, 0xE7BE, 0xE79E, 0xDF9E, 0xE79E, 0xE7DF,
  0xEFDF, 0xE7BE, 0xE7BF, 0xE7BE, 0xE7DF, 0xE7DF, 0xE7BE, 0xE79E, 0xE7BE, 0xEFFF, 0xEFFF, 0xE7BE,
  0xE7DF, 0xEFFF, 0xEFFF, 0xEFFF, 0xEFFF, 0xEFFF, 0xEFDF, 0xEFDF, 0xEFFF, 0xEFFF, 0xEFFF, 0xEFFF,
  0xEFFF, 0xDF9D, 0xDF7D, 0xE7BE, 0xE7BE, 0xDF9E, 0xE79E, 0xE7BE, 0xE7BE, 0xE7BE, 0xEFDF, 0xE7BE,
  0xE7BE, 0xEFFF, 0xEFFF, 0xF7FF, 0xEFFF, 0xEFDF, 0xEFDF, 0xE79E, 0xEFBF, 0xEFBF, 0xEFBF, 0xE77E,
  0xD71D, 0xCEFD, 0xD6FD, 0xD6FD, 0xD6FD, 0xD6FD, 0xD6FD, 0xD6FD, 0xD6FD, 0xD6FD, 0xD6FD, 0xDF1E,
  0xDF3E, 0xD6FD, 0xCEDD, 0xCEDD, 0xCEDD, 0xD6FD, 0xCEDD, 0xD6FD, 0xD6FD, 0xDF1D, 0xDF3E, 0xDF5E,
  0xBE5B, 0xADFA, 0xA5B9, 0x9558, 0x8D17, 0x84F7, 0x7CD6, 0x7475, 0x6C55, 0x6434, 0x6414, 0x6414,
  0x6414, 0x6435, 0x6C55, 0x6C55, 0x6C55, 0x6415, 0x6415, 0x6C56, 0x7476, 0x7496, 0x6C76, 0x7476,
  0x7496, 0x7477, 0x6C56, 0x6415, 0x6415, 0x6415, 0x5BD4, 0x5BB3, 0x5BD4, 0x0907, 0x0907, 0x0907,
  0x0907, 0x0907, 0x0907, 0x0907, 0x0907, 0x0927, 0x0927, 0x0928, 0x1128, 0x0928, 0x0948, 0x0948,
  0x0948, 0x1149, 0x1149, 0x1169, 0x1169, 0x118A, 0x19AA, 0x19CB, 0x220C, 0x2A4C, 0x328D, 0x42CF,
  0x4B30, 0x5B91, 0x6BF2, 0x7C74, 0x8CF5, 0xA577, 0xB619, 0xCEBB, 0xEF9F, 0xF79E, 0xEF9E, 0xF7BF,
  0xF7BF, 0xFFDF, 0xF7BF, 0xF7BE, 0xF79E, 0xEF7E, 0xF7BF, 0xF7BE, 0xF7DF, 0xF7DF, 0xF7DF, 0xF7DF,
  0xEF9E, 0xF7BF, 0xF7BF, 0xEF9E, 0xF7BF, 0xEFBE, 0xEFBF, 0xF7DF, 0xEFBF, 0xEF9E, 0xEF9E, 0xEFBF,
  0xEF9E, 0xE79E, 0xEFBE, 0xDF7D, 0xE79E, 0xE77E, 0xE79E, 0xE79E, 0xE79E, 0xE77E, 0xDF7D, 0xE79E,
  0xE7BE, 0xE79E, 0xE7BE, 0xE7BE, 0xE7BE, 0xDF9E, 0xDF9E, 0xDF7E, 0xD73D, 0xD73D, 0xD75D, 0xD75D,
  0xD73D, 0xD73D, 0xD73D, 0xDF7E, 0xD73D, 0xCF1C, 0xD73C, 0xD73C, 0xD75D, 0xD75D, 0xD73D, 0xDF7E,
  0xE7BE, 0xE79E, 0xE79E, 0xDF7E, 0xE79E, 0xDF7D, 0xE7DF, 0xEFDF, 0xE7BF, 0xEFFF, 0xEFDF, 0xEFDF,
  0xEFDF, 0xE7DF, 0xE7BE, 0xE7DF, 0xE7DF, 0xEFFF, 0xEFFF, 0xEFDF, 0xEFDF, 0xE7BF, 0xEFFF, 0xEFFF,
  0xEFFF, 0xEFFF, 0xEFDF, 0xEFDF, 0xEFDF, 0xEFDF, 0xEFFF, 0xEFFF, 0xEFFF, 0xEFFF, 0xE7BE, 0xE7BE,
  0xEFDF, 0xEFDF, 0xEFFF, 0xE7BE, 0xEFDF, 0xEFDF, 0xEFDF, 0xEFDF, 0xEFBF, 0xE7BE, 0xEFFF, 0xEFFF,
  0xF7FF, 0xEFFF, 0xEFFF, 0xF7FF, 0xF7DF, 0xF7DF, 0xF7FF, 0xF7DF, 0xE77E, 0xD71D, 0xD71D, 0xD71D,
  0xD71D, 0xDF1E, 0xDF3E, 0xDF3E, 0xDF1E, 0xDF1D, 0xDF3E, 0xDF3E, 0xE75F, 0xE75E, 0xE75E, 0xD71D,
  0xD6DD, 0xD6FD, 0xD6FD, 0xD6FD, 0xD6FD, 0xDF3E, 0xDF3E, 0xE77E, 0xE75E, 0xBE5B, 0xADFA, 0xA599,
  0x9558, 0x8D17, 0x84F7, 0x7CD6, 0x7476, 0x6C55, 0x6435, 0x6435, 0x6C35, 0x6C55, 0x6C76, 0x7476,
  0x7496, 0x7496, 0x7496, 0x7496, 0x7CB7, 0x7CB7, 0x74B6, 0x7CB6, 0x7C96, 0x7C96, 0x7C96, 0x7476,
  0x6C55, 0x6C35, 0x6C35, 0x6415, 0x63F4, 0x6415, 0x08E6, 0x0907, 0x0907, 0x0907, 0x0907, 0x0907,
  0x0907, 0x0907, 0x0907, 0x0927, 0x0928, 0x0928, 0x1148, 0x1148, 0x1148, 0x1149, 0x1149, 0x1169,
  0x1169, 0x1169, 0x118A, 0x19AA, 0x19CB, 0x220C, 0x2A2C, 0x328D, 0x3ACF, 0x4B30, 0x5B91, 0x63F2,
  0x7454, 0x8CD5, 0x9D57, 0xB5F9, 0xC67A, 0xEF7E, 0xEF9E, 0xF79E, 0xF79E, 0xF7BF, 0xF7BE, 0xF79E,
  0xF79E, 0xEF9E, 0xF7BE, 0xF7DF, 0xF7BE, 0xF7DF, 0xF7BF, 0xF7BF, 0xF7BE, 0xEF9E, 0xF7BF, 0xF7BF,
  0xEF9E, 0xEFBE, 0xEF9E, 0xEFBF, 0xF7DF, 0xEFBF, 0xEFBF, 0xEFBF, 0xEFBF, 0xEFBF, 0xEFBE, 0xE79E,
  0xE77E, 0xE7BE, 0xE79E, 0xE79E, 0xE79E, 0xE7BE, 0xE79E, 0xDF7D, 0xE7BE, 0xE7BF, 0xE7DF, 0xE7BF,
  0xE7BF, 0xE7BE, 0xE7BE, 0xDF9E, 0xDF7E, 0xDF7E, 0xD73D, 0xD75D, 0xD75D, 0xD71C, 0xD73D, 0xC69B,
  0x8CD4, 0xCEFC, 0xD71D, 0xD75D, 0xDF7E, 0xE7BE, 0xDF9E, 0xDF9E, 0xE7BE, 0xDF9E, 0xE7BE, 0xE79E,
  0xDF7E, 0xE79E, 0xE79E, 0xE7BE, 0xEFBE, 0xEFBF, 0xEFFF, 0xEFFF, 0xEFFF, 0xE7DF, 0xEFFF, 0xEFFF,
  0xEFFF, 0xEFDF, 0xEFFF, 0xEFFF, 0xE7DF, 0xEFDF, 0xEFDF, 0xEFDF, 0xEFFF, 0xEFFF, 0xEFFF, 0xEFFF,
  0xE7DF, 0xE7BE, 0xE7DF, 0xEFFF, 0xEFFF, 0xEFFF, 0xEFFF, 0xEFFF, 0xEFFF, 0xEFFF, 0xEFFF, 0xEFFF,
  0xE79E, 0xE79E, 0xE79E, 0xE79E, 0xE7BE, 0xEFBF, 0xEFDF, 0xEFFF, 0xEFFF, 0xEFFF, 0xEFFF, 0xF7FF,
  0xF7FF, 0xF7FF, 0xF7FF, 0xF7FF, 0xF7FF, 0xEF9E, 0xDF3D, 0xDF5E, 0xDF3E, 0xDF3D, 0xDF5E, 0xE75E,
  0xE77F, 0xE75E, 0xE77E, 0xE77E, 0xEF9E, 0xEF9F, 0xEF9F, 0xEF9F, 0xE75E, 0xE75E, 0xDF3E, 0xDF1D,
  0xDF3E, 0xE75E, 0xE77E, 0xEF9E, 0xF7BF, 0xE75E, 0xBE5B, 0xADF9, 0x9D78, 0x9537, 0x8D17, 0x84D7,
  0x7CB6, 0x7476, 0x6C55, 0x6C35, 0x6415, 0x6415, 0x6C35, 0x6C55, 0x7476, 0x7476, 0x7C96, 0x7CB7,
  0x7CB7, 0x84D7, 0x7CF7, 0x7CD7, 0x7CD7, 0x7CD7, 0x7CD7, 0x7CD7, 0x7CB6, 0x7C96, 0x7496, 0x7476,
  0x7476, 0x6C56, 0x6C55, 0x0907, 0x0907, 0x0907, 0x0907, 0x0907, 0x0907, 0x1128, 0x0928, 0x0927,
  0x1148, 0x1148, 0x1148, 0x1148, 0x1169, 0x1149, 0x1149, 0x1169, 0x1169, 0x1189, 0x118A, 0x11AA,
  0x19CB, 0x19CB, 0x220C, 0x2A2D, 0x328E, 0x3ACF, 0x4B30, 0x5371, 0x63D2, 0x7454, 0x84B5, 0x9537,
  0xADD8, 0xC65A, 0xE73D, 0xEF7E, 0xEF9E, 0xEF9E, 0xF79E, 0xF79E, 0xEF9E, 0xEF7D, 0xEF7E, 0xF79E,
  0xFFDF, 0xF7BE, 0xF7BE, 0xEF9E, 0xEF9E, 0xEF9E, 0xF7BE, 0xF7BF, 0xF7BF, 0xF7BE, 0xF7BF, 0xEF9E,
  0xE77E, 0xEF9E, 0xEF9E, 0xE77E, 0xE77D, 0xE77E, 0xEFBE, 0xE79E, 0xDF5D, 0xDF5D, 0xDF7D, 0xE79E,
  0xDF7D, 0xDF5D, 0xDF5D, 0xE77E, 0xDF7E, 0xDF5D, 0xE7BE, 0xEFDF, 0xEFDF, 0xE7BF, 0xE7DF, 0xE7BE,
  0xDF9E, 0xDF9E, 0xD73D, 0xD73D, 0xD75D, 0xD75D, 0xD75D, 0xD71C, 0x3209, 0x0063, 0x6BB0, 0xD73D,
  0xDF9E, 0xE7BE, 0xDF9E, 0xDF9E, 0xDF7D, 0xE79E, 0xE79E, 0xDF5D, 0xDF5D, 0xBE39, 0x73EF, 0x3A28,
  0x2986, 0x3A29, 0x73EF, 0xBE39, 0xE7BE, 0xEFDF, 0xEFDF, 0xEFFF, 0xEFFF, 0xEFDF, 0xE7BE, 0xE7BF,
  0xE7BF, 0xE79E, 0xE79E, 0xDF9E, 0xE7BE, 0xEFFF, 0xEFFF, 0xEFFF, 0xEFFF, 0xEFDF, 0xE7BE, 0xE7BE,
  0xEFDF, 0xEFFF, 0xEFFF, 0xEFFF, 0xEFFF, 0xEFFF, 0xEFFF, 0xEFFF, 0xE7BE, 0xE7BE, 0xEFDF, 0xEFDF,
  0xEFDF, 0xEFBF, 0xEFFF, 0xF7FF, 0xEFFF, 0xF7FF, 0xF7FF, 0xEFFF, 0xF7FF, 0xF7FF, 0xF7FF, 0xF7FF,
  0xF7FF, 0xF7FF, 0xF7FF, 0xEFBF, 0xEFBF, 0xEF9F, 0xE77E, 0xE77E, 0xEF9F, 0xF7BF, 0xEF9E, 0xEF9F,
  0xF7BF, 0xF7DF, 0xF7DF, 0xFFDF, 0xF7BF, 0xF7BF, 0xF7DF, 0xEF9F, 0xE77E, 0xE77E, 0xEF9F, 0xEF9F,
  0xF7DF, 0xFFDF, 0xE73D, 0xC65B, 0xADD9, 0x9D57, 0x8CF7, 0x84F6, 0x7CB6, 0x7475, 0x7455, 0x6C35,
  0x6414, 0x6414, 0x6414, 0x6C35, 0x6C55, 0x7455, 0x7475, 0x7C96, 0x7CB7, 0x7CD7, 0x84D7, 0x84F7,
  0x84F7, 0x84F7, 0x7CB6, 0x7CD6, 0x7CD7, 0x7CD7, 0x7CB6, 0x7CB6, 0x7496, 0x7476, 0x7476, 0x7476,
  0x0907, 0x0907, 0x0907, 0x0907, 0x0907, 0x0907, 0x1148, 0x1128, 0x0928, 0x1148, 0x1149, 0x1149,
  0x1169, 0x1169, 0x1169, 0x1169, 0x118A, 0x118A, 0x118A, 0x11AA, 0x19CB, 0x19CC, 0x19EC, 0x220D,
  0x2A4D, 0x328E, 0x3ACF, 0x4310, 0x5371, 0x63D2, 0x6C33, 0x84B5, 0x9536, 0xA5B8, 0xBE3A, 0xDEFC,
  0xF7BF, 0xF7BE, 0xF79E, 0xF79E, 0xEF9E, 0xEF7D, 0xF79E, 0xF79E, 0xF7BE, 0xF7DF, 0xF79E, 0xEF9E,
  0xEF7E, 0xEF9E, 0xEF9E, 0xEF9E, 0xEF7E, 0xEF9E, 0xEF9E, 0xEF9E, 0xEF9E, 0xEF9E, 0xEF9E, 0xE77E,
  0xE77E, 0xE77D, 0xEF9E, 0xEFDF, 0xEFBE, 0xE79E, 0xE79E, 0xE79E, 0xE77D, 0xE77E, 0xE79E, 0xDF5D,
  0xDF5D, 0xDF5D, 0xE77E, 0xE7BE, 0xEFDF, 0xEFDF, 0xE7DF, 0xE7BE, 0xDF9E, 0xDF9E, 0xDF9E, 0xDF7E,
  0xDF7E, 0xD75D, 0xDF7E, 0xD75D, 0xDF5D, 0x426A, 0x0001, 0x10E4, 0xADF8, 0xDF7E, 0xDF9E, 0xE7BE,
  0xE7BE, 0xDF9E, 0xE79E, 0xE79E, 0xADB7, 0x4269, 0x0041, 0x0000, 0x0000, 0x0000, 0x0021, 0x0021,
  0x0062, 0x638E, 0xE7BF, 0xEFDF, 0xEFFF, 0xEFFF, 0xE7DF, 0xE7BF, 0xE7BF, 0xE7DF, 0xDF9E, 0xD73D,
  0xDF5D, 0xE7BE, 0xE7DF, 0xE7BF, 0xE79E, 0xE7BE, 0xE7DF, 0xE79E, 0xDF9E, 0xE7BE, 0xEFFF, 0xEFFF,
  0xEFFF, 0xEFFF, 0xEFFF, 0xEFFF, 0xE7DF, 0xE7BE, 0xEFDF, 0xEFDF, 0xEFFF, 0xEFFF, 0xE7BE, 0xEFDF,
  0xEFFF, 0xEFFF, 0xEFFF, 0xF7FF, 0xF7FF, 0xF7FF, 0xF7FF, 0xF7FF, 0xF7FF, 0xF7FF, 0xF7FF, 0xF7FF,
  0xF7FF, 0xF7FF, 0xF7DF, 0xF7DF, 0xF7DF, 0xF79F, 0xFFDF, 0xFFDF, 0xFFDF, 0xFFDF, 0xFFDF, 0xFFFF,
  0xFFFF, 0xFFFF, 0xFFFF, 0xFFFF, 0xF7DF, 0xF79F, 0xEF9F, 0xF7DF, 0xFFDF, 0xFFFF, 0xFFFF, 0xDEFC,
  0xBE3A, 0xA5B8, 0x9537, 0x8CD6, 0x7C95, 0x6C34, 0x6414, 0x63F4, 0x63F3, 0x5BD3, 0x5BF3, 0x63F4,
  0x6414, 0x6C35, 0x6C55, 0x6C55, 0x7476, 0x7496, 0x7CB7, 0x7CB7, 0x7CB7, 0x7CB7, 0x7CD7, 0x7496,
  0x7496, 0x7C96, 0x7CB6, 0x7475, 0x7475, 0x7496, 0x7476, 0x7476, 0x7475, 0x0907, 0x0907, 0x0907,
  0x0907, 0x0907, 0x0907, 0x1128, 0x1148, 0x0928, 0x0948, 0x1169, 0x1169, 0x118A, 0x118A, 0x118A,
  0x118A, 0x118A, 0x11AB, 0x11CB, 0x11CB, 0x19CB, 0x19EC, 0x21EC, 0x220D, 0x2A4D, 0x326E, 0x32AF,
  0x4310, 0x4B51, 0x5BB2, 0x6C13, 0x7C95, 0x8CF6, 0xA598, 0xB619, 0xCEBB, 0xF7DF, 0xF7DF, 0xF7BE,
  0xF7BF, 0xF79E, 0xF7BE, 0xF7BE, 0xF79E, 0xF7BE, 0xF7BE, 0xEF7E, 0xEF9E, 0xEF9E, 0xEF7D, 0xEF7D,
  0xEF9E, 0xEF7E, 0xEF7D, 0xEF7D, 0xEF7E, 0xEF7E, 0xE77D, 0xEF9E, 0xEF9E, 0xE77D, 0xE75D, 0xE77E,
  0xE79E, 0xE79E, 0xE79E, 0xDF5D, 0xDF7D, 0xE77D, 0xE77E, 0xE77D, 0xDF5D, 0xDF3D, 0xE79E, 0xE79E,
  0xEFDF, 0xEFDF, 0xEFDF, 0xEFDF, 0xE7BE, 0xDF7E, 0xE7BE, 0xDF9E, 0xE79E, 0xDF7E, 0xDF9E, 0xDF7E,
  0xDF7E, 0xE7BF, 0xCEDC, 0x10C3, 0x0021, 0x3A29, 0xD73D, 0xDF7E, 0xE7BE, 0xDF9E, 0xE7BE, 0xE79E,
  0xBE59, 0x8CB2, 0x0882, 0x0000, 0x0000, 0x0000, 0x0000, 0x0021, 0x0842, 0x0842, 0x0042, 0x7C51,
  0xE7BF, 0xEFFF, 0xEFFF, 0xE7DF, 0xE7BE, 0xE7BF, 0xE7DF, 0xE7BE, 0xDF5D, 0xE79E, 0xE7DF, 0xE7DF,
  0xE7DF, 0xE7BF, 0xEFFF, 0xE7DF, 0xE7BF, 0xE7BE, 0xE79E, 0xEFDF, 0xEFFF, 0xEFFF, 0xEFFF, 0xEFFF,
  0xEFFF, 0xE7DF, 0xEFDF, 0xEFFF, 0xEFFF, 0xEFDF, 0xEFFF, 0xEFDF, 0xE79E, 0xEFDF, 0xEFFF, 0xEFFF,
  0xF7FF, 0xF7FF, 0xF7FF, 0xF7FF, 0xF7FF, 0xF7FF, 0xF7FF, 0xF7FF, 0xF7FF, 0xFFFF, 0xFFFF, 0xFFFF,
  0xFFDF, 0xFFDF, 0xFFDF, 0xFFDF, 0xFFFF, 0xFFFF, 0xFFFF, 0xFFFF, 0xFFFF, 0xFFFF, 0xFFFF, 0xFFFF,
  0xFFFF, 0xFFDF, 0xFFDF, 0xF7DF, 0xFFDF, 0xFFFF, 0xFFFF, 0xFFDF, 0xCE9B, 0xB619, 0xA598, 0x9516,
  0x7C95, 0x6C34, 0x63D3, 0x5B92, 0x5392, 0x5392, 0x5392, 0x53B2, 0x5BB3, 0x5BD3, 0x63F4, 0x6414,
  0x6414, 0x6C35, 0x7476, 0x7476, 0x7476, 0x7476, 0x7476, 0x7476, 0x7476, 0x6C75, 0x6C55, 0x6C35,
  0x5BD3, 0x5BB2, 0x5BD3, 0x63F4, 0x6414, 0x6C34, 0x08E6, 0x08E6, 0x08E6, 0x0907, 0x0907, 0x0907,
  0x0927, 0x0928, 0x0928, 0x0948, 0x1169, 0x1169, 0x1169, 0x118A, 0x118A, 0x11AB, 0x11AB, 0x11AB,
  0x19CB, 0x19CC, 0x19EC, 0x19EC, 0x19EC, 0x220D, 0x222D, 0x2A6E, 0x32AF, 0x3AEF, 0x4B50, 0x5B91,
  0x63F3, 0x7C74, 0x8CD6, 0x9D77, 0xADF9, 0xC67B, 0xEF7E, 0xF7DF, 0xF7BF, 0xF7BE, 0xF79E, 0xF7BE,
  0xF79E, 0xF79E, 0xF79E, 0xEF9E, 0xEF7D, 0xEF7E, 0xE75D, 0xE75D, 0xEF7D, 0xEF9E, 0xEF7D, 0xEF7E,
  0xEF7D, 0xEF7D, 0xEF7D, 0xEF7D, 0xE77D, 0xE77D, 0xE77E, 0xE77D, 0xE77D, 0xEF9E, 0xEF9E, 0xDF5D,
  0xE77D, 0xE77D, 0xDF5D, 0xDF5D, 0xDF7D, 0xDF5D, 0xDF7D, 0xE79E, 0xE7BE, 0xEFDF, 0xEFDF, 0xE7DF,
  0xEFDF, 0xE79E, 0xDF7E, 0xDF9E, 0xE7BE, 0xE7BE, 0xDF5D, 0xD75D, 0xDF9E, 0xDF7E, 0xDF9E, 0xDF7E,
  0x9D14, 0x0021, 0x0083, 0x7C31, 0xDF7E, 0xDF9E, 0xE7BE, 0xE7BF, 0xE79E, 0x8CB3, 0x0882, 0x0000,
  0x0000, 0x0000, 0x0000, 0x0000, 0x0000, 0x0021, 0x0042, 0x0862, 0x08A3, 0xCE9B, 0xEFDF, 0xEFFF,
  0xEFDF, 0xE7BF, 0xE7BE, 0xE7BE, 0xE79E, 0xE7BF, 0xEFFF, 0xEFFF, 0xE7DF, 0xE7DF, 0xE79E, 0xE79E,
  0xE7BE, 0xE7BF, 0xDF9E, 0xDF7D, 0xE7DF, 0xEFDF, 0xE7DF, 0xE7DF, 0xE7DF, 0xEFDF, 0xEFDF, 0xEFFF,
  0xEFFF, 0xF7FF, 0xF7FF, 0xEFFF, 0xEFFF, 0xE7BE, 0xE7BE, 0xEFDF, 0xF7FF, 0xF7FF, 0xF7FF, 0xF7FF,
  0xF7FF, 0xF7FF, 0xF7FF, 0xF7FF, 0xF7FF, 0xFFFF, 0xFFFF, 0xFFFF, 0xFFDF, 0xFFDF, 0xFFDF, 0xFFDF,
  0xFFFF, 0xFFFF, 0xFFFF, 0xFFFF, 0xFFFF, 0xFFFF, 0xFFFF, 0xFFFF, 0xFFFF, 0xFFFF, 0xFFFF, 0xFFFF,
  0xFFFF, 0xFFFF, 0xFFFF, 0xFFFF, 0xEF9E, 0xC67A, 0xB5F9, 0x9D77, 0x8CF6, 0x7474, 0x6C13, 0x5BB2,
  0x5371, 0x4B51, 0x4B51, 0x4B51, 0x4B51, 0x5372, 0x5392, 0x5392, 0x5BB3, 0x5BD3, 0x6414, 0x6C55,
  0x7456, 0x6C55, 0x6C35, 0x6C35, 0x6C35, 0x6C35, 0x6434, 0x6414, 0x5BD3, 0x5392, 0x4B51, 0x4B51,
  0x5372, 0x5BD3, 0x6414, 0x08C6, 0x08C6, 0x08E6, 0x0907, 0x0907, 0x0907, 0x0907, 0x0907, 0x0927,
  0x0928, 0x1169, 0x1169, 0x1169, 0x118A, 0x11AB, 0x11AB, 0x11AB, 0x11AB, 0x11CB, 0x19CC, 0x19CC,
  0x19EC, 0x19EC, 0x220D, 0x222D, 0x2A6E, 0x32AF, 0x42F0, 0x4B30, 0x5391, 0x63F3, 0x7454, 0x84B5,
  0x9557, 0xADD8, 0xBE5A, 0xDF1D, 0xF7BF, 0xF79E, 0xF7BE, 0xF7DF, 0xF7DF, 0xF7BF, 0xF79E, 0xEF5D,
  0xEF5D, 0xE75D, 0xE75D, 0xE73D, 0xE75D, 0xEF7E, 0xEF7E, 0xE75D, 0xEF7E, 0xEF7E, 0xEF9E, 0xEF9E,
  0xE77D, 0xE77D, 0xE77E, 0xDF5D, 0xE75D, 0xE75D, 0xE79E, 0xE77D, 0xDF5D, 0xDF5D, 0xDF5D, 0xDF5D,
  0xDF5D, 0xDF5D, 0xDF5D, 0xDF7D, 0xE7BE, 0xEFDF, 0xEFDF, 0xEFDF, 0xEFDF, 0xEFFF, 0xEFDF, 0xE7BF,
  0xE7BE, 0xDF9E, 0xDF9E, 0xD75D, 0xD73D, 0xDF7E, 0xDF7E, 0xD75D, 0xDF5D, 0xE79E, 0x52CC, 0x0021,
  0x10C4, 0xBE39, 0xDF5D, 0xE79E, 0xB618, 0x426A, 0x0021, 0x0000, 0x0000, 0x0000, 0x0000, 0x0000,
  0x0000, 0x0000, 0x0000, 0x0001, 0x0021, 0x0042, 0x5B2D, 0xDF7E, 0xE7BF, 0xE7BF, 0xE7BE, 0xE79E,
  0xE7BF, 0xEFDF, 0xEFDF, 0xEFDF, 0xE7DF, 0xE7DF, 0xE7BE, 0xE79E, 0xE7DF, 0xE7BE, 0xE7BE, 0xEFDF,
  0xEFDF, 0xEFDF, 0xEFFF, 0xE7BE, 0xE7BE, 0xE7BE, 0xE79E, 0xE79E, 0xE79E, 0xEFDF, 0xF7FF, 0xEFFF,
  0xF7FF, 0xEFFF, 0xEFBF, 0xE79E, 0xEFDF, 0xEFFF, 0xF7FF, 0xF7FF, 0xF7FF, 0xF7FF, 0xF7FF, 0xF7FF,
  0xF7FF, 0xF7FF, 0xFFFF, 0xFFFF, 0xF7DF, 0xF7BF, 0xFFFF, 0xFFFF, 0xFFDF, 0xFFFF, 0xFFFF, 0xFFFF,
  0xFFFF, 0xFFFF, 0xFFFF, 0xFFFF, 0xFFFF, 0xFFFF, 0xFFFF, 0xFFFF, 0xFFFF, 0xFFFF, 0xFFFF, 0xFFFF,
  0xFFFF, 0xDF1D, 0xBE5A, 0xADB8, 0x9537, 0x84D5, 0x7454, 0x63F3, 0x5392, 0x4B31, 0x42F0, 0x3AEF,
  0x3ACF, 0x42F0, 0x4331, 0x4310, 0x3AF0, 0x4310, 0x5372, 0x5BD3, 0x6414, 0x6C35, 0x6414, 0x63F4,
  0x5BD3, 0x5BD3, 0x5BB3, 0x5BB3, 0x5BB3, 0x53B3, 0x5372, 0x4310, 0x42F0, 0x4B51, 0x5392, 0x5BD3,
  0x08E6, 0x08C6, 0x08E6, 0x08E6, 0x08E6, 0x08E6, 0x0907, 0x0907, 0x0928, 0x0928, 0x0928, 0x1149,
  0x1169, 0x118A, 0x118A, 0x11AB, 0x11AB, 0x11CB, 0x19CC, 0x19CC, 0x19CC, 0x19EC, 0x19EC, 0x220D,
  0x222D, 0x2A6E, 0x328E, 0x3ACF, 0x4330, 0x5371, 0x63D2, 0x6C34, 0x7C95, 0x9516, 0xA598, 0xBE19,
  0xCEBB, 0xEF9E, 0xF7BE, 0xF7BF, 0xF7BE, 0xF7BE, 0xF7BE, 0xF79E, 0xEF7D, 0xEF7D, 0xE75D, 0xE75D,
  0xDF1C, 0xE73D, 0xEF7E, 0xEF9E, 0xEF7D, 0xEF9E, 0xEF7E, 0xEF7E, 0xEF9E, 0xEF7E, 0xE77D, 0xE75D,
  0xDF3D, 0xDF5D, 0xE77D, 0xE77E, 0xE77D, 0xDF5D, 0xDF5D, 0xDF3D, 0xDF5D, 0xE77E, 0xDF5D, 0xE77D,
  0xE79E, 0xE7BE, 0xEFBF, 0xEFDF, 0xEFFF, 0xEFFF, 0xEFDF, 0xEFDF, 0xE7DF, 0xE7DF, 0xE7BE, 0xDF9E,
  0xDF5D, 0xDF5D, 0xD73D, 0xD75D, 0xDF9E, 0xDF7E, 0xDF9E, 0xD6FC, 0x1104, 0x0021, 0x3A29, 0xCEBB,
  0x6BAF, 0x08A3, 0x0020, 0x0000, 0x0000, 0x0000, 0x0000, 0x0000, 0x0000, 0x0000, 0x0000, 0x0000,
  0x0000, 0x0000, 0x0001, 0x1905, 0xDF3D, 0xE7BF, 0xE7BF, 0xE7BF, 0xEFDF, 0xE7BF, 0xEFDF, 0xEFFF,
  0xE7DF, 0xE7BF, 0xE79E, 0xE7BE, 0xE79E, 0xE7DF, 0xEFFF, 0xE7BF, 0xE7BE, 0xE7DF, 0xE7DF, 0xEFDF,
  0xEFDF, 0xE7DF, 0xEFDF, 0xE7BE, 0xE79E, 0xE7BE, 0xEFBF, 0xF7FF, 0xF7FF, 0xF7FF, 0xF7FF, 0xEFDF,
  0xE79E, 0xE79E, 0xEFDF, 0xF7FF, 0xF7FF, 0xF7FF, 0xF7FF, 0xF7FF, 0xF7FF, 0xF7FF, 0xF7FF, 0xFFFF,
  0xFFFF, 0xFFDF, 0xFFDF, 0xFFFF, 0xFFFF, 0xF7BE, 0xFFFF, 0xFFFF, 0xFFFF, 0xFFFF, 0xFFFF, 0xFFFF,
  0xFFFF, 0xFFFF, 0xFFFF, 0xFFFF, 0xFFFF, 0xFFFF, 0xFFFF, 0xFFFF, 0xFFFF, 0xFFDF, 0xCE9B, 0xB619,
  0xA598, 0x9516, 0x7C95, 0x6C34, 0x5BD2, 0x5371, 0x4330, 0x3AD0, 0x32AF, 0x328E, 0x32AF, 0x32AF,
  0x328E, 0x2A6E, 0x328E, 0x3AF0, 0x4B31, 0x5372, 0x5393, 0x5392, 0x5372, 0x5372, 0x4B51, 0x4B31,
  0x4331, 0x4331, 0x4B51, 0x4310, 0x328E, 0x328E, 0x42F0, 0x5392, 0x63F4, 0x08C5, 0x08C5, 0x08C6,
  0x08E6, 0x08E6, 0x0907, 0x0907, 0x0907, 0x0907, 0x0928, 0x0928, 0x0948, 0x1149, 0x0949, 0x1169,
  0x118A, 0x11AB, 0x11CB, 0x19CB, 0x19CB, 0x19CB, 0x19CC, 0x19EC, 0x1A0C, 0x220C, 0x2A4D, 0x2A8E,
  0x3AAF, 0x4310, 0x4B51, 0x5BB2, 0x6C13, 0x7C75, 0x8CF6, 0x9D78, 0xB5F9, 0xC69B, 0xE75E, 0xF7BF,
  0xF7BF, 0xF79E, 0xF79E, 0xF79E, 0xEF7D, 0xEF7E, 0xEF7E, 0xEF5D, 0xE75D, 0xE73D, 0xE73D, 0xEF5D,
  0xF79E, 0xF79E, 0xF79E, 0xF79E, 0xF79E, 0xEF7D, 0xE73D, 0xE75D, 0xDF3D, 0xDF3D, 0xDF5D, 0xE75D,
  0xDF5D, 0xDF5D, 0xE77E, 0xDF5D, 0xDF5D, 0xE79E, 0xE77E, 0xDF5D, 0xDF7D, 0xE79E, 0xE79E, 0xEFBE,
  0xEFDF, 0xEFDF, 0xEFDF, 0xE79E, 0xE7BF, 0xEFDF, 0xE7BE, 0xE7BE, 0xDF9E, 0xD75D, 0xD73D, 0xD73D,
  0xD73D, 0xD73D, 0xD75D, 0xDF9E, 0xE79E, 0xA575, 0x0021, 0x0000, 0x0882, 0x0021, 0x0000, 0x0000,
  0x0000, 0x0000, 0x0000, 0x0000, 0x0000, 0x0000, 0x0000, 0x0000, 0x0000, 0x0000, 0x0000, 0x0000,
  0x0041, 0xC67A, 0xE79E, 0xE7BE, 0xE7BE, 0xE7BF, 0xE7DF, 0xEFFF, 0xEFFF, 0xEFDF, 0xE7BF, 0xE7BF,
  0xEFDF, 0xE7DF, 0xEFFF, 0xEFDF, 0xEFDF, 0xDF7D, 0xE7BF, 0xEFDF, 0xE7BF, 0xEFDF, 0xE7BE, 0xE7BE,
  0xE79E, 0xE7BE, 0xE79E, 0xE7BE, 0xEFFF, 0xF7FF, 0xF7FF, 0xF7FF, 0xF7FF, 0xEFBE, 0xEFBF, 0xF7DF,
  0xF7FF, 0xF7FF, 0xF7FF, 0xF7FF, 0xF7FF, 0xF7FF, 0xF7FF, 0xFFFF, 0xFFFF, 0xFFFF, 0xFFFF, 0xFFDF,
  0xFFFF, 0xFFFF, 0xFFDF, 0xFFFF, 0xFFFF, 0xFFFF, 0xFFFF, 0xFFFF, 0xFFFF, 0xFFFF, 0xFFFF, 0xFFFF,
  0xFFFF, 0xFFFF, 0xFFFF, 0xFFFF, 0xFFFF, 0xFFFF, 0xEF9E, 0xC67B, 0xB5F9, 0x9D77, 0x8CF6, 0x7474,
  0x6C13, 0x5BB2, 0x4B51, 0x4310, 0x3ACF, 0x328E, 0x2A6E, 0x2A6E, 0x2A4E, 0x222D, 0x222D, 0x220D,
  0x2A4E, 0x2A6E, 0x2A6E, 0x328F, 0x328F, 0x328E, 0x3ACF, 0x3ACF, 0x3AAF, 0x328F, 0x328F, 0x3AAF,
  0x32AF, 0x2A4D, 0x2A2D, 0x32AF, 0x5392, 0x63F4, 0x08C5, 0x08C5, 0x08C5, 0x08C6, 0x08E6, 0x08E6,
  0x08E6, 0x0907, 0x0907, 0x0927, 0x0928, 0x0928, 0x0948, 0x0928, 0x1149, 0x1169, 0x118A, 0x118A,
  0x118A, 0x11AB, 0x11CB, 0x19CB, 0x19CB, 0x19EC, 0x220D, 0x222D, 0x2A6E, 0x328E, 0x3AEF, 0x4B30,
  0x5391, 0x63F3, 0x7454, 0x84D5, 0x9537, 0xADD9, 0xBE5A, 0xDF1D, 0xF7BF, 0xF7BE, 0xF7BF, 0xF7BE,
  0xEF9E, 0xF79E, 0xEF7E, 0xEF7D, 0xE73D, 0xE73D, 0xE75D, 0xE73D, 0xEF5D, 0xEF9E, 0xEF9E, 0xF79E,
  0xF79E, 0xF79E, 0xEF7E, 0xE73D, 0xE75D, 0xE75D, 0xE75D, 0xE75D, 0xE75D, 0xE75D, 0xE77D, 0xE79E,
  0xE79E, 0xE79E, 0xEFBE, 0xE7BE, 0xE7BE, 0xE77E, 0xDF7D, 0xE79E, 0xEFDF, 0xEFDF, 0xEFDF, 0xE7BE,
  0xE79E, 0xDF7D, 0xE79E, 0xDF7E, 0xDF7D, 0xDF5D, 0xD73D, 0xD73C, 0xD73C, 0xD73D, 0xD73D, 0xD75D,
  0xDF9E, 0xE79E, 0xE79E, 0x634D, 0x0000, 0x0000, 0x0000, 0x0000, 0x0000, 0x0000, 0x0000, 0x0000,
  0x0000, 0x0000, 0x0000, 0x0000, 0x0000, 0x0000, 0x0000, 0x0000, 0x0001, 0x0021, 0xA556, 0xE7BF,
  0xDF7D, 0xE79E, 0xEFFF, 0xEFFF, 0xEFFF, 0xEFFF, 0xEFFF, 0xE7DF, 0xEFDF, 0xEFFF, 0xEFDF, 0xEFDF,
  0xEFFF, 0xEFFF, 0xE79E, 0xDF9E, 0xE7BF, 0xE7BF, 0xE7BE, 0xEFFF, 0xEFFF, 0xEFDF, 0xEFDF, 0xEFDF,
  0xEFDF, 0xF7FF, 0xF7FF, 0xF7FF, 0xF7FF, 0xF7FF, 0xEFBE, 0xEFDF, 0xF7FF, 0xF7FF, 0xF7FF, 0xF7FF,
  0xF7FF, 0xF7FF, 0xFFFF, 0xFFFF, 0xFFFF, 0xFFFF, 0xFFFF, 0xFFFF, 0xFFDF, 0xFFFF, 0xFFFF, 0xFFFF,
  0xFFFF, 0xFFFF, 0xFFFF, 0xFFFF, 0xFFFF, 0xFFFF, 0xFFFF, 0xFFFF, 0xFFFF, 0xFFFF, 0xFFFF, 0xFFFF,
  0xFFFF, 0xFFFF, 0xFFFF, 0xDF1C, 0xBE5A, 0xADB8, 0x9537, 0x84B5, 0x7454, 0x63F3, 0x5391, 0x4B30,
  0x42F0, 0x32AF, 0x2A6E, 0x2A4E, 0x222D, 0x220D, 0x1A0D, 0x1A0C, 0x1A0C, 0x1A0C, 0x220D, 0x220C,
  0x220D, 0x222D, 0x222D, 0x2A4D, 0x2A4E, 0x2A4E, 0x2A4E, 0x326E, 0x2A4E, 0x2A4D, 0x2A2D, 0x326E,
  0x4310, 0x5BD3, 0x6415, 0x08C5, 0x08C5, 0x08C5, 0x08C6, 0x08E6, 0x08E6, 0x08E6, 0x0907, 0x0907,
  0x0927, 0x0927, 0x0927, 0x0927, 0x0928, 0x1148, 0x1149, 0x1169, 0x1169, 0x116A, 0x118A, 0x11AA,
  0x19CB, 0x19CB, 0x19EC, 0x220C, 0x222D, 0x2A4D, 0x328E, 0x3ACF, 0x4310, 0x5371, 0x5BD2, 0x6C33,
  0x7C95, 0x8D16, 0xA598, 0xB61A, 0xCEBB, 0xF79F, 0xF79E, 0xF79E, 0xF7BE, 0xF7DF, 0xF7BF, 0xF79E,
  0xEF5D, 0xEF5D, 0xE73D, 0xE75D, 0xE73D, 0xEF7E, 0xEF7E, 0xEF7D, 0xEF7D, 0xEF7E, 0xEF5D, 0xE75D,
  0xEF7D, 0xE77D, 0xEF7D, 0xEF7E, 0xEF7E, 0xE77E, 0xE75D, 0xDF5D, 0xE77E, 0xE79E, 0xE79E, 0xEFBF,
  0xE77D, 0xDF7D, 0xDF5D, 0xDF5D, 0xE7BE, 0xE7BE, 0xE7BE, 0xE79E, 0xE79E, 0xDF7D, 0xDF7D, 0xDF5D,
  0xD73C, 0xD73D, 0xD73C, 0xD73C, 0xD73C, 0xD73D, 0xD73D, 0xD71C, 0xD73C, 0xDF7D, 0xE7BE, 0xE79E,
  0xD6FB, 0x10C3, 0x0000, 0x0020, 0x4A49, 0x18E3, 0x0000, 0x0000, 0x0000, 0x0000, 0x0000, 0x0000,
  0x0000, 0x0000, 0x0000, 0x0000, 0x0000, 0x0001, 0x0021, 0x08A3, 0x7C31, 0xDF7E, 0xE79E, 0xE7DF,
  0xEFFF, 0xEFFF, 0xEFFF, 0xE7DF, 0xE7DF, 0xE7DF, 0xEFFF, 0xEFFF, 0xEFFF, 0xEFFF, 0xEFFF, 0xE7DF,
  0xDF9E, 0xE79E, 0xE79E, 0xEFDF, 0xEFFF, 0xEFFF, 0xEFFF, 0xEFFF, 0xEFFF, 0xEFFF, 0xF7FF, 0xF7FF,
  0xEFDF, 0xEFBF, 0xE79E, 0xEFBE, 0xEFDF, 0xEFDF, 0xF7FF, 0xF7FF, 0xFFFF, 0xF7FF, 0xF7DF, 0xFFFF,
  0xFFFF, 0xFFFF, 0xFFFF, 0xFFFF, 0xFFFF, 0xFFFF, 0xFFFF, 0xFFFF, 0xFFFF, 0xFFFF, 0xFFFF, 0xFFFF,
  0xFFFF, 0xFFFF, 0xFFFF, 0xFFFF, 0xFFFF, 0xFFFF, 0xFFFF, 0xFFFF, 0xFFFF, 0xFFFF, 0xFFFF, 0xF7DF,
  0xCE9B, 0xB619, 0xA578, 0x8D16, 0x7C95, 0x6C34, 0x5BD2, 0x5371, 0x4330, 0x3ACF, 0x328F, 0x2A6E,
  0x222D, 0x220D, 0x1A0D, 0x19EC, 0x19EC, 0x19EC, 0x19EC, 0x19EC, 0x19EC, 0x19EC, 0x220D, 0x222D,
  0x2A4E, 0x326E, 0x328E, 0x328E, 0x3AAF, 0x328E, 0x2A4D, 0x2A6D, 0x4310, 0x5392, 0x5BD4, 0x63F4,
  0x08C6, 0x08C5, 0x08C6, 0x08C6, 0x08E6, 0x08E6, 0x08E6, 0x08E6, 0x0907, 0x0907, 0x0907, 0x0907,
  0x0927, 0x0928, 0x1148, 0x0928, 0x1149, 0x1169, 0x116A, 0x118A, 0x118A, 0x11AB, 0x19AB, 0x19CB,
  0x19EC, 0x220C, 0x2A2D, 0x326E, 0x3AAF, 0x4310, 0x4B51, 0x5B92, 0x6C13, 0x7474, 0x8CD6, 0x9D77,
  0xADF9, 0xC67B, 0xE75E, 0xF79E, 0xF7BE, 0xF7BF, 0xF7BF, 0xF7BF, 0xF7BF, 0xEF7D, 0xEF5D, 0xE73D,
  0xEF5D, 0xEF5D, 0xEF7E, 0xEF7D, 0xEF5D, 0xEF9E, 0xF79E, 0xEF7D, 0xEF7D, 0xEF7D, 0xEF7E, 0xE77D,
  0xE75D, 0xE77D, 0xE77D, 0xE75D, 0xE77E, 0xE79E, 0xE79E, 0xE79E, 0xEFBE, 0xE77D, 0xDF3C, 0xDF3D,
  0xDF7D, 0xE77E, 0xDF7D, 0xE79E, 0xE79E, 0xDF5D, 0xE77E, 0xDF7D, 0xD73C, 0xDF5D, 0xD73C, 0xCF1C,
  0xCF1C, 0xD73C, 0xC69A, 0x8CD3, 0x638E, 0x3A28, 0x29C7, 0x31C7, 0x2166, 0x08C3, 0x1924, 0x0021,
  0x0041, 0xA535, 0x1082, 0x0000, 0x0000, 0x0000, 0x0000, 0x0000, 0x0000, 0x0000, 0x0000, 0x0000,
  0x0000, 0x0000, 0x0000, 0x0001, 0x0000, 0x0041, 0x636E, 0xEFBF, 0xE79E, 0xE7DF, 0xEFFF, 0xE7DF,
  0xE7BE, 0xE7BF, 0xEFDF, 0xEFFF, 0xEFFF, 0xEFFF, 0xEFFF, 0xEFFF, 0xEFFF, 0xE7DF, 0xE79E, 0xEFDF,
  0xEFFF, 0xEFFF, 0xEFDF, 0xF7FF, 0xF7FF, 0xF7FF, 0xF7FF, 0xF7FF, 0xF7FF, 0xF7FF, 0xEFDF, 0xEFBF,
  0xEFDF, 0xF7FF, 0xEFDF, 0xF7DF, 0xF7FF, 0xFFFF, 0xF7FF, 0xF7DF, 0xFFFF, 0xFFFF, 0xFFFF, 0xFFFF,
  0xFFFF, 0xFFFF, 0xFFFF, 0xFFFF, 0xFFFF, 0xFFFF, 0xFFFF, 0xFFFF, 0xFFFF, 0xFFFF, 0xFFFF, 0xFFFF,
  0xFFFF, 0xFFFF, 0xFFFF, 0xFFFF, 0xFFFF, 0xFFFF, 0xFFFF, 0xFFFF, 0xE77E, 0xC67A, 0xADD9, 0x9D57,
  0x84D6, 0x7474, 0x6413, 0x5BB2, 0x4B51, 0x4310, 0x32AF, 0x2A8E, 0x2A4E, 0x222D, 0x220D, 0x19ED,
  0x19EC, 0x19EC, 0x19EC, 0x19EC, 0x19EC, 0x19EC, 0x19EC, 0x19EC, 0x220D, 0x2A4D, 0x2A6E, 0x328F,
  0x3ACF, 0x3ACF, 0x3AAF, 0x326E, 0x32AE, 0x4B31, 0x5392, 0x5BD4, 0x63F4, 0x08C6, 0x08C6, 0x08E6,
  0x08C6, 0x08E6, 0x08E6, 0x08E6, 0x08E6, 0x0907, 0x0907, 0x0907, 0x0907, 0x0927, 0x0928, 0x1148,
  0x1148, 0x1149, 0x1169, 0x1169, 0x118A, 0x118A, 0x11AB, 0x19CB, 0x19CB, 0x19EC, 0x220C, 0x222D,
  0x2A4D, 0x328E, 0x3AEF, 0x4B30, 0x5391, 0x63D2, 0x7454, 0x84B5, 0x9537, 0xADB8, 0xBE5A, 0xD6DC,
  0xF7BF, 0xF7BE, 0xF7BF, 0xF7DF, 0xFFDF, 0xF7BE, 0xEF7E, 0xEF5D, 0xEF5D, 0xEF7E, 0xEF7D, 0xF79E,
  0xF7BF, 0xF79E, 0xF7BE, 0xF79E, 0xEF7D, 0xEF7E, 0xEF7E, 0xEF9E, 0xEF7E, 0xE77D, 0xE77D, 0xEF9E,
  0xEF9E, 0xEF9E, 0xE77E, 0xE77D, 0xEF9E, 0xEF9E, 0xE77D, 0xDF5D, 0xDF5D, 0xE77E, 0xE7BE, 0xE79E,
  0xDF7D, 0xDF5D, 0xE79E, 0xDF7D, 0xDF5D, 0xD73C, 0xDF5D, 0xDF7D, 0xDF5D, 0xD71C, 0xD6FC, 0x636E,
  0x1945, 0x2186, 0x5B4D, 0x8C92, 0xA596, 0xBE59, 0xD71C, 0xDF5D, 0x52CB, 0x0000, 0x31C7, 0x52AB,
  0x0000, 0x0000, 0x0000, 0x0000, 0x0000, 0x0000, 0x0000, 0x0000, 0x0000, 0x0000, 0x0000, 0x0000,
  0x0000, 0x0000, 0x0000, 0x0882, 0x94D4, 0xE77E, 0xE79F, 0xE7BF, 0xEFFF, 0xE7BE, 0xEFDF, 0xEFDF,
  0xEFFF, 0xEFFF, 0xEFFF, 0xEFFF, 0xEFFF, 0xEFFF, 0xE7BE, 0xE79E, 0xEFDF, 0xEFDF, 0xEFBF, 0xEFDF,
  0xF7FF, 0xF7FF, 0xF7FF, 0xF7FF, 0xF7FF, 0xF7FF, 0xF7FF, 0xF7DF, 0xF7FF, 0xF7DF, 0xF7FF, 0xF7FF,
  0xF7DF, 0xF7FF, 0xFFFF, 0xFFFF, 0xF7DF, 0xF7DF, 0xFFFF, 0xFFFF, 0xFFFF, 0xFFFF, 0xFFFF, 0xFFFF,
  0xFFFF, 0xFFFF, 0xFFFF, 0xFFFF, 0xFFFF, 0xFFFF, 0xFFFF, 0xFFFF, 0xFFFF, 0xFFFF, 0xFFFF, 0xFFFF,
  0xFFFF, 0xFFFF, 0xFFFF, 0xFFFF, 0xFFFF, 0xD6DC, 0xBE3A, 0xA5B8, 0x9537, 0x84B5, 0x7454, 0x63F3,
  0x5391, 0x4B30, 0x3AF0, 0x32AF, 0x2A6E, 0x2A4E, 0x222D, 0x220D, 0x1A0D, 0x19EC, 0x19EC, 0x19EC,
  0x19EC, 0x19EC, 0x19EC, 0x19CC, 0x19CC, 0x19EC, 0x2A2D, 0x326E, 0x328F, 0x3ACF, 0x3AF0, 0x3AEF,
  0x42F0, 0x4B31, 0x5392, 0x5BD3, 0x5BD4, 0x63F4, 0x08E6, 0x08E6, 0x08E6, 0x08E6, 0x08E6, 0x08E6,
  0x08E6, 0x08E6, 0x08E6, 0x08E7, 0x0907, 0x08E6, 0x0907, 0x0927, 0x0927, 0x0928, 0x0948, 0x1169,
  0x1169, 0x118A, 0x11AA, 0x11AB, 0x19AB, 0x19CB, 0x19CB, 0x19EC, 0x220C, 0x2A2D, 0x326E, 0x3AAF,
  0x430F, 0x4B51, 0x5BB2, 0x6C13, 0x7C95, 0x8D16, 0x9D78, 0xB5F9, 0xCE9B, 0xEF7E, 0xF79E, 0xF7BE,
  0xFFDF, 0xFFDF, 0xF7BE, 0xF79E, 0xEF9E, 0xF7BF, 0xF7BE, 0xF7BE, 0xFFDF, 0xF7DF, 0xF7BF, 0xF7BF,
  0xEF9E, 0xEF7E, 0xEF9E, 0xEF7E, 0xEF9E, 0xEF9E, 0xEF9E, 0xEFBE, 0xEF9E, 0xEFBE, 0xEFBE, 0xEFBE,
  0xE79E, 0xEF9E, 0xE77D, 0xE79E, 0xE79E, 0xE77D, 0xE79E, 0xEFDF, 0xE79E, 0xDF7D, 0xDF7D, 0xDF7D,
  0xDF7D, 0xDF5D, 0xD73C, 0xD73C, 0xDF5D, 0xDF3C, 0xADD7, 0x2165, 0x4269, 0xB5F8, 0xDF7D, 0xDF7D,
  0xDF7D, 0xE7BE, 0xE7BF, 0xE7BF, 0xE79E, 0xCEBB, 0x10A3, 0x0000, 0x0000, 0x0000, 0x0000, 0x0000,
  0x0000, 0x0000, 0x0000, 0x0000, 0x0000, 0x0000, 0x0000, 0x0000, 0x0000, 0x0000, 0x0000, 0x0000,
  0x0021, 0x0062, 0x530E, 0xDF5E, 0xE7DF, 0xEFFF, 0xEFDF, 0xEFDF, 0xEFDF, 0xEFDF, 0xEFFF, 0xEFFF,
  0xEFFF, 0xEFFF, 0xEFFF, 0xEFFF, 0xE7BE, 0xEFDF, 0xEFFF, 0xEFDF, 0xEFDF, 0xEFFF, 0xF7FF, 0xF7FF,
  0xF7FF, 0xF7FF, 0xF7FF, 0xF7FF, 0xF7FF, 0xF7DF, 0xF7FF, 0xF7FF, 0xF7FF, 0xF7FF, 0xF7FF, 0xF7BE,
  0xF7BE, 0xF7DF, 0xF7DF, 0xFFDF, 0xFFFF, 0xFFFF, 0xFFFF, 0xFFFF, 0xFFFF, 0xFFFF, 0xFFFF, 0xFFFF,
  0xFFFF, 0xFFFF, 0xFFFF, 0xFFFF, 0xFFFF, 0xFFFF, 0xFFFF, 0xFFFF, 0xFFFF, 0xFFFF, 0xFFFF, 0xFFFF,
  0xFFFF, 0xEF9E, 0xC69B, 0xB5F9, 0x9D78, 0x8CF6, 0x7C95, 0x6C33, 0x5BD2, 0x4B51, 0x4310, 0x3ACF,
  0x328F, 0x2A6E, 0x224D, 0x222D, 0x1A0D, 0x1A0D, 0x19EC, 0x19EC, 0x19EC, 0x19EC, 0x19EC, 0x19CC,
  0x19CC, 0x11CB, 0x19CB, 0x220C, 0x2A4E, 0x328E, 0x3AAF, 0x42F0, 0x4330, 0x4B51, 0x5392, 0x5BD3,
  0x5BF4, 0x5BD4, 0x5BB3, 0x1106, 0x08E6, 0x08C6, 0x08E6, 0x08E6, 0x08E6, 0x08E6, 0x08E6, 0x08E6,
  0x08E6, 0x08E6, 0x08E6, 0x08E6, 0x0907, 0x0907, 0x0927, 0x0928, 0x1148, 0x1149, 0x1169, 0x118A,
  0x11AA, 0x11AB, 0x19AB, 0x19CB, 0x19EC, 0x220C, 0x222D, 0x2A4D, 0x328E, 0x3ACF, 0x4B30, 0x5371,
  0x63D2, 0x7454, 0x84D6, 0x9557, 0xADD9, 0xC65A, 0xDEFC, 0xF7BF, 0xF7BE, 0xFFDF, 0xF7BF, 0xF79E,
  0xF7BE, 0xF7BE, 0xEF9E, 0xF7BE, 0xF7DF, 0xFFDF, 0xF7DF, 0xFFDF, 0xFFDF, 0xF7BE, 0xF79E, 0xEF7E,
  0xEF7E, 0xEF9E, 0xE75D, 0xEF7D, 0xE75D, 0xE77D, 0xEF9E, 0xEF9E, 0xEF9E, 0xE79E, 0xEFBE, 0xEF9E,
  0xE79E, 0xE77D, 0xEF9E, 0xEFBF, 0xE77D, 0xDF7D, 0xDF7D, 0xDF7D, 0xDF7D, 0xE77E, 0xE77D, 0xE77D,
  0xE77D, 0xDF5D, 0x8492, 0x2986, 0xA576, 0xDF5D, 0xE79E, 0xDF5D, 0xDF9E, 0xDF9E, 0xE7BE, 0xE7DF,
  0xE7BE, 0xDF7E, 0x9D35, 0x0882, 0x0000, 0x0000, 0x0000, 0x0000, 0x0000, 0x3186, 0x2924, 0x0000,
  0x0000, 0x0000, 0x2925, 0x31A6, 0x0000, 0x0000, 0x0000, 0x0000, 0x0000, 0x0000, 0x0021, 0x10C5,
  0x7C32, 0xE7BF, 0xEFDF, 0xEFFF, 0xEFFF, 0xEFDF, 0xEFDF, 0xEFFF, 0xEFFF, 0xEFFF, 0xEFFF, 0xEFDF,
  0xEFDF, 0xE7BE, 0xEFDF, 0xEFFF, 0xEFFF, 0xEFDF, 0xEFFF, 0xF7FF, 0xEFFF, 0xF7FF, 0xF7FF, 0xF7FF,
  0xF7FF, 0xF7FF, 0xF7FF, 0xF7FF, 0xF7FF, 0xF7FF, 0xF7FF, 0xF7DF, 0xEF9E, 0xF7BF, 0xFFDF, 0xFFFF,
  0xFFDF, 0xFFFF, 0xFFFF, 0xFFFF, 0xFFFF, 0xFFFF, 0xFFFF, 0xFFFF, 0xFFFF, 0xFFDF, 0xFFFF, 0xFFFF,
  0xFFFF, 0xFFFF, 0xFFFF, 0xFFFF, 0xFFFF, 0xFFFF, 0xFFFF, 0xFFFF, 0xFFFF, 0xFFFF, 0xDEFC, 0xBE5A,
  0xADB8, 0x9537, 0x84D6, 0x7454, 0x63F3, 0x5392, 0x4B51, 0x4310, 0x32AF, 0x2A8E, 0x2A4E, 0x222D,
  0x1A0D, 0x1A0D, 0x19EC, 0x19EC, 0x19EC, 0x19EC, 0x19EC, 0x19CC, 0x19CC, 0x19CC, 0x19CB, 0x19CB,
  0x19EC, 0x222D, 0x2A4D, 0x328E, 0x3AAF, 0x4310, 0x4B51, 0x5392, 0x5BB2, 0x5BD3, 0x5BB3, 0x5BB3,
  0x1948, 0x2188, 0x1106, 0x08E6, 0x08E6, 0x08E6, 0x08E6, 0x1107, 0x08E6, 0x08E6, 0x08E6, 0x08E6,
  0x08E6, 0x0907, 0x0907, 0x0907, 0x0928, 0x0928, 0x0948, 0x1169, 0x118A, 0x118A, 0x11AB, 0x11AB,
  0x19AB, 0x19CB, 0x21EC, 0x220C, 0x2A4D, 0x326D, 0x3AAE, 0x430F, 0x4B50, 0x5BB2, 0x6C33, 0x7C95,
  0x8D16, 0xA598, 0xB61A, 0xCE9B, 0xEF9F, 0xFFDF, 0xF7BF, 0xF7BE, 0xF7BE, 0xF7BF, 0xF7DF, 0xEF9E,
  0xF7BF, 0xF79E, 0xF7BE, 0xF7BF, 0xFFDF, 0xFFDF, 0xF7BE, 0xF79E, 0xEF7E, 0xEF7D, 0xEF9E, 0xEF7D,
  0xE75D, 0xE75D, 0xE75D, 0xE77D, 0xE75D, 0xE79E, 0xEFBE, 0xE79E, 0xEFBF, 0xEFBE, 0xEFBE, 0xEFBE,
  0xEFBE, 0xE77D, 0xE77E, 0xE77D, 0xDF5D, 0xE77E, 0xDF7D, 0xE77E, 0xE79E, 0xDF3C, 0x73CF, 0x638E,
  0xDF3D, 0xDF7D, 0xD73D, 0xD73D, 0xDF5D, 0xDF5D, 0xD75D, 0xD75D, 0xDF7D, 0xDF5D, 0x8493, 0x0062,
  0x0000, 0x0000, 0x0000, 0x0000, 0x0000, 0x0000, 0x0020, 0x18C3, 0x0000, 0x0000, 0x0000, 0x18C3,
  0x0020, 0x0000, 0x0000, 0x0000, 0x0000, 0x0000, 0x0000, 0x0001, 0x0042, 0x29A8, 0xDF5E, 0xE7DF,
  0xEFFF, 0xEFFF, 0xEFFF, 0xE7DF, 0xEFFF, 0xEFDF, 0xEFFF, 0xEFDF, 0xEFDF, 0xEFDF, 0xEFDF, 0xEFDF,
  0xEFFF, 0xF7FF, 0xEFFF, 0xF7FF, 0xEFDF, 0xF7FF, 0xF7FF, 0xF7FF, 0xF7FF, 0xF7FF, 0xF7FF, 0xF7FF,
  0xF7FF, 0xF7FF, 0xF7FF, 0xF7FF, 0xF7DF, 0xF7DF, 0xFFFF, 0xFFFF, 0xFFDF, 0xFFFF, 0xFFFF, 0xFFFF,
  0xFFFF, 0xFFFF, 0xFFFF, 0xFFFF, 0xFFFF, 0xFFFF, 0xFFFF, 0xFFFF, 0xFFFF, 0xFFFF, 0xFFFF, 0xFFFF,
  0xFFFF, 0xFFFF, 0xFFFF, 0xFFFF, 0xFFFF, 0xFFFF, 0xF7BF, 0xCE9B, 0xB619, 0xA598, 0x8D16, 0x7C95,
  0x6C34, 0x5BD2, 0x5371, 0x4330, 0x3AF0, 0x328F, 0x2A6E, 0x224D, 0x222D, 0x1A0D, 0x1A0C, 0x19EC,
  0x19EC, 0x19EC, 0x19CC, 0x19CC, 0x19CC, 0x19CC, 0x19CB, 0x11AB, 0x11AB, 0x19AB, 0x19CB, 0x220C,
  0x2A0C, 0x324D, 0x3AAF, 0x4B10, 0x5351, 0x5372, 0x5392, 0x5392, 0x5392, 0x428C, 0x530E, 0x3A6C,
  0x1127, 0x21A9, 0x29CA, 0x29CA, 0x1968, 0x08E6, 0x08E6, 0x08E6, 0x08E6, 0x08E6, 0x0907, 0x0907,
  0x0907, 0x0927, 0x0928, 0x1149, 0x1169, 0x1169, 0x118A, 0x11AA, 0x11AA, 0x19AB, 0x19CB, 0x19EC,
  0x220C, 0x2A2C, 0x2A4D, 0x328E, 0x3ACF, 0x4B30, 0x5B91, 0x63F3, 0x7454, 0x84D6, 0x9557, 0xADD9,
  0xC67B, 0xDF3D, 0xF7DF, 0xF7DF, 0xFFDF, 0xFFDF, 0xFFDF, 0xF7DF, 0xEF9E, 0xF7BE, 0xF79E, 0xF7BF,
  0xF7BF, 0xF7BF, 0xF7BE, 0xF7BF, 0xF79E, 0xEF7D, 0xEF7D, 0xEF7E, 0xEF5D, 0xE73D, 0xE75D, 0xEF7D,
  0xE75D, 0xDF3D, 0xDF3D, 0xE77E, 0xEFBE, 0xEF9E, 0xEF9E, 0xEFDF, 0xEFDF, 0xEFBF, 0xEFBE, 0xEFDF,
  0xE79E, 0xE77D, 0xDF7D, 0xE77E, 0xDF5D, 0xDF5D, 0x8451, 0xA555, 0xDF5D, 0xDF5D, 0xE79E, 0xDF7D,
  0xDF7D, 0xE79E, 0xE77E, 0xE7BE, 0xE7BE, 0xDF7D, 0xD71C, 0x1905, 0x0001, 0x0000, 0x0000, 0x0000,
  0x0000, 0x0000, 0x0000, 0x0000, 0x0000, 0x0000, 0x0000, 0x0000, 0x0000, 0x0000, 0x0000, 0x0000,
  0x0000, 0x0000, 0x0000, 0x0000, 0x0000, 0x0001, 0x08A4, 0xBE39, 0xE7BE, 0xEFDF, 0xEFFF, 0xEFFF,
  0xEFDF, 0xEFFF, 0xEFDF, 0xEFFF, 0xEFFF, 0xEFFF, 0xEFFF, 0xEFFF, 0xEFFF, 0xF7FF, 0xF7FF, 0xF7FF,
  0xF7FF, 0xEFDF, 0xF7FF, 0xF7FF, 0xF7FF, 0xF7FF, 0xF7FF, 0xF7FF, 0xF7FF, 0xF7FF, 0xF7FF, 0xFFFF,
  0xFFFF, 0xF7DF, 0xF7DF, 0xFFFF, 0xFFFF, 0xFFFF, 0xFFFF, 0xFFFF, 0xFFFF, 0xFFFF, 0xFFFF, 0xFFFF,
  0xFFFF, 0xFFFF, 0xFFFF, 0xFFFF, 0xFFFF, 0xFFFF, 0xFFFF, 0xFFFF, 0xFFFF, 0xFFFF, 0xFFFF, 0xFFFF,
  0xFFFF, 0xFFFF, 0xFFFF, 0xDF1D, 0xBE5A, 0xADD9, 0x9D57, 0x84D6, 0x7474, 0x63F3, 0x5BB2, 0x4B51,
  0x4310, 0x3ACF, 0x328E, 0x2A6E, 0x222D, 0x220D, 0x1A0C, 0x19EC, 0x19EC, 0x19EC, 0x19CC, 0x11AB,
  0x19CB, 0x19CB, 0x11AB, 0x11AB, 0x11AA, 0x118A, 0x118A, 0x118A, 0x118A, 0x198A, 0x21EB, 0x326D,
  0x4310, 0x4B30, 0x4B51, 0x4B31, 0x4B31, 0x4B30, 0x5B70, 0x6BD2, 0x63B1, 0x4ACE, 0x4B0F, 0x532F,
  0x5350, 0x4ACE, 0x21C9, 0x1947, 0x1127, 0x08E6, 0x08E6, 0x0907, 0x0907, 0x0907, 0x0927, 0x0927,
  0x1148, 0x1169, 0x1169, 0x118A, 0x118A, 0x118A, 0x19AB, 0x19AB, 0x19CB, 0x21EC, 0x220C, 0x2A4D,
  0x326D, 0x3AAE, 0x430F, 0x5371, 0x63D2, 0x6C33, 0x7C95, 0x8D16, 0xA598, 0xB619, 0xCE9B, 0xEF9F,
  0xF7BF, 0xF7DF, 0xFFDF, 0xFFDF, 0xF7BF, 0xF7DF, 0xF7DF, 0xF79E, 0xF79E, 0xF7BE, 0xF79E, 0xF7BF,
  0xF7DF, 0xF79E, 0xEF7E, 0xEF7E, 0xEF9E, 0xEF7E, 0xEF7E, 0xEF7D, 0xEF7D, 0xE75D, 0xE75D, 0xE75D,
  0xEF9E, 0xF7BF, 0xEF9E, 0xE77E, 0xEF9E, 0xEF9E, 0xE79E, 0xE79E, 0xE79E, 0xEFBE, 0xDF7D, 0xE77D,
  0xE79E, 0xE79E, 0xADD7, 0xCEBB, 0xE77E, 0xDF3D, 0xE77D, 0xE7BE, 0xE79E, 0xD73C, 0xE77E, 0xE79E,
  0xE7BE, 0xE79E, 0xE79F, 0x9D56, 0x0062, 0x0001, 0x0000, 0x0000, 0x0000, 0x0000, 0x0000, 0x0000,
  0x0000, 0x0000, 0x0000, 0x0000, 0x0000, 0x0000, 0x0000, 0x0000, 0x0000, 0x0000, 0x0000, 0x0000,
  0x0000, 0x0000, 0x0001, 0x0042, 0x8493, 0xE7BF, 0xE7BF, 0xEFFF, 0xEFFF, 0xEFFF, 0xE7BE, 0xE7BF,
  0xEFDF, 0xEFFF, 0xEFFF, 0xEFFF, 0xEFFF, 0xEFDF, 0xF7FF, 0xF7FF, 0xF7FF, 0xEFDF, 0xEFBF, 0xF7DF,
  0xEFDF, 0xF7FF, 0xF7FF, 0xF7FF, 0xF7FF, 0xFFFF, 0xF7FF, 0xF7FF, 0xFFFF, 0xFFFF, 0xFFFF, 0xFFFF,
  0xFFFF, 0xFFDF, 0xFFFF, 0xFFDF, 0xFFFF, 0xFFFF, 0xFFFF, 0xFFDF, 0xFFDF, 0xFFFF, 0xFFFF, 0xFFFF,
  0xFFDF, 0xFFDF, 0xFFDF, 0xFFFF, 0xFFFF, 0xFFFF, 0xFFFF, 0xFFFF, 0xFFFF, 0xFFFF, 0xFFFF, 0xF7BF,
  0xCE9B, 0xB619, 0xA598, 0x8D16, 0x7C95, 0x6C34, 0x5BD2, 0x5371, 0x4330, 0x3ACF, 0x328F, 0x2A6E,
  0x224D, 0x222D, 0x1A0C, 0x19EC, 0x19CC, 0x19CB, 0x19AB, 0x11AB, 0x118B, 0x118B, 0x11AB, 0x11AA,
  0x118A, 0x118A, 0x118A, 0x116A, 0x1169, 0x1169, 0x1169, 0x1169, 0x19AA, 0x2A2C, 0x326D, 0x328D,
  0x326D, 0x326D, 0x326D, 0x63B1, 0x6BF2, 0x63D2, 0x63B1, 0x63B1, 0x63B1, 0x5B91, 0x5B70, 0x4AEE,
  0x322B, 0x1127, 0x08C6, 0x08C6, 0x08E6, 0x0907, 0x0907, 0x0907, 0x0927, 0x1148, 0x1149, 0x1169,
  0x1169, 0x118A, 0x118A, 0x11AA, 0x19AB, 0x19CB, 0x19EC, 0x220C, 0x2A2C, 0x326D, 0x3A8E, 0x42EF,
  0x4B30, 0x5B91, 0x63F3, 0x7474, 0x84D5, 0x9D57, 0xADD9, 0xC65A, 0xDF1D, 0xF7DF, 0xF7DF, 0xFFDF,
  0xFFDF, 0xF7BF, 0xF7BE, 0xEF9E, 0xEF7E, 0xEF7E, 0xF79E, 0xF79E, 0xFFDF, 0xF7BF, 0xF79E, 0xF7BE,
  0xF7BE, 0xF7BE, 0xF79E, 0xEF7E, 0xEF7E, 0xEF7E, 0xE75D, 0xE75D, 0xE77D, 0xEF9E, 0xEF9E, 0xE77E,
  0xE75D, 0xE79E, 0xE79E, 0xEF9E, 0xEFBF, 0xEFBF, 0xEF9E, 0xE77D, 0xE77D, 0xE77E, 0xE77E, 0xDF3D,
  0xE77D, 0xE79E, 0xE77E, 0xE79E, 0xE79E, 0xE79E, 0xDF5D, 0xE79E, 0xDF7D, 0xE7BE, 0xE7BF, 0xE79F,
  0x5B2E, 0x0042, 0x0000, 0x0000, 0x0000, 0x0000, 0x0000, 0x0000, 0x0000, 0x0000, 0x0000, 0x0000,
  0x0000, 0x0000, 0x0000, 0x0000, 0x0000, 0x0000, 0x0000, 0x0000, 0x0000, 0x0000, 0x0000, 0x0000,
  0x0021, 0x73F0, 0xEFBF, 0xEFDF, 0xEFDF, 0xEFFF, 0xEFFF, 0xEFDF, 0xEFDF, 0xE7BE, 0xE7BE, 0xEFDF,
  0xEFDF, 0xEFFF, 0xF7FF, 0xF7FF, 0xF7DF, 0xEFBE, 0xEFBE, 0xF7DF, 0xF7FF, 0xF7FF, 0xF7FF, 0xF7FF,
  0xF7FF, 0xF7FF, 0xF7FF, 0xFFFF, 0xFFFF, 0xFFFF, 0xFFFF, 0xFFFF, 0xFFFF, 0xFFFF, 0xFFDF, 0xFFFF,
  0xFFFF, 0xFFDF, 0xFFFF, 0xFFFF, 0xFFFF, 0xFFFF, 0xFFFF, 0xFFFF, 0xFFFF, 0xFFFF, 0xFFFF, 0xFFFF,
  0xFFFF, 0xF7BE, 0xFFFF, 0xFFFF, 0xFFFF, 0xFFFF, 0xFFFF, 0xFFFF, 0xDF1C, 0xBE5A, 0xADD9, 0x9D57,
  0x84D6, 0x7474, 0x6413, 0x5BB2, 0x4B51, 0x42F0, 0x3AAF, 0x328E, 0x2A4D, 0x222D, 0x220D, 0x19EC,
  0x19EC, 0x19CB, 0x11AB, 0x118B, 0x118A, 0x118A, 0x118A, 0x116A, 0x118A, 0x118A, 0x1169, 0x1169,
  0x1169, 0x1149, 0x1169, 0x1169, 0x1169, 0x1169, 0x1169, 0x198A, 0x198A, 0x1189, 0x1169, 0x1989,
  0x63D2, 0x63D2, 0x6BD2, 0x6BD2, 0x63B1, 0x63B1, 0x63B1, 0x6391, 0x534F, 0x42AD, 0x29EA, 0x1127,
  0x08E6, 0x08E6, 0x08E6, 0x0906, 0x0907, 0x0927, 0x1148, 0x1148, 0x1148, 0x1169, 0x1189, 0x19AA,
  0x19AA, 0x220C, 0x220C, 0x21EC, 0x2A4D, 0x2A2C, 0x2A4D, 0x328E, 0x3ACF, 0x4310, 0x5351, 0x5BB2,
  0x6C33, 0x7C95, 0x9516, 0xA598, 0xB619, 0xCE9B, 0xEF9F, 0xFFDF, 0xFFDF, 0xFFDF, 0xF7BE, 0xF7BE,
  0xF7BE, 0xEF9E, 0xF79E, 0xEF9E, 0xEF9E, 0xF7DF, 0xFFDF, 0xF7BF, 0xF7BF, 0xF7BE, 0xF7BE, 0xF79E,
  0xF79E, 0xF79E, 0xEF7D, 0xE73D, 0xE75D, 0xEF7D, 0xEF9E, 0xEF9E, 0xE75D, 0xE75D, 0xE75D, 0xEF9E,
  0xEFDF, 0xF7DF, 0xEFBF, 0xE77E, 0xE77E, 0xE75D, 0xE79E, 0xE79E, 0xDF7D, 0xDF5D, 0xDF7D, 0xE79E,
  0xE7BE, 0xE79E, 0xE79E, 0xE7BE, 0xE79E, 0xE79E, 0xDF7D, 0xE79E, 0xE79F, 0x3A09, 0x0042, 0x0000,
  0x0000, 0x0000, 0x0000, 0x0000, 0x0000, 0x0000, 0x0000, 0x0000, 0x0000, 0x0000, 0x0000, 0x0000,
  0x0000, 0x0000, 0x0000, 0x0000, 0x0000, 0x0000, 0x0000, 0x0000, 0x0000, 0x0042, 0x6BD0, 0xE7BF,
  0xEFDF, 0xEFDF, 0xEFFF, 0xEFDF, 0xE7BE, 0xEFDF, 0xEFDF, 0xEFDF, 0xEFDF, 0xEFDF, 0xF7FF, 0xF7FF,
  0xF7FF, 0xEFDF, 0xEFBF, 0xEFDF, 0xF7FF, 0xF7DF, 0xF7DF, 0xF7FF, 0xF7FF, 0xF7FF, 0xF7FF, 0xFFFF,
  0xFFFF, 0xFFFF, 0xFFFF, 0xF7DF, 0xFFFF, 0xFFFF, 0xFFFF, 0xFFFF, 0xF7BE, 0xFFFF, 0xFFDF, 0xFFDF,
  0xFFDF, 0xFFFF, 0xFFDF, 0xFFFF, 0xFFDF, 0xFFDF, 0xFFFF, 0xFFFF, 0xFFFF, 0xFFFF, 0xFFFF, 0xFFFF,
  0xFFFF, 0xFFFF, 0xFFFF, 0xFFFF, 0xEFBF, 0xC69B, 0xB619, 0x9D98, 0x8D16, 0x7C95, 0x6C33, 0x5BD2,
  0x5371, 0x4330, 0x3ACF, 0x328E, 0x2A6E, 0x222D, 0x220C, 0x19EC, 0x19CB, 0x19CB, 0x19AB, 0x11AB,
  0x118A, 0x118A, 0x118A, 0x118A, 0x116A, 0x116A, 0x1169, 0x1169, 0x1169, 0x1169, 0x1169, 0x1169,
  0x1149, 0x1149, 0x1148, 0x1149, 0x1149, 0x1148, 0x1148, 0x0928, 0x1148, 0x63B1, 0x6BD2, 0x6BF2,
  0x63D2, 0x63B1, 0x5B91, 0x63B1, 0x63B1, 0x5B91, 0x5B50, 0x4ACE, 0x3A6C, 0x29CA, 0x1127, 0x0907,
  0x0907, 0x1127, 0x1148, 0x1148, 0x1148, 0x1169, 0x19AA, 0x1169, 0x198A, 0x19CA, 0x326D, 0x220C,
  0x220C, 0x326D, 0x2A4D, 0x2A4D, 0x326D, 0x3A8E, 0x42CF, 0x4B30, 0x5B91, 0x63F2, 0x7454, 0x8CD6,
  0x9D57, 0xADD9, 0xBE5A, 0xDF1C, 0xF7BF, 0xF7BF, 0xF7BF, 0xF7BE, 0xEF9E, 0xEF9E, 0xEF9E, 0xEF9E,
  0xEF7D, 0xEF5D, 0xF79E, 0xFFDF, 0xFFDF, 0xFFDF, 0xF7BF, 0xF79E, 0xF79E, 0xEF7E, 0xEF7E, 0xE75D,
  0xE75D, 0xE75D, 0xEF7E, 0xEF9E, 0xEF9E, 0xE77D, 0xE75D, 0xE77D, 0xE79E, 0xEFBE, 0xEFBF, 0xEFBF,
  0xE77E, 0xE77E, 0xE79E, 0xE79E, 0xE79E, 0xE77E, 0xE77D, 0xE79E, 0xE79E, 0xE77E, 0xE79E, 0xE7BE,
  0xE7BE, 0xDF7D, 0xE79E, 0xE79E, 0xDF5D, 0xE79F, 0x31E8, 0x0021, 0x0000, 0x0000, 0x0000, 0x0000,
  0x0000, 0x0000, 0x0000, 0x0000, 0x0000, 0x0000, 0x0000, 0x0000, 0x0000, 0x0000, 0x0000, 0x0000,
  0x0000, 0x0000, 0x0000, 0x0000, 0x0000, 0x0000, 0x0883, 0x7411, 0xE79F, 0xEFBF, 0xEFDF, 0xEFDF,
  0xE7BE, 0xE7BE, 0xE7BE, 0xEFDF, 0xEFDF, 0xF7FF, 0xF7FF, 0xF7FF, 0xF7FF, 0xF7FF, 0xEFDF, 0xF7DF,
  0xF7DF, 0xF7FF, 0xF7FF, 0xF7FF, 0xF7DF, 0xF7FF, 0xF7FF, 0xFFFF, 0xFFFF, 0xFFFF, 0xF7DF, 0xFFFF,
  0xFFFF, 0xFFFF, 0xFFFF, 0xFFFF, 0xFFFF, 0xFFDF, 0xFFDF, 0xF7BE, 0xFFDF, 0xFFFF, 0xFFFF, 0xFFFF,
  0xFFFF, 0xFFFF, 0xFFFF, 0xFFFF, 0xFFFF, 0xFFFF, 0xFFFF, 0xFFFF, 0xFFFF, 0xFFFF, 0xFFFF, 0xFFFF,
  0xFFFF, 0xD6FC, 0xBE3A, 0xADD8, 0x9557, 0x84D5, 0x7454, 0x63F3, 0x5B91, 0x4B50, 0x42EF, 0x3AAE,
  0x326E, 0x2A2D, 0x220C, 0x19EC, 0x19CB, 0x19AB, 0x11AB, 0x118A, 0x118A, 0x118A, 0x118A, 0x118A,
  0x118A, 0x1169, 0x1169, 0x1169, 0x1169, 0x1169, 0x1169, 0x1169, 0x1169, 0x1149, 0x1149, 0x1148,
  0x0948, 0x1148, 0x0948, 0x0928, 0x0928, 0x0928, 0x6391, 0x63D2, 0x63B1, 0x6391, 0x5B90, 0x63B1,
  0x6BD2, 0x63D2, 0x63D2, 0x6BF2, 0x5B91, 0x532F, 0x322B, 0x1127, 0x0907, 0x1127, 0x21CA, 0x322C,
  0x19AA, 0x1989, 0x19AA, 0x21EB, 0x1989, 0x198A, 0x19CA, 0x2A4C, 0x42CF, 0x3A8E, 0x3AAE, 0x3ACE,
  0x2A4C, 0x324D, 0x3A8E, 0x3AAE, 0x42EF, 0x5350, 0x5BB1, 0x6C13, 0x7C95, 0x9516, 0xA578, 0xB619,
  0xCE9B, 0xE77E, 0xF79E, 0xF7BE, 0xF79E, 0xF79E, 0xEF9E, 0xEF7E, 0xEF7E, 0xEF7D, 0xEF7E, 0xF79E,
  0xFFDF, 0xFFDF, 0xFFDF, 0xF7BE, 0xEF9E, 0xEF7D, 0xE75D, 0xEF5D, 0xE75D, 0xEF7E, 0xEF9E, 0xEF9E,
  0xEF7E, 0xEF9E, 0xE77D, 0xEF7E, 0xE77E, 0xEF9E, 0xE79E, 0xE77E, 0xE79E, 0xEFBE, 0xE77E, 0xE77D,
  0xE79E, 0xEFBE, 0xEFBE, 0xE79E, 0xEFBF, 0xE79E, 0xE79E, 0xEFBF, 0xEFDF, 0xE7BE, 0xDF7D, 0xE77E,
  0xE7BE, 0xDF5D, 0xE77E, 0x3A29, 0x0021, 0x0000, 0x0000, 0x0000, 0x0000, 0x0000, 0x0000, 0x0000,
  0x0000, 0x0000, 0x0000, 0x0000, 0x0000, 0x0000, 0x0000, 0x0000, 0x0000, 0x0000, 0x0000, 0x0000,
  0x0000, 0x0000, 0x0001, 0x0883, 0x8472, 0xEFBF, 0xEFDF, 0xEFDF, 0xE7BE, 0xE7BE, 0xEFDF, 0xEFFF,
  0xEFDF, 0xF7FF, 0xF7FF, 0xF7FF, 0xF7FF, 0xF7DF, 0xEFBE, 0xEFDF, 0xF7DF, 0xF7DF, 0xF7DF, 0xF7FF,
  0xF7DF, 0xF7FF, 0xF7FF, 0xFFFF, 0xFFFF, 0xFFFF, 0xFFDF, 0xF7DF, 0xF7BF, 0xF7BF, 0xF7DF, 0xFFDF,
  0xFFFF, 0xFFFF, 0xFFDF, 0xFFDF, 0xFFDF, 0xFFDF, 0xFFFF, 0xFFFF, 0xFFFF, 0xFFFF, 0xFFFF, 0xFFFF,
  0xFFFF, 0xFFFF, 0xFFFF, 0xFFFF, 0xFFFF, 0xFFFF, 0xFFFF, 0xFFFF, 0xFFFF, 0xEF7E, 0xC67A, 0xB5F9,
  0x9D78, 0x8CF6, 0x7C74, 0x6C13, 0x63B2, 0x5351, 0x4310, 0x3ACF, 0x328E, 0x2A4D, 0x220C, 0x21EC,
  0x19CB, 0x19CB, 0x11AB, 0x11AA, 0x118A, 0x118A, 0x118A, 0x118A, 0x118A, 0x118A, 0x118A, 0x1169,
  0x1169, 0x1169, 0x1169, 0x1169, 0x1169, 0x1169, 0x1149, 0x1148, 0x0928, 0x0928, 0x0928, 0x0928,
  0x0928, 0x0928, 0x0928, 0x5B91, 0x63D2, 0x63D2, 0x63B1, 0x63B1, 0x6BF2, 0x6C13, 0x7433, 0x7454,
  0x7454, 0x6BD2, 0x5B50, 0x3A8C, 0x1989, 0x1989, 0x324C, 0x4B0F, 0x42EE, 0x322C, 0x2A0B, 0x322C,
  0x4B30, 0x3A8D, 0x326D, 0x42EF, 0x5371, 0x5BB2, 0x5B92, 0x5371, 0x4B10, 0x326D, 0x324D, 0x326D,
  0x328D, 0x42CE, 0x4B0F, 0x5B91, 0x6BF3, 0x7454, 0x84B5, 0x9537, 0xADB8, 0xBE3A, 0xD6DC, 0xF7BF,
  0xF7BE, 0xF7BE, 0xF7BE, 0xEF9E, 0xEF9E, 0xEF7E, 0xEF9E, 0xEF7E, 0xF7BE, 0xF7BF, 0xF7BE, 0xF7BE,
  0xEF9E, 0xEF7D, 0xEF7D, 0xEF7E, 0xEF7E, 0xEF9E, 0xF79E, 0xF79E, 0xF7BE, 0xEF7E, 0xEF9E, 0xE77D,
  0xEF7E, 0xE77E, 0xE77E, 0xE77E, 0xE77D, 0xE75D, 0xEF9E, 0xEF9E, 0xEF9E, 0xE79E, 0xE77D, 0xE77D,
  0xE75D, 0xE77E, 0xEFBE, 0xEFDF, 0xEFBF, 0xEFDF, 0xE79E, 0xDF5D, 0xE77D, 0xEFBF, 0xE79E, 0xE77E,
  0x29A7, 0x0000, 0x0000, 0x0000, 0x0000, 0x0000, 0x0000, 0x0000, 0x0000, 0x0000, 0x0000, 0x0000,
  0x0000, 0x0000, 0x0000, 0x0000, 0x0000, 0x0000, 0x0000, 0x0000, 0x0000, 0x0000, 0x0000, 0x0001,
  0x0062, 0x9515, 0xE79F, 0xEFFF, 0xE7BE, 0xE7BE, 0xEFDF, 0xEFDF, 0xEFBF, 0xEFDF, 0xF7FF, 0xF7FF,
  0xF7FF, 0xF7DF, 0xF7DF, 0xEFDF, 0xF7DF, 0xF7DF, 0xF7DF, 0xF7DF, 0xF7FF, 0xF7DF, 0xF7FF, 0xF7FF,
  0xFFFF, 0xFFFF, 0xFFDF, 0xFFFF, 0xFFFF, 0xFFDF, 0xFFDF, 0xFFDF, 0xF7BE, 0xFFFF, 0xFFDF, 0xFFDF,
  0xFFFF, 0xFFDF, 0xF7BE, 0xFFDF, 0xFFFF, 0xFFFF, 0xFFFF, 0xFFFF, 0xFFDF, 0xFFFF, 0xFFFF, 0xFFFF,
  0xFFFF, 0xFFFF, 0xFFFF, 0xFFFF, 0xFFFF, 0xFFFF, 0xD6BB, 0xBE39, 0xA5B8, 0x9537, 0x84B5, 0x7454,
  0x63F2, 0x5B71, 0x4B30, 0x42EF, 0x3AAE, 0x326D, 0x2A2D, 0x220C, 0x19EB, 0x19CB, 0x19AB, 0x19AB,
  0x11AA, 0x118A, 0x118A, 0x118A, 0x118A, 0x118A, 0x118A, 0x118A, 0x1169, 0x1169, 0x1169, 0x1169,
  0x1169, 0x1169, 0x1149, 0x1148, 0x0948, 0x0928, 0x0928, 0x0928, 0x0928, 0x0928, 0x0928, 0x0928,
  0x63B1, 0x6BF2, 0x7414, 0x7434, 0x7454, 0x7C95, 0x7C95, 0x84B6, 0x84D6, 0x7C95, 0x6C13, 0x6391,
  0x5350, 0x4B0F, 0x4B0F, 0x63B1, 0x6BF3, 0x63D2, 0x5B91, 0x5B91, 0x63D2, 0x6C13, 0x63D2, 0x63D2,
  0x63D2, 0x63D3, 0x63F3, 0x63F3, 0x5BD2, 0x5B91, 0x4B10, 0x3A8E, 0x2A4C, 0x326D, 0x4B10, 0x5B91,
  0x5BB2, 0x63F2, 0x7454, 0x7C95, 0x8CF6, 0x9D77, 0xB5F9, 0xC67A, 0xE73D, 0xF7DF, 0xF7BE, 0xF7BE,
  0xF7BE, 0xF7BE, 0xF79E, 0xEF9E, 0xEF7E, 0xF7BE, 0xF7BF, 0xF79E, 0xEF7E, 0xEF7D, 0xEF7E, 0xF79E,
  0xF7BE, 0xF79E, 0xF7BF, 0xF79E, 0xF7BF, 0xF7DF, 0xF7BE, 0xF7BE, 0xEF9E, 0xE77D, 0xEF7E, 0xE77E,
  0xE75D, 0xE77D, 0xE77D, 0xEF9E, 0xE79E, 0xF7DF, 0xEFBF, 0xE77D, 0xDF5D, 0xE77D, 0xE79E, 0xEFBF,
  0xE79E, 0xEFBE, 0xEFBF, 0xE7BE, 0xE79E, 0xE79E, 0xEFBF, 0xEFDF, 0xD6DC, 0x0882, 0x0000, 0x0000,
  0x0000, 0x0000, 0x0000, 0x0000, 0x0000, 0x0000, 0x0000, 0x0000, 0x0000, 0x0000, 0x0000, 0x0000,
  0x0000, 0x0000, 0x0000, 0x0000, 0x0000, 0x0000, 0x0000, 0x0000, 0x0001, 0x0883, 0xA556, 0xE79E,
  0xE7BE, 0xE79E, 0xE79E, 0xEFDF, 0xEFDF, 0xEFBF, 0xEFDF, 0xEFDF, 0xEFDF, 0xEFDF, 0xF7DF, 0xF7DF,
  0xF7DF, 0xEFBE, 0xF7DF, 0xF7DF, 0xF7DF, 0xF7FF, 0xF7FF, 0xF7DF, 0xF7DF, 0xF7DF, 0xFFFF, 0xFFFF,
  0xFFFF, 0xFFDF, 0xFFDF, 0xFFFF, 0xFFFF, 0xFFDF, 0xFFFF, 0xFFFF, 0xFFFF, 0xFFFF, 0xFFFF, 0xFFDF,
  0xFFDF, 0xFFFF, 0xFFFF, 0xFFFF, 0xFFFF, 0xFFFF, 0xFFFF, 0xFFFF, 0xFFFF, 0xFFFF, 0xFFFF, 0xFFFF,
  0xFFFF, 0xFFFF, 0xE73D, 0xC65A, 0xB5F9, 0x9D57, 0x8CF6, 0x7C74, 0x6C13, 0x5BB2, 0x5350, 0x42EF,
  0x3AAE, 0x326D, 0x2A4D, 0x220C, 0x21EC, 0x19CB, 0x19AB, 0x19AA, 0x19AA, 0x118A, 0x118A, 0x118A,
  0x118A, 0x118A, 0x118A, 0x118A, 0x118A, 0x1169, 0x1169, 0x1169, 0x1169, 0x1149, 0x1149, 0x1148,
  0x0948, 0x0928, 0x0928, 0x0928, 0x0928, 0x0928, 0x0928, 0x0928, 0x0928, 0x63B2, 0x6C13, 0x7C95,
  0x84B6, 0x84B6, 0x8CF6, 0x8D17, 0x8D17, 0x8CF6, 0x84D6, 0x7C75, 0x7434, 0x7433, 0x6C13, 0x7454,
  0x7C95, 0x7C95, 0x7454, 0x7434, 0x7434, 0x7454, 0x7434, 0x6C13, 0x6C13, 0x6C13, 0x6C13, 0x6C14,
  0x6C34, 0x63F3, 0x63D2, 0x5391, 0x4B0F, 0x4B30, 0x63D2, 0x7454, 0x6C34, 0x6C34, 0x7434, 0x7C74,
  0x7454, 0x84B5, 0x9536, 0xA598, 0xB619, 0xCE9B, 0xEF9F, 0xF7BF, 0xF79E, 0xF79E, 0xF7BE, 0xF79E,
  0xF79E, 0xF79E, 0xF7BF, 0xFFDF, 0xF7DF, 0xF79E, 0xF79E, 0xF79E, 0xF79E, 0xF79E, 0xF79E, 0xF7BF,
  0xF7BE, 0xF7BE, 0xFFDF, 0xFFFF, 0xF7DF, 0xF7DF, 0xF7BE, 0xE77E, 0xEF9E, 0xEF7E, 0xEF7E, 0xEF9E,
  0xE77D, 0xEF9E, 0xEFBE, 0xEFBE, 0xE77D, 0xEF9E, 0xEFBF, 0xEFDF, 0xEFBE, 0xEFBE, 0xEFBE, 0xEFDF,
  0xEFBF, 0xE79E, 0xE77E, 0xEFDF, 0xEFDF, 0x94F4, 0x0021, 0x0000, 0x0000, 0x0000, 0x0000, 0x0000,
  0x0000, 0x0000, 0x0000, 0x0000, 0x0000, 0x0000, 0x0000, 0x0000, 0x0000, 0x0000, 0x0000, 0x0000,
  0x0000, 0x0000, 0x0000, 0x0000, 0x0000, 0x0001, 0x10C4, 0xB619, 0xE79E, 0xEFBE, 0xEFDF, 0xEFFF,
  0xEFFF, 0xEFBF, 0xEFBE, 0xEFDF, 0xF7FF, 0xF7DF, 0xF7FF, 0xEFBF, 0xF7DF, 0xF7DF, 0xF7DF, 0xF7DF,
  0xF7DF, 0xF7DF, 0xF7DF, 0xF7BE, 0xF7DF, 0xF7DF, 0xF7DF, 0xFFDF, 0xFFDF, 0xFFDF, 0xFFDF, 0xFFFF,
  0xFFFF, 0xFFFF, 0xFFFF, 0xFFFF, 0xFFFF, 0xFFFF, 0xFFFF, 0xFFFF, 0xFFFF, 0xFFFF, 0xFFFF, 0xFFFF,
  0xFFFF, 0xFFFF, 0xFFFF, 0xFFFF, 0xFFFF, 0xFFFF, 0xFFFF, 0xFFFF, 0xFFFF, 0xFFFF, 0xF7BE, 0xCE9B,
  0xB619, 0xA597, 0x9516, 0x8495, 0x7433, 0x63D2, 0x5371, 0x4B10, 0x42CF, 0x328E, 0x2A4D, 0x2A2C,
  0x220C, 0x19EB, 0x19CB, 0x19AB, 0x19AA, 0x118A, 0x118A, 0x118A, 0x118A, 0x118A, 0x118A, 0x118A,
  0x118A, 0x118A, 0x1169, 0x1169, 0x1169, 0x1149, 0x1149, 0x1148, 0x1148, 0x1148, 0x0928, 0x0928,
  0x0928, 0x0928, 0x0928, 0x0928, 0x0928, 0x0907, 0x7454, 0x7C95, 0x84D7, 0x84F7, 0x84F6, 0x8CF7,
  0x8D17, 0x9537, 0x9537, 0x8D37, 0x8CF6, 0x84D6, 0x7C95, 0x84D6, 0x9537, 0x9537, 0x8CF6, 0x84B6,
  0x7C95, 0x7C75, 0x7C95, 0x7C95, 0x7CB6, 0x7C95, 0x7454, 0x7454, 0x6C34, 0x7454, 0x6C13, 0x63F3,
  0x63F3, 0x6C13, 0x6C54, 0x7495, 0x7CB6, 0x7CB6, 0x7CB5, 0x7CB6, 0x84B6, 0x84B6, 0x8CF6, 0x9557,
  0xA598, 0xADF9, 0xBE3A, 0xCEDC, 0xEF9F, 0xF79E, 0xF7BE, 0xF79E, 0xF79E, 0xF79E, 0xF7BF, 0xFFDF,
  0xFFFF, 0xFFDF, 0xFFDF, 0xFFDF, 0xF7BF, 0xF7BF, 0xF7BF, 0xF7BE, 0xF7BF, 0xFFFF, 0xFFDF, 0xFFDF,
  0xFFDF, 0xFFFF, 0xF7DF, 0xEF9E, 0xEF7E, 0xEF9E, 0xEF9E, 0xE77D, 0xEF7E, 0xE75D, 0xEF9E, 0xEF9E,
  0xEFDF, 0xEFDF, 0xF7DF, 0xEFDF, 0xEFBE, 0xEFBF, 0xEFDF, 0xEFBE, 0xE79E, 0xE79E, 0xE79E, 0xE77E,
  0xEFBF, 0xEFBF, 0x4A6A, 0x0000, 0x0000, 0x0000, 0x0000, 0x0000, 0x0000, 0x0000, 0x0000, 0x0000,
  0x0000, 0x0000, 0x0000, 0x0000, 0x0000, 0x0000, 0x0000, 0x0000, 0x0000, 0x0000, 0x0000, 0x0000,
  0x0000, 0x0000, 0x0022, 0x10C4, 0xCEBB, 0xEFDF, 0xEFDF, 0xF7FF, 0xEFDF, 0xEFDF, 0xEFBE, 0xEFBE,
  0xEFDF, 0xEFDF, 0xF7DF, 0xEFDF, 0xEFBF, 0xF7DF, 0xF7DF, 0xF7FF, 0xF7FF, 0xF7DF, 0xF7FF, 0xF7DF,
  0xF7DF, 0xF7BE, 0xF7BF, 0xFFDF, 0xFFFF, 0xFFFF, 0xFFFF, 0xFFFF, 0xFFFF, 0xFFFF, 0xFFFF, 0xFFFF,
  0xFFFF, 0xFFFF, 0xFFFF, 0xFFFF, 0xFFFF, 0xFFFF, 0xFFFF, 0xFFFF, 0xFFFF, 0xFFFF, 0xFFFF, 0xFFFF,
  0xFFFF, 0xFFFF, 0xFFFF, 0xFFFF, 0xFFFF, 0xFFFF, 0xFFFF, 0xD6DC, 0xBE3A, 0xADB8, 0x9536, 0x84B5,
  0x7454, 0x63D2, 0x5B91, 0x4B30, 0x42EF, 0x3A8E, 0x326D, 0x2A4D, 0x220C, 0x21EC, 0x19CB, 0x19AB,
  0x19AB, 0x11AA, 0x118A, 0x118A, 0x118A, 0x118A, 0x118A, 0x116A, 0x116A, 0x1169, 0x1169, 0x1169,
  0x1169, 0x1149, 0x1149, 0x1149, 0x1148, 0x0948, 0x1148, 0x0928, 0x0928, 0x0928, 0x0928, 0x0928,
  0x0928, 0x1128, 0x0908, 0x84B6, 0x84D7, 0x84F7, 0x84F7, 0x8CF7, 0x8D17, 0x8D17, 0x8D37, 0x8D37,
  0x8D17, 0x8D17, 0x8D17, 0x8CF7, 0x9537, 0x9558, 0x9558, 0x9558, 0x9537, 0x8D17, 0x8D17, 0x8D17,
  0x8D37, 0x9538, 0x9538, 0x8D17, 0x84F7, 0x7CB6, 0x7475, 0x6C34, 0x6C34, 0x7455, 0x7475, 0x7495,
  0x7CB6, 0x7CD6, 0x84D6, 0x84D6, 0x84F6, 0x84F7, 0x8D17, 0x9537, 0x9D78, 0xA599, 0xADD9, 0xB61A,
  0xBE5B, 0xDF1D, 0xF7DF, 0xF7BE, 0xF7BE, 0xF7BE, 0xF7BE, 0xF7BE, 0xF7BE, 0xFFDF, 0xFFFF, 0xFFFF,
  0xFFDF, 0xFFDF, 0xF7BE, 0xF7BF, 0xF7BE, 0xFFDF, 0xFFFF, 0xFFFF, 0xFFDF, 0xFFFF, 0xFFFF, 0xF7DF,
  0xEF9E, 0xEF7E, 0xEF9E, 0xEFBE, 0xEFBE, 0xEF9E, 0xEF9E, 0xE77D, 0xE77D, 0xEFDF, 0xF7FF, 0xF7FF,
  0xF7FF, 0xEFBF, 0xE79E, 0xEF9E, 0xE75D, 0xE79E, 0xE77E, 0xE79E, 0xE77D, 0xE79E, 0xD6FC, 0x0862,
  0x0000, 0x0000, 0x0000, 0x0000, 0x0000, 0x0000, 0x0000, 0x0000, 0x0000, 0x0000, 0x0000, 0x0000,
  0x0000, 0x0000, 0x0000, 0x0000, 0x0000, 0x0000, 0x0000, 0x0000, 0x0000, 0x0000, 0x0000, 0x0001,
  0x0883, 0xDF1D, 0xF7DF, 0xEFDF, 0xF7FF, 0xF7FF, 0xEFBF, 0xEFBE, 0xEFBE, 0xEFBE, 0xE77D, 0xEFBE,
  0xEFBE, 0xF7FF, 0xF7DF, 0xF7BE, 0xF7DF, 0xF7BE, 0xFFFF, 0xFFFF, 0xFFFF, 0xFFFF, 0xF7DF, 0xF7DF,
  0xFFDF, 0xFFFF, 0xFFFF, 0xFFFF, 0xFFFF, 0xFFFF, 0xFFFF, 0xFFFF, 0xFFFF, 0xFFFF, 0xFFFF, 0xFFFF,
  0xFFFF, 0xFFFF, 0xFFFF, 0xFFFF, 0xFFFF, 0xFFFF, 0xFFFF, 0xFFFF, 0xFFFF, 0xFFFF, 0xFFFF, 0xFFFF,
  0xFFFF, 0xFFFF, 0xFFFF, 0xE73D, 0xC65A, 0xB5D9, 0x9D57, 0x8CF5, 0x7C74, 0x6C13, 0x5B91, 0x5350,
  0x42EF, 0x3AAE, 0x328E, 0x2A4D, 0x220C, 0x220C, 0x19EB, 0x19CB, 0x19AB, 0x11AA, 0x11AA, 0x118A,
  0x118A, 0x118A, 0x118A, 0x1169, 0x1169, 0x1169, 0x1169, 0x1169, 0x1169, 0x1169, 0x1149, 0x1149,
  0x1149, 0x1148, 0x0948, 0x1148, 0x0928, 0x0928, 0x0928, 0x0928, 0x0928, 0x0928, 0x0928, 0x1128,
  0x84B6, 0x84F7, 0x8D18, 0x8D38, 0x8D38, 0x8D17, 0x8D37, 0x9538, 0x9558, 0x9558, 0x9538, 0x9537,
  0x9538, 0x9558, 0x9578, 0x9D79, 0x9D79, 0x9578, 0x9558, 0x9558, 0x9578, 0x9578, 0x9558, 0x9558,
  0x9558, 0x8D38, 0x8D17, 0x84D6, 0x7C95, 0x7475, 0x7C95, 0x7C95, 0x7C95, 0x7C96, 0x7CB6, 0x84D6,
  0x84F7, 0x8CF7, 0x8D17, 0x9538, 0x9558, 0x9D78, 0x9D99, 0xA5B9, 0xADFA, 0xB61A, 0xC67B, 0xEF7E,
  0xF7DF, 0xFFDF, 0xFFDF, 0xFFDF, 0xFFDF, 0xFFDF, 0xFFDF, 0xFFDF, 0xFFFF, 0xFFFF, 0xFFDF, 0xFFDF,
  0xFFDF, 0xFFFF, 0xFFDF, 0xFFFF, 0xFFDF, 0xF7BE, 0xF7BE, 0xF7BE, 0xF79E, 0xF79E, 0xEF9E, 0xF79E,
  0xF7BF, 0xF7DF, 0xF7DF, 0xEF9E, 0xEF9E, 0xEF9E, 0xE77D, 0xEF9E, 0xEFBF, 0xF7DF, 0xF7DF, 0xEFBF,
  0xEFBE, 0xEFBE, 0xE77D, 0xE79E, 0xE77D, 0xE77E, 0xE77E, 0x9D15, 0x0021, 0x0000, 0x0000, 0x0000,
  0x0000, 0x0000, 0x0000, 0x0000, 0x0000, 0x0000, 0x0000, 0x0000, 0x0000, 0x0000, 0x0000, 0x0000,
  0x0000, 0x0000, 0x0000, 0x0000, 0x0000, 0x0000, 0x0000, 0x0000, 0x0000, 0x0021, 0xC639, 0xF7DF,
  0xF7DF, 0xEFDF, 0xEFDF, 0xEFBE, 0xEFBF, 0xE77E, 0xEFBE, 0xEF9E, 0xEF9E, 0xEFBE, 0xF7BF, 0xF7DF,
  0xF7DF, 0xF7DF, 0xF7DF, 0xFFFF, 0xFFDF, 0xF7DF, 0xFFFF, 0xFFFF, 0xF7BF, 0xF79E, 0xF7BF, 0xFFFF,
  0xFFFF, 0xFFFF, 0xFFDF, 0xFFFF, 0xFFFF, 0xFFFF, 0xFFFF, 0xFFFF, 0xFFFF, 0xFFFF, 0xFFFF, 0xFFFF,
  0xFFFF, 0xFFFF, 0xFFFF, 0xFFFF, 0xFFFF, 0xFFFF, 0xFFFF, 0xFFFF, 0xFFFF, 0xFFFF, 0xFFFF, 0xEF9E,
  0xC67A, 0xB619, 0xA598, 0x9516, 0x8494, 0x7433, 0x63D2, 0x5371, 0x4B10, 0x42CE, 0x3A8E, 0x324D,
  0x2A2C, 0x220C, 0x19EC, 0x19EB, 0x19CB, 0x19AB, 0x11AA, 0x118A, 0x118A, 0x118A, 0x118A, 0x1169,
  0x1169, 0x1169, 0x1169, 0x1169, 0x1169, 0x1169, 0x1169, 0x1149, 0x1149, 0x1149, 0x1149, 0x0948,
  0x0948, 0x0928, 0x0928, 0x0928, 0x0928, 0x0928, 0x0928, 0x0928, 0x0928, 0x84D7, 0x84F7, 0x8D38,
  0x9538, 0x9559, 0x8D38, 0x8D38, 0x9538, 0x9538, 0x9558, 0x9558, 0x9558, 0x9558, 0x9538, 0x9538,
  0x9538, 0x9558, 0x9558, 0x9558, 0x9578, 0x9578, 0x9579, 0x9578, 0x9558, 0x9558, 0x9558, 0x9558,
  0x8517, 0x7CB6, 0x7C96, 0x7C95, 0x7C95, 0x7495, 0x7495, 0x7CB6, 0x7CB6, 0x84D6, 0x84D6, 0x8CF7,
  0x8D17, 0x9538, 0x9558, 0x9D78, 0xA599, 0xA5D9, 0xADF9, 0xBE3A, 0xCEBC, 0xEFBF, 0xF7BF, 0xFFDF,
  0xFFFF, 0xF7DF, 0xF7DF, 0xFFFF, 0xFFDF, 0xFFDF, 0xFFDF, 0xFFFF, 0xFFFF, 0xFFFF, 0xFFDF, 0xFFDF,
  0xF7BF, 0xF7DF, 0xF7BE, 0xF7BF, 0xF7BF, 0xF79E, 0xEF9E, 0xF7BE, 0xF7DF, 0xEF9E, 0xEF9E, 0xEFBE,
  0xEF9E, 0xEF9E, 0xEF9E, 0xE77D, 0xE77D, 0xE77D, 0xE75D, 0xEF9E, 0xF7DF, 0xEFBF, 0xE79E, 0xE77D,
  0xEFBE, 0xE79E, 0xE77E, 0xE79E, 0xBE19, 0x10E4, 0x0001, 0x0000, 0x0000, 0x0000, 0x0000, 0x0000,
  0x0000, 0x0000, 0x0000, 0x0000, 0x0000, 0x0000, 0x0000, 0x0000, 0x0000, 0x0000, 0x0000, 0x0000,
  0x0000, 0x0000, 0x0000, 0x0000, 0x0000, 0x0000, 0x0000, 0x426A, 0xEF9E, 0xF7DF, 0xEFDF, 0xEFBE,
  0xE79E, 0xEF9E, 0xE79E, 0xEF9E, 0xEF9E, 0xEF9E, 0xEF9E, 0xEF9E, 0xF7BE, 0xFFFF, 0xFFFF, 0xFFFF,
  0xFFDF, 0xFFFF, 0xFFDF, 0xFFFF, 0xFFFF, 0xF7BF, 0xF7BE, 0xFFDF, 0xFFFF, 0xFFFF, 0xFFFF, 0xFFFF,
  0xFFFF, 0xFFDF, 0xFFFF, 0xFFFF, 0xFFFF, 0xFFFF, 0xFFFF, 0xFFFF, 0xFFFF, 0xFFFF, 0xFFFF, 0xFFFF,
  0xFFFF, 0xFFFF, 0xFFFF, 0xFFFF, 0xFFFF, 0xFFFF, 0xFFFF, 0xF7DF, 0xCEBB, 0xBE19, 0xA5B8, 0x9536,
  0x84B5, 0x7454, 0x63D2, 0x5B91, 0x4B30, 0x42EF, 0x3AAE, 0x326D, 0x2A2D, 0x222C, 0x21EB, 0x19CB,
  0x19CB, 0x19AB, 0x11AB, 0x11AA, 0x118A, 0x118A, 0x118A, 0x118A, 0x118A, 0x1169, 0x1169, 0x1169,
  0x1169, 0x1169, 0x1169, 0x1149, 0x1149, 0x1149, 0x1149, 0x1149, 0x1149, 0x0928, 0x0928, 0x0928,
  0x0928, 0x0928, 0x0928, 0x0928, 0x0907, 0x0907, 0x84D7, 0x84F7, 0x8D18, 0x8D38, 0x9538, 0x8D18,
  0x8D17, 0x84F7, 0x84F7, 0x9538, 0x9558, 0x9558, 0x9558, 0x9538, 0x9538, 0x8D38, 0x8D38, 0x8D38,
  0x8D38, 0x9538, 0x9578, 0x9579, 0x9D79, 0x9579, 0x9578, 0x9558, 0x9558, 0x8D38, 0x84D7, 0x7CB6,
  0x7475, 0x7475, 0x7475, 0x7495, 0x7CB6, 0x7CB6, 0x7CD6, 0x84D6, 0x84D7, 0x8CF7, 0x8D17, 0x9538,
  0x9558, 0x9D78, 0xA5B9, 0xA5D9, 0xAE1A, 0xBE5B, 0xC69B, 0xD71D, 0xEFBF, 0xEFBF, 0xE75D, 0xE77E,
  0xEF9E, 0xE77E, 0xE75E, 0xEF9E, 0xFFDF, 0xFFDF, 0xF7DF, 0xF7BF, 0xF79E, 0xFFDF, 0xFFDF, 0xF7BE,
  0xF7BE, 0xF7BF, 0xF79E, 0xF7BE, 0xF7DF, 0xF7BE, 0xF7DF, 0xF7BE, 0xEF9E, 0xEF9E, 0xEF9E, 0xE77D,
  0xE75D, 0xE77D, 0xE77D, 0xE75D, 0xEF9E, 0xF7DF, 0xEFBE, 0xEF9E, 0xE77D, 0xE77D, 0xE75D, 0xDF5D,
  0xE75D, 0xE75D, 0xA576, 0x1905, 0x0021, 0x0000, 0x0000, 0x0000, 0x0000, 0x0000, 0x0000, 0x0000,
  0x0000, 0x0000, 0x0000, 0x0000, 0x0000, 0x0000, 0x0000, 0x0000, 0x0000, 0x0000, 0x0000, 0x0000,
  0x0000, 0x0000, 0x0000, 0x2986, 0xA575, 0xEFBE, 0xEF9E, 0xEFBE, 0xE77E, 0xE77E, 0xE77E, 0xE77E,
  0xEF9E, 0xE77E, 0xE77E, 0xEF9E, 0xEF9E, 0xF7BE, 0xFFFF, 0xFFFF, 0xF7DF, 0xF7DF, 0xF7BF, 0xFFDF,
  0xF7BE, 0xFFDF, 0xFFFF, 0xFFFF, 0xFFFF, 0xFFFF, 0xFFFF, 0xFFFF, 0xFFFF, 0xFFFF, 0xFFFF, 0xFFDF,
  0xFFDF, 0xFFFF, 0xFFFF, 0xFFDF, 0xFFFF, 0xFFFF, 0xFFFF, 0xFFFF, 0xFFFF, 0xFFFF, 0xFFFF, 0xFFFF,
  0xFFFF, 0xFFFF, 0xFFFF, 0xFFFF, 0xD6DC, 0xBE39, 0xADB8, 0x9D57, 0x8CD5, 0x7C74, 0x6C13, 0x5BB1,
  0x5350, 0x4B0F, 0x3ACE, 0x328D, 0x326D, 0x2A2C, 0x220C, 0x19EB, 0x19CB, 0x19AB, 0x19AA, 0x11AA,
  0x118A, 0x118A, 0x118A, 0x118A, 0x118A, 0x118A, 0x1169, 0x1169, 0x1169, 0x1169, 0x1169, 0x1169,
  0x1149, 0x1149, 0x1148, 0x1148, 0x1148, 0x0948, 0x0928, 0x0928, 0x0928, 0x0928, 0x0928, 0x0928,
  0x0928, 0x0907, 0x0907, 0x84D7, 0x84F7, 0x8518, 0x8D38, 0x8D38, 0x8D18, 0x84F8, 0x84F7, 0x84D7,
  0x8D18, 0x8D38, 0x9558, 0x9558, 0x8D38, 0x8D38, 0x8D38, 0x8D38, 0x8D18, 0x8D17, 0x8CF7, 0x8D17,
  0x9558, 0x9579, 0x9D79, 0x9578, 0x9558, 0x9558, 0x8D38, 0x84D6, 0x7475, 0x7454, 0x7454, 0x7475,
  0x7C96, 0x84D6, 0x84D6, 0x84F7, 0x84F7, 0x8CF7, 0x8CF7, 0x8D17, 0x9537, 0x9558, 0x9558, 0xA599,
  0xA5DA, 0xAE1A, 0xB63B, 0xB63B, 0xC69C, 0xD6FD, 0xD6FD, 0xCEDC, 0xCEDC, 0xC69B, 0xCEBB, 0xCEDC,
  0xD6FC, 0xE75E, 0xEF9E, 0xEFBF, 0xEF7E, 0xE75D, 0xE73D, 0xE73D, 0xEF7E, 0xF79E, 0xF7BE, 0xF79E,
  0xF7BE, 0xF7BE, 0xF79E, 0xFFDF, 0xF7DF, 0xF7BF, 0xEF9E, 0xEF7E, 0xEF7E, 0xE77D, 0xE77D, 0xE77D,
  0xE75D, 0xF7DF, 0xF7BF, 0xEFBE, 0xEF9E, 0xE77D, 0xE75D, 0xDF5D, 0xE75D, 0xE75D, 0xE75D, 0xE77E,
  0xD6FC, 0x8C93, 0x2986, 0x0000, 0x0000, 0x0000, 0x0000, 0x0000, 0x0000, 0x0000, 0x0000, 0x0000,
  0x0000, 0x0000, 0x0000, 0x0000, 0x0000, 0x0000, 0x0000, 0x0000, 0x0000, 0x0000, 0x18E3, 0x9CD3,
  0xE75D, 0xE77E, 0xEFDF, 0xEF9E, 0xB5F8, 0x7C31, 0x5B2E, 0x4AAC, 0x5B2D, 0x9D15, 0xE73E, 0xEF7E,
  0xEF7E, 0xEF9E, 0xF7BF, 0xFFDF, 0xF7DF, 0xF7DF, 0xF7BF, 0xF7BE, 0xF7BE, 0xFFDF, 0xFFFF, 0xFFFF,
  0xFFFF, 0xFFFF, 0xFFFF, 0xFFFF, 0xFFFF, 0xFFFF, 0xFFFF, 0xFFFF, 0xFFFF, 0xFFFF, 0xFFFF, 0xFFDF,
  0xFFDF, 0xFFFF, 0xFFFF, 0xFFFF, 0xFFFF, 0xFFFF, 0xFFFF, 0xFFFF, 0xFFFF, 0xFFFF, 0xFFFF, 0xFFFF,
  0xDF3D, 0xC65A, 0xB5D8, 0x9D57, 0x8CD5, 0x7C74, 0x6C13, 0x63D2, 0x5370, 0x4B0F, 0x42CF, 0x3AAE,
  0x326D, 0x2A2C, 0x220C, 0x21EB, 0x19CB, 0x19CB, 0x19AB, 0x118A, 0x118A, 0x118A, 0x118A, 0x118A,
  0x118A, 0x118A, 0x118A, 0x1169, 0x1169, 0x1169, 0x1169, 0x1169, 0x1149, 0x1149, 0x1149, 0x1148,
  0x1148, 0x1148, 0x0948, 0x0928, 0x0928, 0x0928, 0x0928, 0x0928, 0x0928, 0x0928, 0x0908, 0x0907,
  0x7CB6, 0x7CD7, 0x84F7, 0x8D38, 0x8D39, 0x8D18, 0x84F8, 0x84D7, 0x7CB7, 0x84D7, 0x84F7, 0x8517,
  0x8D18, 0x8D38, 0x8D18, 0x8D18, 0x8D18, 0x8D38, 0x8CF7, 0x84D7, 0x84F7, 0x8D38, 0x9559, 0x9559,
  0x9558, 0x9558, 0x9558, 0x84F7, 0x7CB6, 0x7455, 0x7455, 0x7455, 0x7475, 0x7CB6, 0x84D7, 0x84F7,
  0x8D38, 0x9558, 0x9558, 0x9558, 0x9538, 0x9538, 0x9538, 0x9D78, 0xA5B9, 0xADFA, 0xADFA, 0xAE1B,
  0xB61B, 0xB63B, 0xBE5B, 0xBE5B, 0xBE5B, 0xBE5B, 0xBE5B, 0xC67B, 0xC6BC, 0xCEDC, 0xD6FD, 0xDF1D,
  0xDF3D, 0xDF3D, 0xDEFD, 0xDF1D, 0xDF3D, 0xE75E, 0xEF7E, 0xEF7E, 0xEF7E, 0xF79E, 0xF7BF, 0xEF7E,
  0xF7BE, 0xF7BF, 0xF7DF, 0xF7BF, 0xF7BE, 0xEF7E, 0xE75D, 0xE75D, 0xE75D, 0xE75D, 0xF7BF, 0xF7DF,
  0xEF9E, 0xEF9E, 0xEF7E, 0xEF9E, 0xE75D, 0xE77D, 0xE77D, 0xE79E, 0xE79E, 0xE77E, 0xE77E, 0xCE9A,
  0x0841, 0x0000, 0x0000, 0x0000, 0x0000, 0x0000, 0x0000, 0x0000, 0x0000, 0x0000, 0x0000, 0x0000,
  0x0000, 0x0000, 0x0000, 0x0000, 0x0000, 0x0000, 0x0000, 0x8C92, 0xEF7E, 0xEF9E, 0xE75D, 0xA535,
  0x31C7, 0x0862, 0x0842, 0x0042, 0x0042, 0x0863, 0x08A4, 0x29A9, 0xAD98, 0xEF9F, 0xEF9E, 0xF7BF,
  0xF7DF, 0xF7BF, 0xF79E, 0xF79E, 0xF7BE, 0xFFFF, 0xFFFF, 0xFFFF, 0xFFFF, 0xFFFF, 0xFFFF, 0xFFFF,
  0xFFFF, 0xFFFF, 0xFFFF, 0xFFFF, 0xFFFF, 0xFFFF, 0xFFFF, 0xFFFF, 0xFFFF, 0xFFFF, 0xFFFF, 0xFFFF,
  0xFFFF, 0xFFFF, 0xFFFF, 0xFFFF, 0xFFFF, 0xFFFF, 0xFFFF, 0xFFFF, 0xEF7E, 0xC67A, 0xB5F9, 0xA577,
  0x94F6, 0x8494, 0x7433, 0x63D2, 0x5370, 0x4B2F, 0x42CF, 0x3AAE, 0x326D, 0x2A4C, 0x220C, 0x21EB,
  0x19CB, 0x19CB, 0x19AB, 0x11AA, 0x11AA, 0x118A, 0x118A, 0x118A, 0x118A, 0x118A, 0x118A, 0x118A,
  0x116A, 0x1169, 0x1169, 0x1169, 0x1169, 0x1169, 0x1149, 0x1149, 0x1149, 0x1149, 0x1148, 0x1148,
  0x0928, 0x0928, 0x1148, 0x0928, 0x0928, 0x0928, 0x0928, 0x0928, 0x0928, 0x7C96, 0x7CD7, 0x84F7,
  0x8D18, 0x8D38, 0x8D18, 0x8518, 0x84F8, 0x84D7, 0x84F7, 0x84F7, 0x8518, 0x8D38, 0x8D38, 0x8D38,
  0x8D18, 0x8D18, 0x8D38, 0x8D38, 0x8D18, 0x8D18, 0x8D18, 0x9539, 0x9D79, 0x9559, 0x9538, 0x8D18,
  0x84F7, 0x7CB6, 0x7475, 0x7455, 0x7455, 0x7CB6, 0x8517, 0x8D38, 0x8D38, 0x9559, 0x9559, 0x9559,
  0x9D79, 0x9579, 0x9558, 0x9D99, 0xA5DA, 0xA5DA, 0xA5DA, 0xA5DA, 0xADFA, 0xAE1B, 0xB63B, 0xB65B,
  0xB65B, 0xB65B, 0xB65B, 0xBE5B, 0xBE7C, 0xC6BC, 0xCEBC, 0xCEDC, 0xD6FD, 0xD71D, 0xD6FD, 0xD6FD,
  0xD6FD, 0xD6FD, 0xD6DC, 0xDEFC, 0xDEFC, 0xE73D, 0xE73D, 0xF79E, 0xF7BF, 0xF7DF, 0xF7BF, 0xF7BF,
  0xF7BF, 0xEF7D, 0xE77D, 0xE75D, 0xE75D, 0xE75D, 0xE73D, 0xEF7E, 0xEF9E, 0xEF9F, 0xF7BF, 0xF7DF,
  0xF7DF, 0xEF9F, 0xE77E, 0xE77E, 0xE77D, 0xE77E, 0xE77E, 0xEFBF, 0xDF1C, 0x2965, 0x0000, 0x0000,
  0x0000, 0x0000, 0x0000, 0x0000, 0x0000, 0x0000, 0x0000, 0x0000, 0x0000, 0x0000, 0x0000, 0x0000,
  0x0000, 0x0000, 0x0000, 0x0000, 0x8C92, 0xDEFB, 0xADB6, 0x31C7, 0x0021, 0x0000, 0x0000, 0x0000,
  0x0000, 0x0021, 0x0042, 0x0043, 0x0885, 0x1906, 0x94D5, 0xEF9F, 0xF7BF, 0xFFDF, 0xF7DF, 0xF79E,
  0xFFDF, 0xFFFF, 0xFFFF, 0xFFFF, 0xFFFF, 0xFFFF, 0xFFFF, 0xFFFF, 0xFFFF, 0xFFFF, 0xFFFF, 0xFFFF,
  0xFFFF, 0xFFFF, 0xFFFF, 0xFFFF, 0xFFFF, 0xFFFF, 0xFFDF, 0xFFFF, 0xFFDF, 0xFFFF, 0xFFFF, 0xFFFF,
  0xFFFF, 0xFFFF, 0xFFFF, 0xFFFF, 0xEF9E, 0xCE7A, 0xB5F9, 0xA597, 0x9516, 0x84B4, 0x7433, 0x63D2,
  0x5B91, 0x4B30, 0x42EF, 0x3AAE, 0x326D, 0x2A2C, 0x2A2C, 0x21EB, 0x19CB, 0x19CB, 0x19AB, 0x11AA,
  0x118A, 0x118A, 0x118A, 0x118A, 0x118A, 0x118A, 0x118A, 0x118A, 0x118A, 0x1169, 0x1169, 0x1169,
  0x1169, 0x1169, 0x1169, 0x1169, 0x1169, 0x1149, 0x1149, 0x1149, 0x1149, 0x1148, 0x0948, 0x0928,
  0x0928, 0x0928, 0x0928, 0x0928, 0x0928, 0x0928, 0x7C96, 0x7CB6, 0x84D7, 0x84F8, 0x84F8, 0x84D8,
  0x7CD8, 0x7CD7, 0x7CD7, 0x7CD7, 0x7CD7, 0x84F8, 0x8518, 0x8D38, 0x8D38, 0x9559, 0x9538, 0x9538,
  0x9559, 0x8D39, 0x8D59, 0x8D38, 0x8D59, 0x9579, 0x9559, 0x8D38, 0x84F7, 0x84F7, 0x7CD7, 0x7475,
  0x7475, 0x7CD6, 0x84F7, 0x8D18, 0x8D38, 0x9559, 0x9559, 0x9559, 0x9559, 0x9579, 0x9D99, 0xA5BA,
  0xA5FB, 0xAE1B, 0xAE1B, 0xAE1B, 0xADFA, 0xADFB, 0xAE1B, 0xB61B, 0xB63B, 0xB65B, 0xB63B, 0xB63B,
  0xB63A, 0xC69C, 0xC6BC, 0xCEBC, 0xCEBC, 0xD6FD, 0xD6FD, 0xD6FD, 0xD6DD, 0xCEDC, 0xCEDC, 0xCEBC,
  0xD6DC, 0xD6DC, 0xCEBC, 0xD6FC, 0xDF3D, 0xE75D, 0xE75D, 0xEF7E, 0xE77E, 0xEF7E, 0xDF3D, 0xDF1C,
  0xDEFC, 0xDF1C, 0xDEFC, 0xE73D, 0xE77D, 0xEF9E, 0xE77F, 0xD6DD, 0xCE9C, 0xD6BC, 0xD6DD, 0xDF1D,
  0xDF3D, 0xE75E, 0xE77E, 0xEF7E, 0xA556, 0x10A3, 0x0000, 0x0000, 0x0000, 0x0000, 0x0000, 0x0000,
  0x0000, 0x0000, 0x0000, 0x0000, 0x0000, 0x0000, 0x0000, 0x0000, 0x0000, 0x0000, 0x0000, 0x0000,
  0x0000, 0x0000, 0x0861, 0x0020, 0x0000, 0x0000, 0x0000, 0x0000, 0x0000, 0x0000, 0x0000, 0x0000,
  0x0001, 0x0063, 0x08A5, 0x1926, 0xDEFC, 0xF7DF, 0xFFDF, 0xFFDF, 0xF7BE, 0xF7BF, 0xFFDF, 0xFFDF,
  0xFFFF, 0xFFDF, 0xFFFF, 0xFFDF, 0xFFFF, 0xFFFF, 0xFFFF, 0xFFFF, 0xFFFF, 0xFFFF, 0xFFFF, 0xFFFF,
  0xFFFF, 0xFFFF, 0xFFFF, 0xFFDF, 0xFFFF, 0xFFFF, 0xFFFF, 0xFFFF, 0xFFFF, 0xFFFF, 0xFFFF, 0xFFFF,
  0xF7BF, 0xCE9A, 0xBE19, 0xAD97, 0x9536, 0x84B4, 0x7C53, 0x6BF2, 0x5B91, 0x5330, 0x42EF, 0x3AAE,
  0x326D, 0x324D, 0x2A0C, 0x21EB, 0x19EB, 0x19CB, 0x19AB, 0x11AA, 0x11AA, 0x118A, 0x118A, 0x118A,
  0x118A, 0x118A, 0x118A, 0x118A, 0x118A, 0x1169, 0x118A, 0x1169, 0x1169, 0x1169, 0x1169, 0x1169,
  0x1169, 0x1169, 0x1169, 0x1149, 0x1149, 0x1149, 0x1148, 0x1148, 0x0948, 0x0928, 0x0928, 0x0928,
  0x0928, 0x0928, 0x0928, 0x7475, 0x7496, 0x7CB7, 0x84D7, 0x7CB7, 0x7476, 0x7476, 0x7497, 0x7CB7,
  0x7CB7, 0x7CD7, 0x7CD8, 0x84F8, 0x84F8, 0x8D18, 0x9559, 0x9559, 0x9559, 0x8D39, 0x8D38, 0x8D39,
  0x8D38, 0x8D59, 0x8D38, 0x84F8, 0x84F8, 0x84F7, 0x7CD7, 0x7CB7, 0x7CD7, 0x7CB7, 0x84F7, 0x8D38,
  0x8D38, 0x9559, 0x9559, 0x9579, 0x9599, 0x9D9A, 0x9D9A, 0x9DBA, 0xA5DA, 0xA5FA, 0xA5FB, 0xAE1B,
  0xAE1B, 0xAE1B, 0xAE1B, 0xAE1B, 0xB63B, 0xB63B, 0xB63B, 0xB65B, 0xB63B, 0xB61A, 0xB63A, 0xBE5B,
  0xC67B, 0xBE7B, 0xC69C, 0xCEBD, 0xC69C, 0xC69C, 0xCEBC, 0xCEBC, 0xCEDC, 0xD6FD, 0xD6DD, 0xD6DC,
  0xDF1D, 0xDF1D, 0xDF1D, 0xDF1D, 0xDEFC, 0xDF3D, 0xDF3D, 0xE75D, 0xDF3D, 0xDF1D, 0xE75D, 0xE75D,
  0xEF9E, 0xEF9E, 0xEF9F, 0x5B2F, 0x10E6, 0x10A5, 0x10A5, 0x10C4, 0x10A4, 0x1905, 0x2987, 0x52AB,
  0x8C92, 0x5AEC, 0x0000, 0x0000, 0x0000, 0x0000, 0x0000, 0x0000, 0x0000, 0x0000, 0x0000, 0x0000,
  0x0000, 0x0000, 0x0000, 0x0000, 0x0000, 0x0000, 0x0000, 0x0000, 0x0000, 0x0000, 0x0000, 0x0000,
  0x0000, 0x0000, 0x0000, 0x0000, 0x0000, 0x0000, 0x0000, 0x0000, 0x0000, 0x0000, 0x0022, 0x0043,
  0x0884, 0x8432, 0xF7DF, 0xFFDF, 0xFFFF, 0xFFDF, 0xFFDF, 0xFFDF, 0xFFDF, 0xF7BE, 0xFFDF, 0xFFFF,
  0xFFFF, 0xFFFF, 0xFFFF, 0xFFFF, 0xFFFF, 0xFFFF, 0xFFFF, 0xFFFF, 0xFFFF, 0xFFFF, 0xFFFF, 0xFFFF,
  0xFFFF, 0xFFDF, 0xFFDF, 0xFFFF, 0xFFFF, 0xFFFF, 0xFFFF, 0xFFFF, 0xF7BF, 0xCEBB, 0xBE19, 0xADB8,
  0x9D36, 0x8CD5, 0x7C53, 0x6BF2, 0x5B91, 0x5350, 0x4B0F, 0x42CE, 0x3A8D, 0x324D, 0x2A2C, 0x220C,
  0x21EB, 0x19CB, 0x19CB, 0x19AB, 0x19AB, 0x11AA, 0x118A, 0x118A, 0x118A, 0x118A, 0x118A, 0x118A,
  0x118A, 0x118A, 0x118A, 0x118A, 0x118A, 0x116A, 0x1169, 0x1169, 0x1169, 0x0949, 0x1149, 0x1169,
  0x1169, 0x1149, 0x1149, 0x1148, 0x1148, 0x1148, 0x0928, 0x0928, 0x0928, 0x0928, 0x0928, 0x0928,
  0x6C35, 0x6C56, 0x7476, 0x7C97, 0x7476, 0x6C36, 0x6C36, 0x6C56, 0x7497, 0x7CB7, 0x7CB7, 0x7CD7,
  0x7CD8, 0x7CD8, 0x84F8, 0x8518, 0x8D59, 0x8D59, 0x8518, 0x8D38, 0x8D39, 0x8D38, 0x8D38, 0x8D39,
  0x84D7, 0x7C96, 0x7CB7, 0x7CB7, 0x7CB7, 0x7CB7, 0x84D7, 0x8D18, 0x8D38, 0x8D58, 0x9579, 0x9D9A,
  0x9DBA, 0x9D9A, 0x9D9A, 0x9D9A, 0x9DBA, 0xA5DA, 0xA5DA, 0xA5FB, 0xAE1B, 0xAE1B, 0xAE3B, 0xB63B,
  0xAE3B, 0xAE3B, 0xB63B, 0xB63B, 0xB63B, 0xB63B, 0xB61B, 0xAE1A, 0xB63B, 0xB63B, 0xB63B, 0xB63B,
  0xB65B, 0xBE5B, 0xBE5B, 0xC69C, 0xCEBC, 0xCEDC, 0xCEDC, 0xD6FD, 0xD71D, 0xDF3E, 0xDF3D, 0xDF1D,
  0xDF1D, 0xD6FC, 0xD6FC, 0xDF3D, 0xE75E, 0xEF7E, 0xEF7E, 0xF79E, 0xF7BF, 0xF7BF, 0xF7BF, 0xBDF9,
  0x10C6, 0x08A5, 0x0863, 0x0001, 0x0021, 0x0000, 0x0000, 0x0021, 0x0021, 0x0041, 0x0021, 0x0000,
  0x0000, 0x0000, 0x0000, 0x0000, 0x0000, 0x0000, 0x0000, 0x0000, 0x0000, 0x0000, 0x0000, 0x0000,
  0x0000, 0x0000, 0x0000, 0x0000, 0x0000, 0x0000, 0x0000, 0x0000, 0x0000, 0x0000, 0x0000, 0x0000,
  0x0000, 0x0000, 0x0000, 0x0000, 0x0000, 0x0000, 0x0000, 0x0001, 0x0001, 0x0042, 0x2967, 0xEF7F,
  0xF7DF, 0xFFDF, 0xFFDF, 0xFFDF, 0xFFFF, 0xFFFF, 0xFFDF, 0xFFDF, 0xFFDF, 0xFFFF, 0xFFFF, 0xFFFF,
  0xFFFF, 0xFFFF, 0xFFFF, 0xFFFF, 0xFFFF, 0xFFFF, 0xFFFF, 0xFFFF, 0xFFFF, 0xFFFF, 0xF7BE, 0xF7BE,
  0xFFFF, 0xFFFF, 0xFFFF, 0xFFFF, 0xF7DF, 0xD6BB, 0xBE19, 0xADB8, 0x9D36, 0x8CD5, 0x7C74, 0x6C12,
  0x63B1, 0x5370, 0x4B0F, 0x42CE, 0x3A8E, 0x324D, 0x2A2C, 0x220C, 0x21EB, 0x19EB, 0x19CB, 0x19CB,
  0x19AB, 0x19AB, 0x11AA, 0x118A, 0x118A, 0x118A, 0x118A, 0x116A, 0x118A, 0x118A, 0x1169, 0x116A,
  0x116A, 0x118A, 0x116A, 0x118A, 0x1169, 0x1169, 0x1169, 0x1149, 0x1169, 0x1149, 0x1149, 0x1149,
  0x1149, 0x1149, 0x1149, 0x0928, 0x0928, 0x0928, 0x0928, 0x0928, 0x0928, 0x5BD4, 0x63F4, 0x6415,
  0x6C35, 0x6415, 0x63F5, 0x63F5, 0x6C16, 0x6C56, 0x6C56, 0x7476, 0x7497, 0x7CB7, 0x7CB7, 0x7CB7,
  0x7CD7, 0x7CD7, 0x7CD7, 0x7CD7, 0x84F8, 0x84F8, 0x84F8, 0x8518, 0x8D39, 0x84F8, 0x7CB7, 0x7CB7,
  0x7CD8, 0x7CD7, 0x7CB7, 0x7CB7, 0x84D7, 0x8D18, 0x9579, 0x9599, 0x9D99, 0x9D9A, 0x9D9A, 0x9D79,
  0x9559, 0x9D9A, 0x9D9A, 0x9DBA, 0xA5DA, 0xA5FB, 0xA5FB, 0xAE1B, 0xAE3B, 0xB63C, 0xAE3B, 0xB63B,
  0xB63B, 0xB63B, 0xB63B, 0xB63B, 0xB63B, 0xB63B, 0xB63B, 0xB65B, 0xB65B, 0xB63B, 0xB65B, 0xC69C,
  0xC6BC, 0xCEDC, 0xD6FD, 0xD6FD, 0xD6FD, 0xDF1D, 0xDF3E, 0xDF3E, 0xDF3D, 0xDF1D, 0xDF1D, 0xDF3D,
  0xE73D, 0xE75D, 0xEF7E, 0xF7BF, 0xF7DF, 0xF79E, 0xF79F, 0xF7BF, 0x5B0E, 0x0884, 0x0043, 0x0021,
  0x0000, 0x0000, 0x0000, 0x0000, 0x0000, 0x0000, 0x0000, 0x0000, 0x0000, 0x0000, 0x0000, 0x0000,
  0x0000, 0x0000, 0x0000, 0x0000, 0x0000, 0x0000, 0x0000, 0x0000, 0x0000, 0x0000, 0x0000, 0x0000,
  0x0000, 0x0000, 0x0000, 0x0000, 0x0000, 0x0000, 0x0000, 0x0000, 0x0000, 0x0000, 0x0000, 0x0000,
  0x0000, 0x0000, 0x0000, 0x0000, 0x0000, 0x0000, 0x0021, 0x0883, 0x9D16, 0xF7DF, 0xFFDF, 0xFFDF,
  0xFFFF, 0xFFFF, 0xFFFF, 0xFFFF, 0xFFDF, 0xFFFF, 0xFFFF, 0xFFFF, 0xFFFF, 0xFFFF, 0xFFFF, 0xFFFF,
  0xFFFF, 0xFFFF, 0xFFFF, 0xFFFF, 0xFFFF, 0xFFFF, 0xFFFF, 0xFFFF, 0xFFFF, 0xFFFF, 0xFFFF, 0xFFFF,
  0xF7DF, 0xD6BB, 0xBE19, 0xADB8, 0x9D57, 0x8CD5, 0x7C74, 0x7413, 0x63B1, 0x5B70, 0x4B2F, 0x42EF,
  0x3AAE, 0x326D, 0x2A2C, 0x220C, 0x21EB, 0x19EB, 0x19CB, 0x19CB, 0x19AB, 0x11AA, 0x11AA, 0x11AA,
  0x118A, 0x118A, 0x118A, 0x118A, 0x116A, 0x118A, 0x118A, 0x118A, 0x118A, 0x118A, 0x118A, 0x118A,
  0x116A, 0x1169, 0x1169, 0x1169, 0x1169, 0x1169, 0x1149, 0x1149, 0x1149, 0x1149, 0x0948, 0x1149,
  0x0928, 0x0928, 0x0928, 0x0928, 0x0928, 0x0928, 0x4B73, 0x5394, 0x53B4, 0x5BD4, 0x5BD4, 0x5BB4,
  0x5BD4, 0x63F5, 0x6415, 0x6415, 0x6435, 0x6C56, 0x7496, 0x74B7, 0x7CB7, 0x7CB7, 0x74B7, 0x7CB7,
  0x7CB7, 0x7CB7, 0x7497, 0x7497, 0x74B7, 0x7CB7, 0x7CB7, 0x7C97, 0x7CB7, 0x7CD8, 0x7CD7, 0x7CD7,
  0x7CD7, 0x84D7, 0x8D18, 0x9559, 0x9559, 0x9579, 0x9579, 0x9D99, 0x9D99, 0x9579, 0x9D79, 0x9D9A,
  0x9DBA, 0xA5DA, 0xA5DA, 0xA5FB, 0xAE1B, 0xAE1B, 0xAE3B, 0xAE3B, 0xAE3B, 0xAE1B, 0xB63B, 0xB63B,
  0xB63B, 0xB63C, 0xB65C, 0xB65C, 0xB65C, 0xB65B, 0xBE5B, 0xBE7B, 0xCEDC, 0xD6FD, 0xD6FD, 0xD71D,
  0xD71D, 0xDF3D, 0xDF3E, 0xE75E, 0xDF3E, 0xDF3E, 0xE75E, 0xE75E, 0xE75E, 0xE75E, 0xEF9E, 0xEF9E,
  0xF7BF, 0xF7BE, 0xEF9E, 0xF79F, 0xE73E, 0x2126, 0x0042, 0x0021, 0x0000, 0x0000, 0x0000, 0x0000,
  0x0000, 0x0000, 0x0000, 0x0000, 0x0000, 0x0000, 0x0000, 0x0000, 0x0000, 0x0000, 0x0000, 0x0000,
  0x0000, 0x0000, 0x0000, 0x0000, 0x0000, 0x0000, 0x0000, 0x0000, 0x0000, 0x0000, 0x0000, 0x0000,
  0x0000, 0x0000, 0x0000, 0x0000, 0x0000, 0x0000, 0x0000, 0x0000, 0x0000, 0x0000, 0x0000, 0x0000,
  0x0000, 0x0000, 0x0000, 0x0001, 0x0042, 0x3A09, 0xFFDF, 0xFFFF, 0xFFDF, 0xFFFF, 0xFFFF, 0xFFFF,
  0xFFFF, 0xFFFF, 0xFFFF, 0xFFFF, 0xFFFF, 0xFFFF, 0xFFFF, 0xFFFF, 0xFFFF, 0xFFFF, 0xFFFF, 0xFFFF,
  0xFFFF, 0xFFFF, 0xFFFF, 0xFFFF, 0xFFFF, 0xFFFF, 0xFFFF, 0xFFFF, 0xF7DF, 0xCEBB, 0xBE39, 0xADB8,
  0x9D56, 0x8CF5, 0x7C74, 0x7412, 0x63D1, 0x5B70, 0x4B30, 0x42EF, 0x3AAE, 0x328D, 0x2A4C, 0x2A2C,
  0x220C, 0x21EB, 0x19CB, 0x19CB, 0x19AB, 0x19AB, 0x118A, 0x11AA, 0x118A, 0x118A, 0x118A, 0x118A,
  0x118A, 0x118A, 0x118A, 0x118A, 0x118A, 0x118A, 0x118A, 0x118A, 0x118A, 0x116A, 0x1169, 0x1169,
  0x1169, 0x1169, 0x1169, 0x1149, 0x1149, 0x1149, 0x1149, 0x1149, 0x0949, 0x0949, 0x1149, 0x0948,
  0x0948, 0x0928, 0x0928, 0x4B33, 0x4B53, 0x4B73, 0x4B73, 0x4B53, 0x4B73, 0x5374, 0x5BD5, 0x5BD5,
  0x5BF5, 0x6415, 0x6C36, 0x6C76, 0x7497, 0x7497, 0x7497, 0x7497, 0x7497, 0x7497, 0x7497, 0x7497,
  0x7477, 0x7477, 0x7476, 0x7497, 0x7496, 0x7497, 0x7497, 0x7CD7, 0x84F8, 0x84F8, 0x84F8, 0x8D18,
  0x8D38, 0x9559, 0x9559, 0x9579, 0x9599, 0x9579, 0x9579, 0x9D79, 0x9D79, 0x9D99, 0x9D9A, 0x9DBA,
  0xA5DA, 0xA5FB, 0xADFB, 0xAE1B, 0xAE1B, 0xAE1B, 0xAE1B, 0xAE1B, 0xAE1B, 0xB63B, 0xB63C, 0xB63B,
  0xB65C, 0xBE7C, 0xBE7C, 0xBE7C, 0xC69C, 0xCEFD, 0xD6FD, 0xD6FD, 0xD71D, 0xDF1D, 0xDF3D, 0xE77E,
  0xE77E, 0xE75E, 0xE75E, 0xE77E, 0xEF7E, 0xEF7E, 0xEF9E, 0xF7DF, 0xF7DF, 0xF7BF, 0xF7BF, 0xEF7E,
  0xF79F, 0xC63A, 0x0863, 0x0021, 0x0000, 0x0000, 0x0000, 0x0000, 0x0000, 0x0000, 0x0000, 0x0000,
  0x0000, 0x0000, 0x0000, 0x0000, 0x0000, 0x0000, 0x0000, 0x0000, 0x0000, 0x0000, 0x0000, 0x0000,
  0x0000, 0x0000, 0x0000, 0x0000, 0x0000, 0x0000, 0x0000, 0x0000, 0x0000, 0x0000, 0x0000, 0x0000,
  0x0000, 0x0000, 0x0000, 0x0000, 0x0000, 0x0000, 0x0000, 0x0000, 0x0000, 0x0000, 0x0000, 0x0000,
  0x0000, 0x0021, 0x10C4, 0xF7BE, 0xFFFF, 0xFFFF, 0xFFDF, 0xFFFF, 0xFFFF, 0xFFFF, 0xFFDF, 0xFFDF,
  0xFFDF, 0xFFFF, 0xFFFF, 0xFFFF, 0xFFFF, 0xFFFF, 0xFFFF, 0xFFFF, 0xFFFF, 0xFFFF, 0xFFFF, 0xFFFF,
  0xFFFF, 0xFFFF, 0xFFFF, 0xFFFF, 0xF7BF, 0xCEBB, 0xBE39, 0xADB8, 0x9D57, 0x8CF5, 0x8474, 0x7433,
  0x63D1, 0x5B70, 0x5330, 0x42EF, 0x3AAE, 0x328D, 0x2A4D, 0x2A2C, 0x220C, 0x21EB, 0x19CB, 0x19CB,
  0x19CB, 0x11AB, 0x11AB, 0x11AA, 0x118A, 0x118A, 0x118A, 0x118A, 0x118A, 0x118A, 0x118A, 0x118A,
  0x118A, 0x118A, 0x118A, 0x118A, 0x118A, 0x116A, 0x116A, 0x116A, 0x1169, 0x1169, 0x1169, 0x1169,
  0x1149, 0x1169, 0x1149, 0x1149, 0x1169, 0x1149, 0x1149, 0x0949, 0x1149, 0x0948, 0x0928, 0x0928,
  0x4312, 0x4312, 0x4332, 0x4332, 0x4312, 0x4312, 0x4332, 0x5394, 0x5BB4, 0x5BD5, 0x5BF5, 0x6416,
  0x6C36, 0x6C56, 0x6C77, 0x6C77, 0x6C56, 0x6C56, 0x6C76, 0x7477, 0x7477, 0x7477, 0x7476, 0x7476,
  0x7476, 0x7476, 0x7476, 0x7476, 0x7CB7, 0x7CB7, 0x84D7, 0x84F8, 0x84F8, 0x8CF8, 0x9539, 0x9559,
  0x9579, 0x9579, 0x9579, 0x9559, 0x9559, 0x9538, 0x9559, 0x9579, 0x9579, 0x9DBA, 0xA5DA, 0xA5DA,
  0xADFB, 0xADFB, 0xAE1B, 0xADFB, 0xADFB, 0xAE1B, 0xB61B, 0xB63B, 0xB63B, 0xB65B, 0xBE7C, 0xBE7C,
  0xBE7C, 0xC69C, 0xCEDC, 0xD6FD, 0xCEDC, 0xD6FD, 0xDF1D, 0xE73D, 0xE77E, 0xE75E, 0xE75E, 0xEF7E,
  0xEF7E, 0xEF9E, 0xF7DF, 0xFFDF, 0xFFDF, 0xF7BF, 0xF7BF, 0xF7BF, 0xF79E, 0xF79F, 0xAD56, 0x0842,
  0x0000, 0x0000, 0x0000, 0x0000, 0x0000, 0x0000, 0x0000, 0x0000, 0x0000, 0x0000, 0x0000, 0x0000,
  0x0000, 0x0000, 0x0000, 0x0000, 0x0000, 0x0000, 0x0000, 0x0000, 0x0000, 0x0000, 0x0000, 0x0000,
  0x0000, 0x0000, 0x0000, 0x0000, 0x0000, 0x0000, 0x0000, 0x0000, 0x0000, 0x0000, 0x0000, 0x0000,
  0x0000, 0x0000, 0x0000, 0x0000, 0x0000, 0x0000, 0x0000, 0x0000, 0x0000, 0x0000, 0x0001, 0x6B8E,
  0xFFFF, 0xFFFF, 0xFFFF, 0xFFFF, 0xFFFF, 0xFFFF, 0xFFFF, 0xFFDF, 0xF7BE, 0xFFDF, 0xFFFF, 0xFFFF,
  0xFFFF, 0xFFFF, 0xFFFF, 0xFFFF, 0xFFFF, 0xFFFF, 0xFFFF, 0xFFFF, 0xFFFF, 0xFFFF, 0xFFFF, 0xFFFF,
  0xEF9E, 0xCE9B, 0xBE19, 0xADB8, 0x9D57, 0x8CD5, 0x8494, 0x7433, 0x63D2, 0x5B71, 0x5330, 0x4AEF,
  0x3AAE, 0x328D, 0x324D, 0x2A2C, 0x220C, 0x21EB, 0x19EB, 0x19CB, 0x19AB, 0x11AB, 0x11AB, 0x11AB,
  0x11AA, 0x118A, 0x118A, 0x11AB, 0x11AB, 0x118A, 0x118A, 0x118A, 0x118A, 0x118A, 0x118A, 0x118A,
  0x118A, 0x118A, 0x116A, 0x116A, 0x1169, 0x1169, 0x116A, 0x1169, 0x1169, 0x1169, 0x1149, 0x1169,
  0x1149, 0x1149, 0x1149, 0x0949, 0x0949, 0x0949, 0x0948, 0x0948, 0x0948, 0x4312, 0x4312, 0x4312,
  0x4312, 0x3AF2, 0x3AF2, 0x3AF2, 0x4B33, 0x5394, 0x5394, 0x5394, 0x5BD5, 0x6415, 0x6416, 0x6C36,
  0x6C36, 0x6415, 0x6415, 0x6436, 0x6C56, 0x7477, 0x6C76, 0x6C76, 0x6C56, 0x6C56, 0x6C56, 0x6C55,
  0x6C55, 0x7496, 0x7496, 0x7CB7, 0x84D7, 0x84D7, 0x84D7, 0x8D18, 0x8D18, 0x8D38, 0x8D59, 0x8D18,
  0x8D18, 0x8D18, 0x84F7, 0x8D18, 0x8D38, 0x9559, 0x9D79, 0x9DBA, 0xA5DA, 0xA5DA, 0xAE1B, 0xAE1B,
  0xADFB, 0xADFA, 0xAE1B, 0xAE1B, 0xB61B, 0xB63B, 0xB63B, 0xBE5B, 0xBE7C, 0xC69C, 0xC69C, 0xCEBC,
  0xCEBC, 0xCEBC, 0xCEDC, 0xDF1D, 0xDF3D, 0xE75E, 0xEF7E, 0xE75E, 0xEF7E, 0xEF7E, 0xF79E, 0xF7BF,
  0xFFDF, 0xF7BE, 0xF7BF, 0xF7BE, 0xF79E, 0xF79E, 0xF7BF, 0xB597, 0x0021, 0x0000, 0x0000, 0x0000,
  0x0000, 0x0000, 0x0000, 0x0000, 0x0000, 0x0000, 0x0000, 0x0000, 0x0000, 0x0000, 0x0000, 0x0000,
  0x0000, 0x0000, 0x0000, 0x0000, 0x0000, 0x0000, 0x0000, 0x0000, 0x0000, 0x0000, 0x0000, 0x0000,
  0x0000, 0x0000, 0x0000, 0x0000, 0x0000, 0x0000, 0x0000, 0x0000, 0x0000, 0x0000, 0x0000, 0x0000,
  0x0000, 0x0000, 0x0000, 0x0000, 0x0000, 0x0000, 0x0000, 0x39E8, 0xFFDF, 0xFFFF, 0xFFFF, 0xFFFF,
  0xFFFF, 0xFFFF, 0xFFFF, 0xFFFF, 0xFFFF, 0xFFDF, 0xFFFF, 0xFFFF, 0xFFFF, 0xFFFF, 0xFFFF, 0xFFFF,
  0xFFFF, 0xFFFF, 0xFFFF, 0xFFFF, 0xFFFF, 0xFFFF, 0xFFFF, 0xFFFF, 0xEF7E, 0xCE9B, 0xBE19, 0xADB8,
  0x9D57, 0x8CF5, 0x8494, 0x7453, 0x63D2, 0x5B91, 0x5330, 0x4B0F, 0x42CE, 0x3A8E, 0x326D, 0x2A2D,
  0x220C, 0x21EC, 0x19EB, 0x19CB, 0x19CB, 0x19AB, 0x11AB, 0x11AB, 0x118A, 0x11AB, 0x118A, 0x118A,
  0x118A, 0x118A, 0x11AA, 0x118A, 0x118A, 0x118A, 0x118A, 0x118A, 0x118A, 0x118A, 0x118A, 0x116A,
  0x116A, 0x1169, 0x1169, 0x116A, 0x116A, 0x1149, 0x1169, 0x1149, 0x1149, 0x1169, 0x1169, 0x1149,
  0x1149, 0x1149, 0x0949, 0x1149, 0x0948, 0x0928, 0x4312, 0x4312, 0x42F2, 0x42F2, 0x3AF1, 0x3AD1,
  0x3AD1, 0x3AF2, 0x4313, 0x4B33, 0x4B53, 0x5394, 0x5BD5, 0x63F5, 0x63F5, 0x5BD5, 0x5BD4, 0x5BD4,
  0x63F5, 0x6415, 0x6C36, 0x6C36, 0x6C56, 0x6C76, 0x6C56, 0x6C56, 0x6C35, 0x6C35, 0x6C55, 0x7455,
  0x7476, 0x7C96, 0x7C96, 0x7CB7, 0x84D7, 0x84D7, 0x84F7, 0x84F7, 0x7CB6, 0x7CB6, 0x7475, 0x6C54,
  0x7C96, 0x84F7, 0x8CF7, 0x9558, 0x9D79, 0x9D9A, 0xA5BA, 0xA5DA, 0xA5FB, 0xA5DA, 0xA5DA, 0xADFA,
  0xADFA, 0xADFB, 0xAE1B, 0xB61A, 0xB63B, 0xBE5B, 0xC69C, 0xCEDD, 0xCEBC, 0xCEBC, 0xCEBC, 0xCEBC,
  0xD6DC, 0xDEFC, 0xEF7E, 0xF7BF, 0xEF9E, 0xEF9E, 0xEF9E, 0xEF7E, 0xEF7D, 0xF7BE, 0xFFDF, 0xF79E,
  0xF79E, 0xF79E, 0xEF7E, 0xF7BE, 0xC639, 0x0021, 0x0000, 0x0000, 0x0000, 0x0000, 0x0000, 0x0000,
  0x0000, 0x0000, 0x0000, 0x0000, 0x0000, 0x0000, 0x0000, 0x0000, 0x0000, 0x0000, 0x0000, 0x0000,
  0x0000, 0x0000, 0x0000, 0x0000, 0x0000, 0x0000, 0x0000, 0x0000, 0x0000, 0x0000, 0x0000, 0x0000,
  0x0000, 0x0000, 0x0000, 0x0000, 0x0000, 0x0000, 0x0000, 0x0000, 0x0000, 0x0000, 0x0000, 0x0000,
  0x0000, 0x0000, 0x0000, 0x0000, 0xAD75, 0xFFFF, 0xFFFF, 0xFFFF, 0xFFFF, 0xFFFF, 0xFFFF, 0xFFFF,
  0xFFFF, 0xFFFF, 0xFFFF, 0xFFFF, 0xFFFF, 0xFFFF, 0xFFFF, 0xFFFF, 0xFFFF, 0xFFFF, 0xFFFF, 0xFFFF,
  0xFFFF, 0xFFFF, 0xFFFF, 0xFFFF, 0xE73D, 0xC67A, 0xB5F9, 0xADB8, 0x9D57, 0x8CD5, 0x7C94, 0x7433,
  0x63D2, 0x5B91, 0x5350, 0x4B0F, 0x42CF, 0x3AAE, 0x326D, 0x2A4D, 0x2A2C, 0x220C, 0x19EC, 0x19EB,
  0x19CB, 0x19CB, 0x19AB, 0x11AB, 0x11AB, 0x11AB, 0x11AB, 0x11AB, 0x11AB, 0x118A, 0x118A, 0x118A,
  0x118A, 0x118A, 0x118A, 0x118A, 0x118A, 0x118A, 0x118A, 0x118A, 0x116A, 0x116A, 0x116A, 0x116A,
  0x116A, 0x116A, 0x116A, 0x116A, 0x116A, 0x1149, 0x1169, 0x1169, 0x1149, 0x1149, 0x1149, 0x0949,
  0x0948, 0x0928, 0x0928, 0x4312, 0x4312, 0x42F2, 0x3AF1, 0x3AD1, 0x3AD1, 0x3AD1, 0x3AD1, 0x3AD2,
  0x42F2, 0x4332, 0x4B53, 0x5394, 0x5BD5, 0x5BD5, 0x5394, 0x5373, 0x5393, 0x5BB4, 0x5BD5, 0x5BD5,
  0x5BD4, 0x63F5, 0x6C35, 0x6C56, 0x6C35, 0x6C35, 0x6414, 0x6414, 0x6414, 0x6C14, 0x6C14, 0x6C34,
  0x6C34, 0x7475, 0x7C96, 0x7455, 0x7455, 0x6C14, 0x63F3, 0x5BD2, 0x5B92, 0x6BF4, 0x7475, 0x7475,
  0x84D7, 0x9538, 0x9D79, 0x9D99, 0x9D99, 0x9D9A, 0x9DBA, 0x9D99, 0xA5BA, 0xA5BA, 0xA5B9, 0xA5B9,
  0xA5D9, 0xADFA, 0xB63A, 0xBE5B, 0xCEBC, 0xDF1E, 0xD6FD, 0xD6FD, 0xD6FD, 0xDF1D, 0xDF1D, 0xE75D,
  0xF7BF, 0xF79E, 0xEF9E, 0xEF7D, 0xEF7D, 0xEF7E, 0xF7BE, 0xF7BF, 0xFFBF, 0xF7BF, 0xF79E, 0xEF9E,
  0xF79E, 0xE71C, 0x0841, 0x0000, 0x0000, 0x0000, 0x0000, 0x0000, 0x0000, 0x0000, 0x0000, 0x0000,
  0x0000, 0x0000, 0x0000, 0x0000, 0x0000, 0x0000, 0x0000, 0x0000, 0x0000, 0x0000, 0x0000, 0x0000,
  0x0000, 0x0000, 0x0000, 0x0000, 0x0000, 0x0000, 0x0000, 0x0000, 0x0000, 0x0000, 0x0000, 0x0000,
  0x0000, 0x0000, 0x0000, 0x0000, 0x0000, 0x0000, 0x0000, 0x0000, 0x0000, 0x0000, 0x0000, 0x0000,
  0x4A49, 0xFFDF, 0xFFFF, 0xFFFF, 0xFFFF, 0xFFFF, 0xFFFF, 0xFFFF, 0xFFFF, 0xFFFF, 0xFFFF, 0xFFFF,
  0xFFFF, 0xFFFF, 0xFFFF, 0xFFFF, 0xFFFF, 0xFFFF, 0xFFFF, 0xFFFF, 0xFFFF, 0xFFFF, 0xFFFF, 0xFFFF,
  0xDEFC, 0xC65A, 0xB5F9, 0xA598, 0x9D36, 0x8CD5, 0x7C94, 0x7433, 0x63F2, 0x5B91, 0x5351, 0x4B10,
  0x42CF, 0x3A8E, 0x328E, 0x2A4D, 0x2A2D, 0x220C, 0x21EC, 0x19EC, 0x19CC, 0x19CB, 0x19CB, 0x19CB,
  0x11AB, 0x118A, 0x11AB, 0x11AB, 0x11AA, 0x118A, 0x118A, 0x118A, 0x118A, 0x118A, 0x118A, 0x118A,
  0x118A, 0x118A, 0x118A, 0x118A, 0x118A, 0x118A, 0x116A, 0x116A, 0x116A, 0x116A, 0x116A, 0x116A,
  0x116A, 0x116A, 0x116A, 0x1169, 0x1169, 0x1149, 0x1149, 0x1149, 0x0949, 0x0928, 0x0928, 0x0928,
  0x4B32, 0x4B32, 0x4312, 0x42F1, 0x42D1, 0x3AB0, 0x3AB0, 0x3AB1, 0x3AD1, 0x3AF2, 0x4312, 0x4B53,
  0x4B53, 0x5394, 0x5394, 0x5374, 0x4B53, 0x4B53, 0x4B73, 0x5394, 0x5393, 0x5393, 0x5BB3, 0x6415,
  0x6C56, 0x6435, 0x6414, 0x63F4, 0x5BD3, 0x5BB3, 0x5B92, 0x5371, 0x5B92, 0x5371, 0x5BB2, 0x63F3,
  0x5BB2, 0x5B91, 0x5371, 0x5351, 0x4B30, 0x4B10, 0x5B92, 0x6C14, 0x63F3, 0x6C34, 0x84B6, 0x8D18,
  0x9538, 0x8D38, 0x8D38, 0x9559, 0x9579, 0x9D79, 0x9D99, 0x9D78, 0x9558, 0x9D58, 0xA578, 0xADB9,
  0xB5F9, 0xBE5A, 0xCE9B, 0xDF1D, 0xDF1D, 0xDF3D, 0xE75E, 0xE75D, 0xE73D, 0xE75D, 0xEF7E, 0xEF7D,
  0xEF7D, 0xEF7D, 0xF7DF, 0xF7BE, 0xF79E, 0xF7BF, 0xFFDF, 0xF7BF, 0xF7BF, 0xF7BE, 0xF79E, 0x31A7,
  0x0000, 0x0000, 0x0000, 0x0000, 0x0000, 0x0000, 0x0000, 0x0000, 0x0000, 0x0000, 0x0000, 0x0000,
  0x0000, 0x0000, 0x0000, 0x0000, 0x0000, 0x0000, 0x0000, 0x0000, 0x0000, 0x0000, 0x0000, 0x0000,
  0x0000, 0x0000, 0x0000, 0x0000, 0x0000, 0x0000, 0x0000, 0x0000, 0x0000, 0x0000, 0x0000, 0x0000,
  0x0000, 0x0000, 0x0000, 0x0000, 0x0000, 0x0000, 0x0000, 0x2104, 0x8C71, 0xF7BE, 0xFFFF, 0xFFFF,
  0xFFFF, 0xFFFF, 0xFFFF, 0xFFFF, 0xFFFF, 0xFFFF, 0xFFFF, 0xFFFF, 0xFFFF, 0xFFFF, 0xFFFF, 0xFFFF,
  0xFFFF, 0xFFFF, 0xFFFF, 0xFFFF, 0xFFFF, 0xFFFF, 0xFFFF, 0xF7BF, 0xD6BB, 0xC65A, 0xB5F9, 0xA597,
  0x9516, 0x8CD5, 0x7C74, 0x7433, 0x63F2, 0x5B91, 0x5351, 0x4B10, 0x42EF, 0x3AAE, 0x328E, 0x2A4D,
  0x222D, 0x222C, 0x220C, 0x19EC, 0x19EC, 0x19CB, 0x19CB, 0x19CB, 0x19AB, 0x11AB, 0x11AB, 0x11AB,
  0x11AA, 0x11AA, 0x11AA, 0x118A, 0x118A, 0x118A, 0x118A, 0x118A, 0x118A, 0x118A, 0x118A, 0x118A,
  0x118A, 0x118A, 0x118A, 0x116A, 0x118A, 0x118A, 0x116A, 0x116A, 0x116A, 0x116A, 0x116A, 0x116A,
  0x1169, 0x1169, 0x1149, 0x0949, 0x0949, 0x0928, 0x0928, 0x0928, 0x0928, 0x5373, 0x5373, 0x5373,
  0x5352, 0x4B32, 0x42D1, 0x3AB0, 0x3A90, 0x3AB1, 0x42F1, 0x4312, 0x4B32, 0x4B53, 0x4B53, 0x4B53,
  0x4B53, 0x4B32, 0x4B32, 0x4B53, 0x4B73, 0x4B73, 0x4B52, 0x5392, 0x5BD4, 0x6415, 0x63F4, 0x5BB3,
  0x5372, 0x5351, 0x4B30, 0x42EF, 0x42EF, 0x4B10, 0x4B0F, 0x4B30, 0x5371, 0x5350, 0x4B0F, 0x4B0F,
  0x42EF, 0x3AAE, 0x3A8E, 0x42EF, 0x5351, 0x5371, 0x5350, 0x5371, 0x7434, 0x84D7, 0x7C95, 0x7475,
  0x7CB6, 0x84F7, 0x8D38, 0x8D17, 0x84D6, 0x8CD6, 0x8CF6, 0x9516, 0x9D57, 0xA598, 0xB5F9, 0xBE3A,
  0xCE9B, 0xD6FC, 0xE73D, 0xE75D, 0xEF7E, 0xEF9E, 0xEF9E, 0xEF7E, 0xEF7D, 0xEF9E, 0xEF7D, 0xF7BE,
  0xF7BF, 0xF79E, 0xF79E, 0xF79E, 0xF7BE, 0xFFDF, 0xF7BE, 0xF7BE, 0xDEDB, 0x5AEB, 0x0020, 0x0000,
  0x0000, 0x0000, 0x0000, 0x0000, 0x0000, 0x0000, 0x0000, 0x0000, 0x0000, 0x0000, 0x0000, 0x0000,
  0x0000, 0x0000, 0x0000, 0x0000, 0x0000, 0x0000, 0x0000, 0x0000, 0x0000, 0x0000, 0x0000, 0x0000,
  0x0000, 0x0000, 0x0000, 0x0000, 0x0000, 0x0000, 0x0000, 0x0000, 0x0000, 0x0000, 0x0000, 0x0000,
  0x0000, 0x0841, 0x5ACB, 0xB596, 0xF7BE, 0xFFFF, 0xFFFF, 0xFFFF, 0xFFFF, 0xFFFF, 0xFFFF, 0xFFFF,
  0xFFFF, 0xFFFF, 0xFFFF, 0xFFFF, 0xFFFF, 0xFFFF, 0xFFFF, 0xFFFF, 0xFFFF, 0xFFFF, 0xFFFF, 0xFFFF,
  0xFFFF, 0xFFFF, 0xFFFF, 0xE75E, 0xCE9B, 0xBE39, 0xADD8, 0xA577, 0x9516, 0x84D5, 0x7C74, 0x6C13,
  0x63D2, 0x5B91, 0x5351, 0x4B10, 0x42EF, 0x3AAE, 0x328E, 0x2A6D, 0x2A4D, 0x222D, 0x220C, 0x220C,
  0x19EC, 0x19CC, 0x19CB, 0x19CB, 0x19CB, 0x11AB, 0x11AB, 0x11AB, 0x11AB, 0x11AB, 0x11AA, 0x11AB,
  0x11AB, 0x118A, 0x118A, 0x118A, 0x118A, 0x118A, 0x118A, 0x118A, 0x118A, 0x118A, 0x118A, 0x118A,
  0x118A, 0x118A, 0x118A, 0x116A, 0x116A, 0x116A, 0x1169, 0x1169, 0x1169, 0x1169, 0x1169, 0x1149,
  0x0949, 0x1149, 0x0928, 0x0928, 0x0928, 0x0928, 0x5BB3, 0x5BB4, 0x5B93, 0x5BB3, 0x5B93, 0x4B32,
  0x42D1, 0x42B1, 0x3AD1, 0x42F1, 0x4312, 0x4332, 0x4B33, 0x4B33, 0x4B33, 0x4B32, 0x4312, 0x4B12,
  0x4B32, 0x4B52, 0x4B52, 0x4B52, 0x4B52, 0x5BB3, 0x63F4, 0x5BD3, 0x4B31, 0x42EF, 0x42AE, 0x3A8D,
  0x324D, 0x326D, 0x326D, 0x3A6D, 0x3AAE, 0x42AE, 0x42CF, 0x3A8E, 0x3A8E, 0x3A8E, 0x3A6E, 0x326D,
  0x326D, 0x3AAE, 0x3A8D, 0x326D, 0x3AAE, 0x5371, 0x6C34, 0x6C14, 0x63F3, 0x6C13, 0x6C13, 0x6C34,
  0x6BF3, 0x6BF3, 0x7434, 0x7C75, 0x84B5, 0x8CF6, 0x9536, 0xA577, 0xADB8, 0xB619, 0xC65A, 0xD6DC,
  0xEF7E, 0xF7BF, 0xF7DF, 0xF7BE, 0xF79E, 0xF79E, 0xF79E, 0xEF7E, 0xF79E, 0xF79E, 0xF79E, 0xF79E,
  0xF79E, 0xF7BE, 0xFFDF, 0xF79E, 0xEF9E, 0xEF7D, 0xEF5D, 0xCE59, 0x8410, 0x39E7, 0x0000, 0x0000,
  0x0000, 0x0000, 0x0000, 0x0000, 0x0000, 0x0000, 0x0000, 0x0000, 0x0000, 0x0000, 0x0000, 0x0000,
  0x0000, 0x0000, 0x0000, 0x0000, 0x0000, 0x0000, 0x0000, 0x0000, 0x0000, 0x0000, 0x0000, 0x0000,
  0x0000, 0x0000, 0x0000, 0x0000, 0x0000, 0x0000, 0x0000, 0x0000, 0x0000, 0x0000, 0x7BEF, 0xFFDF,
  0xFFFF, 0xFFFF, 0xFFFF, 0xFFFF, 0xFFFF, 0xFFFF, 0xFFFF, 0xFFFF, 0xFFFF, 0xFFFF, 0xFFFF, 0xFFFF,
  0xFFFF, 0xFFFF, 0xFFFF, 0xFFFF, 0xFFFF, 0xFFFF, 0xFFFF, 0xFFFF, 0xFFFF, 0xFFFF, 0xF7DF, 0xD6FC,
  0xC67A, 0xB619, 0xADB8, 0x9D57, 0x94F6, 0x84B5, 0x7C74, 0x6C13, 0x63D2, 0x5B91, 0x5351, 0x4B30,
  0x42EF, 0x3AAF, 0x328E, 0x2A6D, 0x2A4D, 0x222D, 0x220C, 0x220C, 0x19EC, 0x19CC, 0x19CB, 0x19CB,
  0x19CB, 0x11AB, 0x11CB, 0x11CB, 0x11AB, 0x11AB, 0x11AB, 0x11AB, 0x11AB, 0x11AB, 0x11AB, 0x11AB,
  0x11AB, 0x118B, 0x118A, 0x118A, 0x118B, 0x11AB, 0x118A, 0x118A, 0x118A, 0x118A, 0x118A, 0x118A,
  0x116A, 0x116A, 0x116A, 0x0969, 0x0949, 0x0949, 0x0949, 0x0949, 0x0948, 0x0928, 0x0928, 0x0928,
  0x0928, 0x0908, 0x0908, 0x63D3, 0x63D3, 0x63D3, 0x63F4, 0x5BB3, 0x5352, 0x4AF1, 0x42D1, 0x42D1,
  0x42D1, 0x42F1, 0x42F1, 0x4312, 0x4312, 0x4312, 0x4312, 0x4312, 0x42F1, 0x4312, 0x4B52, 0x4B52,
  0x4B52, 0x4B51, 0x5372, 0x5BB3, 0x5372, 0x42CF, 0x326D, 0x322C, 0x2A0B, 0x29EB, 0x21AA, 0x21AA,
  0x21CA, 0x29EB, 0x2A0C, 0x322D, 0x324D, 0x3A6E, 0x324D, 0x324D, 0x2A2C, 0x2A2C, 0x220B, 0x220B,
  0x2A2C, 0x3AAE, 0x4B30, 0x5B92, 0x5B91, 0x5371, 0x5351, 0x4B0F, 0x4B0F, 0x4B30, 0x5B91, 0x6BF3,
  0x7433, 0x7454, 0x7C74, 0x84B5, 0x8CF5, 0x9D57, 0xA598, 0xB5F9, 0xBE3A, 0xCE9B, 0xE75E, 0xF7BE,
  0xF7BE, 0xF7BE, 0xF7BE, 0xF7BE, 0xF79E, 0xF79E, 0xF79E, 0xF7BE, 0xF77E, 0xF79E, 0xF79E, 0xFFDF,
  0xF7BE, 0xEF7D, 0xEF7D, 0xEF7D, 0xEF5D, 0xEF5D, 0xBDD7, 0x0000, 0x0000, 0x0000, 0x0000, 0x0000,
  0x0000, 0x0000, 0x0000, 0x0000, 0x0000, 0x0000, 0x0000, 0x0000, 0x0000, 0x0000, 0x0000, 0x0000,
  0x0000, 0x0000, 0x0000, 0x0000, 0x0000, 0x0000, 0x0000, 0x0000, 0x0000, 0x0000, 0x0000, 0x0000,
  0x0000, 0x10A2, 0x0020, 0x0000, 0x0000, 0x0000, 0x39E7, 0xF79E, 0xFFDF, 0xFFFF, 0xFFFF, 0xFFFF,
  0xFFFF, 0xFFFF, 0xFFFF, 0xFFFF, 0xFFFF, 0xFFFF, 0xFFFF, 0xFFFF, 0xFFFF, 0xFFFF, 0xFFFF, 0xFFFF,
  0xFFFF, 0xFFFF, 0xFFFF, 0xFFFF, 0xFFFF, 0xFFFF, 0xE77E, 0xCEBB, 0xBE5A, 0xB5F9, 0xA598, 0x9D57,
  0x8CF6, 0x84B5, 0x7454, 0x6C13, 0x63D2, 0x5B91, 0x4B51, 0x4310, 0x3AEF, 0x3AAF, 0x328E, 0x2A6E,
  0x2A4D, 0x222D, 0x220C, 0x220C, 0x19EC, 0x19CC, 0x19CB, 0x19CB, 0x19CB, 0x11AB, 0x11AB, 0x11AB,
  0x11AB, 0x11AB, 0x11AB, 0x11AB, 0x11AB, 0x11AB, 0x11AB, 0x11AB, 0x11AB, 0x11AB, 0x118B, 0x118A,
  0x118A, 0x118B, 0x118A, 0x118A, 0x118A, 0x118A, 0x118A, 0x118A, 0x118A, 0x116A, 0x116A, 0x1169,
  0x1169, 0x0949, 0x0949, 0x0948, 0x0928, 0x0928, 0x0928, 0x0928, 0x0928, 0x0928, 0x0908, 0x0907,
  0x7435, 0x7455, 0x7C96, 0x7C75, 0x6C34, 0x63B3, 0x4B11, 0x42D0, 0x42D0, 0x3AB0, 0x3AAF, 0x326E,
  0x3A8F, 0x3A8F, 0x3AB0, 0x42D0, 0x42F1, 0x4311, 0x4B32, 0x4B52, 0x4B52, 0x4B51, 0x4B51, 0x5351,
  0x5351, 0x4B10, 0x42CE, 0x3A8D, 0x2A2C, 0x29EB, 0x21AA, 0x1969, 0x1968, 0x1969, 0x19AA, 0x21EB,
  0x2A0C, 0x322C, 0x322D, 0x2A2C, 0x2A0C, 0x2A0B, 0x21EB, 0x21CA, 0x21EB, 0x2A2C, 0x326D, 0x3AAE,
  0x3AAE, 0x3AAE, 0x42CF, 0x3AAE, 0x3A8D, 0x3A8D, 0x42CE, 0x5330, 0x5B91, 0x63B2, 0x63D2, 0x6C13,
  0x7453, 0x7C74, 0x8CD5, 0x9516, 0x9D77, 0xADB8, 0xBE19, 0xC65A, 0xD6DC, 0xEF9E, 0xF7DF, 0xFFFF,
  0xFFDF, 0xFFDF, 0xF7BF, 0xF7BE, 0xF77E, 0xF79E, 0xF79E, 0xF7BE, 0xFFDF, 0xFFDF, 0xEF7E, 0xEF9E,
  0xEF7D, 0xEF7E, 0xEF7E, 0xEF7D, 0x6B6D, 0x0020, 0x0000, 0x0000, 0x0000, 0x0000, 0x0000, 0x0000,
  0x0000, 0x0000, 0x0000, 0x0000, 0x0000, 0x0000, 0x0000, 0x0000, 0x0000, 0x0000, 0x0000, 0x0000,
  0x0000, 0x0000, 0x0000, 0x0000, 0x0000, 0x0000, 0x0000, 0x0000, 0x0000, 0x5AEB, 0xEF5D, 0xEF5D,
  0xC618, 0xAD55, 0xAD55, 0xEF7D, 0xFFFF, 0xFFDF, 0xFFDF, 0xFFDF, 0xFFFF, 0xFFFF, 0xFFFF, 0xFFFF,
  0xFFFF, 0xFFFF, 0xFFFF, 0xFFFF, 0xFFFF, 0xFFFF, 0xFFFF, 0xFFFF, 0xFFFF, 0xFFFF, 0xFFFF, 0xFFFF,
  0xFFFF, 0xF7BF, 0xD6FC, 0xC67B, 0xB619, 0xADD8, 0x9D77, 0x9537, 0x8CF6, 0x7C95, 0x7454, 0x6BF3,
  0x5BB2, 0x5391, 0x4B51, 0x4310, 0x3AEF, 0x3AAF, 0x328E, 0x2A6E, 0x2A4D, 0x222D, 0x220D, 0x1A0C,
  0x1A0C, 0x19EC, 0x19EC, 0x19CC, 0x19CC, 0x11CB, 0x11AB, 0x11AB, 0x11AB, 0x11AB, 0x11AB, 0x11AB,
  0x11AB, 0x11AB, 0x11AB, 0x11AB, 0x11AB, 0x11AB, 0x11AB, 0x118B, 0x118B, 0x118B, 0x118A, 0x118A,
  0x118A, 0x118A, 0x118A, 0x118A, 0x118A, 0x118A, 0x116A, 0x1169, 0x1169, 0x1149, 0x1149, 0x1149,
  0x0928, 0x0928, 0x0928, 0x0928, 0x0928, 0x0908, 0x0908, 0x0908, 0x0907, 0x7455, 0x7475, 0x84B6,
  0x84B6, 0x7C96, 0x7455, 0x63D3, 0x4B10, 0x42CF, 0x3A8E, 0x322D, 0x29EC, 0x2A0C, 0x324E, 0x3A8F,
  0x42D0, 0x42F0, 0x42F1, 0x4B11, 0x4B31, 0x4B31, 0x4B11, 0x42F0, 0x4B30, 0x4B10, 0x42EF, 0x3AAE,
  0x3AAE, 0x326D, 0x2A0B, 0x21CA, 0x1989, 0x1968, 0x1968, 0x19AA, 0x21EB, 0x2A0C, 0x2A2C, 0x2A0C,
  0x21EB, 0x21CA, 0x19AA, 0x19AA, 0x19CA, 0x19CA, 0x21EB, 0x2A0C, 0x220B, 0x21EB, 0x220B, 0x2A2C,
  0x2A2C, 0x2A2C, 0x324D, 0x3A8D, 0x42AE, 0x4B0F, 0x4B30, 0x5370, 0x5BB1, 0x63D2, 0x6C12, 0x7C53,
  0x84B5, 0x8CF5, 0x9D56, 0xA597, 0xB5D9, 0xBE39, 0xCE9A, 0xDF3D, 0xF7DF, 0xFFDF, 0xF7DF, 0xF79E,
  0xF79E, 0xF79E, 0xF79E, 0xF79E, 0xF7BF, 0xF7BE, 0xF79E, 0xF79E, 0xF79E, 0xF79E, 0xF7BE, 0xF7BF,
  0xF7BE, 0xEF7D, 0xCE79, 0x94B2, 0x18E3, 0x0000, 0x0000, 0x31A6, 0x8C92, 0x7BCF, 0x0861, 0x0000,
  0x0000, 0x0000, 0x0000, 0x0000, 0x0000, 0x39C7, 0x630C, 0x5AEB, 0x630C, 0x0020, 0x0000, 0x0000,
  0x0000, 0x0000, 0x0000, 0x0000, 0x1082, 0xA514, 0xFFDF, 0xFFFF, 0xFFFF, 0xFFDF, 0xFFDF, 0xFFFF,
  0xFFFF, 0xFFFF, 0xFFFF, 0xFFFF, 0xFFDF, 0xFFDF, 0xFFFF, 0xFFFF, 0xFFFF, 0xFFFF, 0xFFFF, 0xFFFF,
  0xFFFF, 0xFFFF, 0xFFFF, 0xFFFF, 0xFFFF, 0xFFFF, 0xFFFF, 0xFFFF, 0xF7DF, 0xDF3D, 0xCE9B, 0xBE5A,
  0xB5F9, 0xA5B8, 0x9D77, 0x8D16, 0x84D5, 0x7C74, 0x6C33, 0x63F3, 0x5BB2, 0x5371, 0x4B31, 0x4310,
  0x3ACF, 0x32AF, 0x328E, 0x2A4E, 0x2A4D, 0x222D, 0x220D, 0x220D, 0x1A0C, 0x19EC, 0x19CC, 0x19EC,
  0x19CC, 0x19CC, 0x11CB, 0x11CB, 0x11CB, 0x11AB, 0x11AB, 0x11AB, 0x11AB, 0x11AB, 0x11AB, 0x11AB,
  0x11AB, 0x11AB, 0x11AB, 0x11AB, 0x118B, 0x118B, 0x118B, 0x118A, 0x118A, 0x118A, 0x118A, 0x118A,
  0x116A, 0x116A, 0x1169, 0x1169, 0x1169, 0x1169, 0x1149, 0x1149, 0x1149, 0x0948, 0x0928, 0x0928,
  0x0928, 0x0928, 0x0908, 0x0907, 0x0907, 0x0907, 0x84B6, 0x84B6, 0x84B6, 0x84B6, 0x8496, 0x7C75,
  0x6C14, 0x63B2, 0x4B10, 0x3A8E, 0x320C, 0x21AA, 0x21EB, 0x324D, 0x3AAF, 0x3AD0, 0x42D0, 0x42D0,
  0x4310, 0x4B10, 0x42F0, 0x42AF, 0x3A8E, 0x42AE, 0x42CF, 0x3A6D, 0x3A6D, 0x3AAD, 0x3AAD, 0x328D,
  0x324C, 0x29EB, 0x1989, 0x1968, 0x1989, 0x19AA, 0x21CB, 0x21EB, 0x21CB, 0x19AA, 0x19AA, 0x198A,
  0x198A, 0x19AA, 0x19AA, 0x19AA, 0x19AA, 0x19AA, 0x19AA, 0x19AA, 0x19CA, 0x21EB, 0x220B, 0x2A2C,
  0x2A4C, 0x326D, 0x3AAE, 0x42CE, 0x4B0F, 0x5350, 0x5371, 0x63B1, 0x6BF2, 0x7433, 0x7C74, 0x8CB5,
  0x9516, 0x9D77, 0xADB8, 0xB5F9, 0xBE3A, 0xCEBB, 0xE75D, 0xF7BF, 0xF7BF, 0xF79E, 0xF79E, 0xF7BE,
  0xF7BE, 0xFFDF, 0xFFFF, 0xFFDF, 0xF7BE, 0xF7BF, 0xF7BF, 0xF7BE, 0xF7BF, 0xFFDF, 0xF7BE, 0xF79E,
  0xF7BE, 0xAD55, 0x2104, 0x7C0F, 0xEF9E, 0xF7BE, 0xF7BE, 0xC639, 0x4A69, 0x0020, 0x0000, 0x0000,
  0x0000, 0x0000, 0x630C, 0xF7BE, 0xFFDF, 0xDEDB, 0x0000, 0x0000, 0x0000, 0x0000, 0x0000, 0x0000,
  0x39C7, 0xD6BA, 0xFFFF, 0xFFFF, 0xFFFF, 0xFFFF, 0xFFFF, 0xFFFF, 0xFFFF, 0xFFFF, 0xFFFF, 0xFFDF,
  0xFFFF, 0xFFDF, 0xFFFF, 0xFFDF, 0xFFFF, 0xFFFF, 0xFFFF, 0xFFFF, 0xFFFF, 0xFFFF, 0xFFFF, 0xFFFF,
  0xFFFF, 0xFFFF, 0xFFFF, 0xF7DF, 0xE75D, 0xCEBB, 0xC65A, 0xB619, 0xADD9, 0xA578, 0x9537, 0x8CF6,
  0x7C95, 0x7454, 0x6C13, 0x63F3, 0x5B92, 0x5371, 0x4B30, 0x4310, 0x3ACF, 0x32AF, 0x328E, 0x2A6E,
  0x224D, 0x222D, 0x222D, 0x220D, 0x19EC, 0x19EC, 0x19EC, 0x19EC, 0x19CC, 0x19CC, 0x11CB, 0x11CC,
  0x11CB, 0x11CB, 0x11CB, 0x11AB, 0x11AB, 0x11AB, 0x11AB, 0x11AB, 0x11AB, 0x11AB, 0x11AB, 0x11AB,
  0x11AB, 0x118B, 0x118A, 0x118A, 0x118A, 0x118A, 0x118A, 0x118A, 0x118A, 0x116A, 0x1169, 0x1169,
  0x0949, 0x1149, 0x1149, 0x1149, 0x1149, 0x1149, 0x0948, 0x0928, 0x0928, 0x0907, 0x0907, 0x0907,
  0x08E7, 0x08E7, 0x08E7, 0x84F7, 0x84F7, 0x84D6, 0x84B6, 0x7C95, 0x7C75, 0x7455, 0x6C14, 0x5351,
  0x42AE, 0x324C, 0x21AA, 0x21AA, 0x2A2C, 0x3A8E, 0x3A8E, 0x326E, 0x326E, 0x3AAE, 0x326E, 0x324D,
  0x322C, 0x322C, 0x322C, 0x322C, 0x29EB, 0x2A0B, 0x324C, 0x3A8D, 0x3A8D, 0x326D, 0x2A0B, 0x21CA,
  0x1989, 0x1989, 0x1989, 0x19AA, 0x21CB, 0x21EB, 0x19CB, 0x19AA, 0x1989, 0x1189, 0x1189, 0x1989,
  0x1989, 0x198A, 0x198A, 0x198A, 0x19AA, 0x19AA, 0x19CB, 0x21EB, 0x220B, 0x2A0C, 0x2A2C, 0x326D,
  0x328E, 0x3AAE, 0x42EF, 0x4B30, 0x5370, 0x5BB1, 0x63D2, 0x6C13, 0x7C54, 0x8495, 0x8CF6, 0x9536,
  0xA577, 0xADD8, 0xBE19, 0xC65A, 0xCEBB, 0xE73D, 0xF7BF, 0xFFDF, 0xFFFF, 0xFFFF, 0xFFFF, 0xFFFF,
  0xFFFF, 0xFFDF, 0xFFDF, 0xFFDF, 0xF7BF, 0xF7BE, 0xFFDF, 0xFFDF, 0xF7BF, 0xFFDF, 0xFFDF, 0xF7DF,
  0xF79E, 0xF79E, 0xEF9E, 0xEF9E, 0xEF9E, 0xF79E, 0x6B6D, 0x0000, 0x0000, 0x0000, 0x0000, 0x2104,
  0xF79E, 0xFFFF, 0xC638, 0x0000, 0x0000, 0x0000, 0x0000, 0x0000, 0x6B6D, 0xF7BE, 0xFFFF, 0xFFFF,
  0xFFFF, 0xFFFF, 0xFFFF, 0xFFFF, 0xFFDF, 0xFFFF, 0xFFFF, 0xFFFF, 0xFFFF, 0xFFDF, 0xFFDF, 0xFFFF,
  0xFFDF, 0xFFFF, 0xFFFF, 0xFFFF, 0xFFFF, 0xFFFF, 0xFFFF, 0xFFFF, 0xFFFF, 0xFFFF, 0xF7DF, 0xE75D,
  0xCEBB, 0xC67A, 0xBE19, 0xADD9, 0xA598, 0x9D57, 0x8D16, 0x84B5, 0x7C74, 0x7434, 0x63F3, 0x63D2,
  0x5391, 0x4B51, 0x4B30, 0x42F0, 0x3ACF, 0x32AF, 0x328E, 0x2A6E, 0x2A4D, 0x224D, 0x222D, 0x220D,
  0x1A0C, 0x19EC, 0x19EC, 0x19EC, 0x19CC, 0x19CC, 0x11CB, 0x11CB, 0x11CB, 0x11CB, 0x11CB, 0x11CB,
  0x11AB, 0x11AB, 0x11AB, 0x11AB, 0x11AB, 0x11AB, 0x11AB, 0x11AB, 0x11AB, 0x11AB, 0x118A, 0x118A,
  0x118A, 0x118A, 0x118A, 0x118A, 0x118A, 0x116A, 0x116A, 0x1169, 0x1169, 0x0949, 0x1149, 0x1149,
  0x0928, 0x0948, 0x0928, 0x0928, 0x0928, 0x0928, 0x0907, 0x0907, 0x0907, 0x0907, 0x08E6, 0x08E6,
  0x84F7, 0x84F7, 0x84D6, 0x84D6, 0x7CB6, 0x7CB6, 0x84B6, 0x7C75, 0x63B2, 0x42CE, 0x322C, 0x1989,
  0x1989, 0x21CB, 0x2A0C, 0x29EB, 0x21CB, 0x21CA, 0x21CB, 0x1989, 0x1989, 0x1989, 0x21AA, 0x21AA,
  0x21AA, 0x1989, 0x19A9, 0x21CA, 0x2A0B, 0x324C, 0x324D, 0x322C, 0x29EB, 0x21AA, 0x198A, 0x198A,
  0x198A, 0x19AA, 0x19CA, 0x19AA, 0x198A, 0x1169, 0x1169, 0x1169, 0x1169, 0x1169, 0x1169, 0x1189,
  0x118A, 0x198A, 0x19AA, 0x19CB, 0x19CB, 0x21EB, 0x21EB, 0x2A2C, 0x2A4C, 0x326D, 0x328E, 0x3AAE,
  0x42EF, 0x4B10, 0x5350, 0x5B91, 0x63D2, 0x6BF2, 0x7433, 0x7C74, 0x84D5, 0x8CF6, 0x9D37, 0xA598,
  0xADD8, 0xBE19, 0xC65A, 0xCEBB, 0xE75D, 0xF7DF, 0xFFFF, 0xFFFF, 0xFFDF, 0xFFFF, 0xFFDF, 0xFFDF,
  0xFFDF, 0xFFDF, 0xFFDF, 0xFFFF, 0xFFFF, 0xFFDF, 0xFFDF, 0xFFFF, 0xFFDF, 0xF7BE, 0xF79E, 0xF79E,
  0xF7BE, 0xF7BE, 0xF7BE, 0xD6BA, 0x0000, 0x0000, 0x0000, 0x0000, 0x0000, 0x39E7, 0xFFDF, 0x8C71,
  0x0000, 0x0000, 0x0000, 0x0000, 0x0000, 0x9492, 0xFFFF, 0xFFFF, 0xFFFF, 0xFFFF, 0xFFFF, 0xFFFF,
  0xFFFF, 0xFFFF, 0xFFFF, 0xFFFF, 0xFFFF, 0xFFFF, 0xFFDF, 0xF7BE, 0xFFDF, 0xFFDF, 0xFFFF, 0xFFFF,
  0xFFFF, 0xFFFF, 0xFFFF, 0xFFFF, 0xFFFF, 0xF7DF, 0xE75D, 0xCEBB, 0xC67A, 0xBE3A, 0xADD9, 0xA598,
  0x9D57, 0x8D16, 0x84D6, 0x7C95, 0x7454, 0x6C33, 0x63D2, 0x5BB2, 0x5371, 0x4B51, 0x4310, 0x3AF0,
  0x3ACF, 0x328F, 0x2A8E, 0x2A6E, 0x2A4E, 0x222D, 0x222D, 0x220D, 0x1A0C, 0x19EC, 0x19EC, 0x19EC,
  0x19EC, 0x19CC, 0x19CC, 0x11CB, 0x11CB, 0x11CB, 0x11AB, 0x11AB, 0x11AB, 0x11AB, 0x11AB, 0x11AB,
  0x11AB, 0x11AB, 0x118A, 0x118A, 0x118A, 0x118A, 0x118A, 0x118A, 0x118A, 0x118A, 0x118A, 0x118A,
  0x118A, 0x116A, 0x116A, 0x116A, 0x1169, 0x1149, 0x1169, 0x0949, 0x0949, 0x0948, 0x0928, 0x0928,
  0x0928, 0x0928, 0x0907, 0x0907, 0x0907, 0x0907, 0x08E7, 0x08E7, 0x08E6, 0x8D17, 0x84D6, 0x84D6,
  0x84D6, 0x84B6, 0x84D6, 0x84D6, 0x7C75, 0x6C34, 0x63D3, 0x4B10, 0x3AAE, 0x2A0B, 0x21CB, 0x21CB,
  0x19AA, 0x1989, 0x1969, 0x1148, 0x1148, 0x1968, 0x1989, 0x1989, 0x1989, 0x19AA, 0x1989, 0x1989,
  0x1989, 0x1989, 0x21CA, 0x2A0B, 0x2A2C, 0x2A2C, 0x21EB, 0x19AA, 0x1989, 0x1189, 0x198A, 0x198A,
  0x198A, 0x1989, 0x1169, 0x1169, 0x1169, 0x1169, 0x1169, 0x1169, 0x1169, 0x118A, 0x118A, 0x118A,
  0x19AA, 0x19CB, 0x19CB, 0x19EB, 0x21EC, 0x222C, 0x2A2D, 0x2A6D, 0x328E, 0x3AAE, 0x42EF, 0x430F,
  0x4B30, 0x5371, 0x5BB1, 0x63D2, 0x6C13, 0x7454, 0x7C94, 0x8CD5, 0x9516, 0x9D57, 0xA598, 0xADD8,
  0xBE19, 0xC65A, 0xCE9B, 0xDF3D, 0xF7BF, 0xFFFF, 0xFFFF, 0xFFDF, 0xFFFF, 0xFFFF, 0xFFDF, 0xFFFF,
  0xFFFF, 0xFFFF, 0xFFDF, 0xFFFF, 0xFFFF, 0xFFFF, 0xFFDF, 0xFFDF, 0xFFDF, 0xFFFF, 0xFFFF, 0xFFDF,
  0x630C, 0x0000, 0x0000, 0x0000, 0x0000, 0x0000, 0x0020, 0xB5B6, 0x1082, 0x0000, 0x0000, 0x0000,
  0x0000, 0x0000, 0x3A08, 0xFFFF, 0xFFFF, 0xFFFF, 0xFFFF, 0xFFFF, 0xFFFF, 0xFFFF, 0xFFFF, 0xFFDF,
  0xFFDF, 0xFFFF, 0xFFFF, 0xFFFF, 0xFFFF, 0xFFDF, 0xFFDF, 0xFFFF, 0xFFFF, 0xFFFF, 0xFFFF, 0xFFFF,
  0xF7BF, 0xDF1D, 0xCE9B, 0xC65A, 0xBE3A, 0xADF9, 0xA5B8, 0x9D77, 0x9537, 0x8CD6, 0x7CB5, 0x7C74,
  0x6C34, 0x63F3, 0x5BD2, 0x5391, 0x4B51, 0x4B30, 0x42F0, 0x3ACF, 0x32AF, 0x328E, 0x2A6E, 0x2A6E,
  0x224E, 0x222D, 0x222D, 0x220D, 0x19EC, 0x19EC, 0x19EC, 0x19EC, 0x19EC, 0x19CC, 0x19CC, 0x19CC,
  0x19CC, 0x11CB, 0x11CB, 0x11AB, 0x11AB, 0x11AB, 0x11AB, 0x11AB, 0x11AB, 0x118B, 0x118A, 0x118A,
  0x118A, 0x118A, 0x118A, 0x118A, 0x118A, 0x118A, 0x118A, 0x116A, 0x116A, 0x1169, 0x1169, 0x1169,
  0x116A, 0x1169, 0x1149, 0x0949, 0x0949, 0x1149, 0x0928, 0x0928, 0x0928, 0x0928, 0x0907, 0x0907,
  0x0907, 0x0907, 0x08E7, 0x08E6, 0x08E6, 0x08E6, 0x8CF7, 0x84D6, 0x84B6, 0x7CB6, 0x7CB6, 0x7C96,
  0x7455, 0x7434, 0x6C14, 0x6BF3, 0x5B92, 0x5351, 0x5350, 0x4B0F, 0x42CE, 0x3A6D, 0x2A0B, 0x21AA,
  0x1989, 0x19AA, 0x29EB, 0x2A0B, 0x2A2C, 0x2A0B, 0x29EB, 0x21AA, 0x1989, 0x1169, 0x1169, 0x1989,
  0x19AA, 0x2A0B, 0x2A0B, 0x21CB, 0x198A, 0x1169, 0x1169, 0x1169, 0x1169, 0x1169, 0x1169, 0x1149,
  0x1169, 0x1169, 0x1189, 0x118A, 0x116A, 0x116A, 0x118A, 0x118A, 0x118A, 0x198A, 0x19AB, 0x19CB,
  0x19CB, 0x19EB, 0x21EC, 0x220C, 0x2A2D, 0x2A4D, 0x328E, 0x32AE, 0x3ACF, 0x42EF, 0x4B30, 0x5351,
  0x5B91, 0x5BB2, 0x63F2, 0x6C13, 0x7454, 0x8495, 0x8CD5, 0x9516, 0x9D57, 0xA598, 0xADD8, 0xB619,
  0xBE3A, 0xCE7B, 0xD6DC, 0xE77E, 0xF7DF, 0xFFFF, 0xFFFF, 0xFFFF, 0xFFFF, 0xFFFF, 0xFFFF, 0xFFFF,
  0xFFFF, 0xFFFF, 0xFFFF, 0xFFFF, 0xFFFF, 0xFFFF, 0xFFFF, 0xFFFF, 0xBDF7, 0x0000, 0x0000, 0x0000,
  0x0000, 0x0000, 0x0000, 0x0000, 0x0000, 0x0000, 0x0000, 0x0000, 0x0000, 0x0000, 0x0000, 0x0020,
  0xDEDB, 0xFFFF, 0xFFFF, 0xFFFF, 0xFFFF, 0xFFFF, 0xFFFF, 0xFFFF, 0xFFDF, 0xFFDF, 0xFFFF, 0xFFFF,
  0xFFFF, 0xFFFF, 0xFFFF, 0xFFFF, 0xFFFF, 0xFFFF, 0xF7DF, 0xE77E, 0xD6DC, 0xCE9B, 0xBE5A, 0xB619,
  0xADD9, 0xA598, 0x9D77, 0x9536, 0x8CF6, 0x84B5, 0x7474, 0x6C34, 0x6C13, 0x63D2, 0x5392, 0x5371,
  0x4B51, 0x4310, 0x3AF0, 0x3ACF, 0x328E, 0x328E, 0x2A6E, 0x2A4E, 0x222D, 0x222D, 0x220D, 0x1A0C,
  0x19EC, 0x19EC, 0x19EC, 0x19EC, 0x19EC, 0x19CB, 0x19CC, 0x11CB, 0x19CB, 0x19CB, 0x11CB, 0x11AB,
  0x11AB, 0x11AB, 0x11AB, 0x11AB, 0x118A, 0x118A, 0x118B, 0x118A, 0x118A, 0x118A, 0x118A, 0x118A,
  0x118A, 0x116A, 0x118A, 0x116A, 0x116A, 0x116A, 0x1169, 0x1149, 0x1149, 0x1149, 0x1149, 0x1149,
  0x0949, 0x0948, 0x0928, 0x0928, 0x0908, 0x0908, 0x0907, 0x0907, 0x0907, 0x0907, 0x08E7, 0x08E6,
  0x08E6, 0x08E6, 0x08C6, 0x84D7, 0x84D6, 0x7CB6, 0x7C95, 0x7475, 0x7435, 0x6C14, 0x63F3, 0x5BB2,
  0x5351, 0x42CF, 0x42EF, 0x4B0F, 0x4B0F, 0x4AEF, 0x42CF, 0x3AAE, 0x326D, 0x2A2C, 0x3A6D, 0x326D,
  0x3A8D, 0x326D, 0x324D, 0x2A2C, 0x21CB, 0x1989, 0x1169, 0x1169, 0x1169, 0x1169, 0x1989, 0x1169,
  0x1169, 0x1169, 0x1169, 0x1169, 0x1169, 0x1169, 0x1169, 0x1169, 0x1169, 0x1169, 0x1169, 0x118A,
  0x118A, 0x118A, 0x118A, 0x116A, 0x118A, 0x118A, 0x118A, 0x19AA, 0x19AB, 0x19CB, 0x19CB, 0x19EB,
  0x21EC, 0x220C, 0x2A2D, 0x2A4D, 0x326E, 0x328E, 0x3AAF, 0x42EF, 0x4310, 0x4B30, 0x5351, 0x5B91,
  0x63B2, 0x6BF2, 0x7433, 0x7C54, 0x8495, 0x8CD5, 0x9516, 0x9D57, 0xA597, 0xADB8, 0xB5F9, 0xBE3A,
  0xC67A, 0xCE9B, 0xDF1C, 0xEF7E, 0xF7DF, 0xFFFF, 0xFFFF, 0xFFFF, 0xFFFF, 0xFFFF, 0xFFFF, 0xFFFF,
  0xFFFF, 0xFFFF, 0xFFFF, 0xFFFF, 0xFFFF, 0x9492, 0x0000, 0x0000, 0x0000, 0x0000, 0x0000, 0x0000,
  0x0000, 0x0000, 0x0000, 0x0000, 0x0000, 0x0000, 0x0000, 0x0000, 0x0000, 0x94B2, 0xFFFF, 0xFFFF,
  0xFFFF, 0xFFFF, 0xFFFF, 0xFFFF, 0xFFFF, 0xFFDF, 0xFFFF, 0xFFFF, 0xFFFF, 0xFFFF, 0xFFFF, 0xFFFF,
  0xF7DF, 0xEF7E, 0xDEFC, 0xCEBB, 0xC67A, 0xBE3A, 0xB619, 0xADD9, 0xA598, 0x9D57, 0x9516, 0x8CD5,
  0x84B5, 0x7C74, 0x7454, 0x6C13, 0x63D2, 0x5BB2, 0x5371, 0x4B51, 0x4330, 0x4310, 0x3ACF, 0x32AF,
  0x328E, 0x2A6E, 0x2A4E, 0x222D, 0x222D, 0x220D, 0x220D, 0x1A0D, 0x19EC, 0x19EC, 0x19EC, 0x19EC,
  0x19CC, 0x11CB, 0x11CB, 0x19CC, 0x11AB, 0x11AB, 0x11AB, 0x11AB, 0x11AB, 0x11AB, 0x11AB, 0x118A,
  0x118A, 0x118A, 0x118A, 0x118A, 0x118A, 0x118A, 0x118A, 0x118A, 0x118A, 0x116A, 0x118A, 0x1169,
  0x1169, 0x1169, 0x1149, 0x1149, 0x1149, 0x0928, 0x0928, 0x0928, 0x0928, 0x0928, 0x0928, 0x0928,
  0x0907, 0x0907, 0x0907, 0x0907, 0x08E7, 0x08E7, 0x08E7, 0x08E6, 0x08E6, 0x08E6, 0x08E6, 0x08C6,
  0x84D6, 0x7CB6, 0x7C96, 0x7475, 0x6C34, 0x6C14, 0x6414, 0x63D3, 0x5391, 0x42EF, 0x42CF, 0x3ACE,
  0x3AAE, 0x42CF, 0x42EF, 0x42EF, 0x42CF, 0x3ACE, 0x3AAE, 0x3AAE, 0x3A8E, 0x324D, 0x21EB, 0x198A,
  0x1189, 0x1189, 0x1169, 0x1169, 0x1169, 0x1169, 0x1169, 0x1169, 0x1149, 0x1169, 0x1169, 0x1169,
  0x1169, 0x1169, 0x1169, 0x1169, 0x1169, 0x1169, 0x1169, 0x116A, 0x118A, 0x118A, 0x118A, 0x118A,
  0x118A, 0x118A, 0x118A, 0x118A, 0x118A, 0x11AA, 0x19AB, 0x19AB, 0x19CB, 0x19EB, 0x21EC, 0x220C,
  0x222D, 0x2A4D, 0x2A6D, 0x326E, 0x3AAE, 0x3ACF, 0x42EF, 0x4B10, 0x4B30, 0x5371, 0x5B91, 0x63B2,
  0x6BF3, 0x7433, 0x7C74, 0x8494, 0x8CD5, 0x8D16, 0x9537, 0x9D77, 0xA5B8, 0xADD9, 0xB619, 0xBE3A,
  0xC67A, 0xCEBB, 0xD6FC, 0xE75E, 0xF7BF, 0xFFFF, 0xFFFF, 0xFFFF, 0xFFFF, 0xFFFF, 0xFFFF, 0xFFFF,
  0xFFFF, 0xFFFF, 0xB5B6, 0x0000, 0x0000, 0x0000, 0x0000, 0x0000, 0x0000, 0x0000, 0x0000, 0x0000,
  0x0000, 0x0000, 0x0000, 0x0000, 0x0000, 0x0000, 0xAD55, 0xFFFF, 0xFFFF, 0xFFFF, 0xFFFF, 0xFFFF,
  0xFFFF, 0xFFFF, 0xFFFF, 0xFFFF, 0xFFFF, 0xFFFF, 0xF7BF, 0xE75D, 0xD6FC, 0xCE9B, 0xC67B, 0xBE3A,
  0xB619, 0xADD8, 0xA5B8, 0x9D78, 0x9557, 0x8D16, 0x8CD6, 0x84B5, 0x7C74, 0x7454, 0x6C13, 0x63F3,
  0x5BB2, 0x5391, 0x4B51, 0x4B30, 0x4310, 0x3ACF, 0x32AF, 0x328E, 0x2A6E, 0x2A4E, 0x2A4E, 0x222D,
  0x220D, 0x220D, 0x19EC, 0x19EC, 0x19EC, 0x19EC, 0x19EC, 0x19CC, 0x11CB, 0x11CB, 0x11CB, 0x11CB,
  0x11CB, 0x11AB, 0x11AB, 0x11AB, 0x11AB, 0x11AB, 0x11AB, 0x118A, 0x118A, 0x118A, 0x118A, 0x118A,
  0x116A, 0x116A, 0x116A, 0x116A, 0x116A, 0x1169, 0x1169, 0x1169, 0x1169, 0x1149, 0x1149, 0x1149,
  0x1148, 0x0928, 0x0928, 0x0928, 0x0928, 0x0928, 0x0907, 0x0907, 0x0907, 0x0907, 0x08E7, 0x08E7,
  0x08E7, 0x08E7, 0x08E6, 0x08E6, 0x08E6, 0x08E6, 0x08C6, 0x08C6, 0x08C6, 0x7CB6, 0x7C75, 0x7475,
  0x7455, 0x6C34, 0x63F4, 0x63F3, 0x63F3, 0x5371, 0x430F, 0x42CF, 0x3AAE, 0x3A8E, 0x3AAE, 0x42CE,
  0x42CF, 0x3ACF, 0x3AAE, 0x3AAE, 0x328D, 0x2A4C, 0x21CB, 0x1169, 0x1149, 0x1148, 0x1149, 0x1169,
  0x1169, 0x1169, 0x1169, 0x1169, 0x1169, 0x1169, 0x1169, 0x116A, 0x1169, 0x118A, 0x118A, 0x118A,
  0x116A, 0x116A, 0x116A, 0x1169, 0x116A, 0x118A, 0x118A, 0x11AB, 0x11AB, 0x118A, 0x118A, 0x118A,
  0x118A, 0x118A, 0x11AA, 0x19AB, 0x19AB, 0x19CB, 0x19CB, 0x19EC, 0x220C, 0x220C, 0x222D, 0x2A4D,
  0x2A4D, 0x326E, 0x328E, 0x3AAE, 0x3ACF, 0x42EF, 0x4B0F, 0x4B30, 0x5351, 0x5B91, 0x63D2, 0x6BF2,
  0x6C13, 0x7454, 0x7C94, 0x84B5, 0x8CF6, 0x9536, 0x9D57, 0x9D98, 0xA5B9, 0xADF9, 0xB619, 0xBE3A,
  0xC67A, 0xCE9B, 0xCEBB, 0xDF1C, 0xE75D, 0xF7BE, 0xF7DF, 0xFFFF, 0xFFFF, 0xFFFF, 0xFFFF, 0xD69A,
  0x0000, 0x0000, 0x0000, 0x0000, 0x0000, 0x0000, 0x0000, 0x0000, 0x0000, 0x0000, 0x0000, 0x0000,
  0x0000, 0x0000, 0x0000, 0xC639, 0xFFFF, 0xFFFF, 0xFFFF, 0xFFFF, 0xFFFF, 0xFFFF, 0xF7DF, 0xEF9E,
  0xE75E, 0xDF1D, 0xCEBB, 0xC69B, 0xC65A, 0xBE3A, 0xB619, 0xADF9, 0xA5B8, 0xA598, 0x9D57, 0x9537,
  0x8CF6, 0x84D5, 0x7C95, 0x7474, 0x7434, 0x6C13, 0x63D3, 0x5BB2, 0x5392, 0x4B71, 0x4B30, 0x4310,
  0x3AEF, 0x3ACF, 0x32AF, 0x328E, 0x2A6E, 0x2A4E, 0x222D, 0x222D, 0x220D, 0x220C, 0x19EC, 0x19CC,
  0x19EC, 0x19CC, 0x19CC, 0x19CC, 0x11CB, 0x11AB, 0x11AB, 0x11AB, 0x11AB, 0x11AB, 0x11AB, 0x11AB,
  0x118A, 0x118A, 0x118A, 0x118A, 0x118A, 0x118A, 0x118A, 0x116A, 0x116A, 0x116A, 0x116A, 0x116A,
  0x116A, 0x1169, 0x1169, 0x1149, 0x0949, 0x1149, 0x1149, 0x1148, 0x1148, 0x0928, 0x0928, 0x0928,
  0x0928, 0x0908, 0x0907, 0x0907, 0x0907, 0x0907, 0x08E6, 0x0907, 0x08E7, 0x08E6, 0x08E6, 0x08E6,
  0x08E6, 0x08E6, 0x08C6, 0x08C6, 0x08C6, 0x08C6, 0x7475, 0x7454, 0x6C14, 0x6BF4, 0x63F4, 0x63F3,
  0x63F3, 0x63D3, 0x4B30, 0x42CF, 0x3AAE, 0x326D, 0x326D, 0x3A6D, 0x3A6D, 0x3A8D, 0x3A8E, 0x3AAE,
  0x3A8E, 0x324D, 0x2A2C, 0x21EB, 0x1189, 0x1149, 0x1149, 0x1169, 0x1169, 0x1169, 0x1169, 0x1169,
  0x116A, 0x116A, 0x1169, 0x116A, 0x116A, 0x116A, 0x118A, 0x118A, 0x118A, 0x118A, 0x118A, 0x118A,
  0x118A, 0x118A, 0x11AB, 0x11AB, 0x11AA, 0x118A, 0x118A, 0x118B, 0x118B, 0x118A, 0x118A, 0x11AA,
  0x11AB, 0x19AB, 0x19AB, 0x19CB, 0x19CC, 0x19EC, 0x19EC, 0x220C, 0x220C, 0x2A2D, 0x2A4D, 0x2A4D,
  0x326E, 0x328E, 0x3AAE, 0x3ACF, 0x42EF, 0x4B10, 0x4B50, 0x5371, 0x5B91, 0x63D2, 0x63F3, 0x6C33,
  0x7454, 0x7C74, 0x84B5, 0x84D6, 0x8D16, 0x9537, 0x9D57, 0xA598, 0xA5B8, 0xADD9, 0xB5F9, 0xB619,
  0xBE3A, 0xC65A, 0xC67B, 0xCE9B, 0xD6BC, 0xDF1D, 0xE73D, 0xEF7E, 0xDF1C, 0x0020, 0x0000, 0x0000,
  0x0000, 0x0000, 0x0000, 0x0000, 0x0000, 0x0000, 0x0000, 0x0000, 0x0000, 0x0000, 0x0000, 0x0000,
  0xC638, 0xF7BF, 0xEF9E, 0xEF7E, 0xE73D, 0xDF1C, 0xD6DB, 0xCE9B, 0xC67B, 0xC65A, 0xBE3A, 0xB619,
  0xB5F9, 0xADD9, 0xA5B8, 0xA578, 0x9D57, 0x9537, 0x8D16, 0x84D6, 0x84B5, 0x7C95, 0x7454, 0x6C34,
  0x6C13, 0x63D2, 0x5BB2, 0x5371, 0x4B51, 0x4B30, 0x4310, 0x3AEF, 0x3ACF, 0x32AF, 0x328E, 0x2A6E,
  0x2A4D, 0x224D, 0x222D, 0x220D, 0x1A0C, 0x19EC, 0x19EC, 0x19EC, 0x19CC, 0x19CC, 0x19CB, 0x11CB,
  0x11AB, 0x11AB, 0x11AB, 0x11AB, 0x11AB, 0x11AB, 0x11AB, 0x11AB, 0x11AB, 0x118A, 0x118A, 0x118A,
  0x118A, 0x118A, 0x118A, 0x116A, 0x116A, 0x1169, 0x1169, 0x1169, 0x1169, 0x1149, 0x1149, 0x1149,
  0x1149, 0x0928, 0x0928, 0x1148, 0x0928, 0x0928, 0x0928, 0x0908, 0x0908, 0x0907, 0x0907, 0x0907,
  0x0907, 0x0907, 0x0907, 0x0907, 0x08E7, 0x08E6, 0x08E6, 0x08E6, 0x08E6, 0x08E6, 0x08E6, 0x08C6,
  0x08C6, 0x08C6, 0x08C6, 0x63F3, 0x63F3, 0x63F3, 0x63D3, 0x63B3, 0x63D3, 0x5B92, 0x5371, 0x4B0F,
  0x3AAE, 0x326D, 0x2A2C, 0x322C, 0x322C, 0x2A0C, 0x2A0B, 0x324D, 0x326D, 0x324D, 0x2A0C, 0x220B,
  0x21EB, 0x198A, 0x1169, 0x1149, 0x1149, 0x1169, 0x1169, 0x1169, 0x1169, 0x118A, 0x118A, 0x118A,
  0x118A, 0x118A, 0x118A, 0x118A, 0x118A, 0x118A, 0x118A, 0x118A, 0x118A, 0x118A, 0x11AB, 0x11AB,
  0x11AB, 0x11AB, 0x11AB, 0x11AB, 0x11AB, 0x11AB, 0x11AB, 0x11AB, 0x118A, 0x118A, 0x11AB, 0x19AB,
  0x11AB, 0x19CB, 0x19CC, 0x19EC, 0x21EC, 0x220C, 0x220C, 0x222D, 0x2A2D, 0x2A4D, 0x2A4D, 0x326E,
  0x328E, 0x3ACF, 0x42EF, 0x4310, 0x4B30, 0x4B51, 0x5371, 0x5BB2, 0x5BD2, 0x63F3, 0x6C13, 0x7454,
  0x7474, 0x7C95, 0x84B5, 0x8CD6, 0x8D16, 0x9537, 0x9557, 0x9D77, 0xA598, 0xA5B8, 0xADD9, 0xB5F9,
  0xB619, 0xBE1A, 0xBE3A, 0xBE5A, 0xC65A, 0xC639, 0x0862, 0x0000, 0x0000, 0x0000, 0x0000, 0x0000,
  0x0000, 0x0000, 0x0000, 0x0000, 0x0000, 0x0000, 0x0000, 0x0000, 0x0000, 0x9D35, 0xCE7A, 0xC67A,
  0xC67A, 0xBE5A, 0xBE3A, 0xBE1A, 0xB5F9, 0xB5F9, 0xADD9, 0xA5B8, 0xA598, 0x9D77, 0x9D57, 0x9517,
  0x8D16, 0x8CD6, 0x84B5, 0x7C95, 0x7474, 0x7434, 0x6C13, 0x63F3, 0x5BD2, 0x5BB2, 0x5371, 0x4B51,
  0x4B30, 0x4310, 0x3AEF, 0x3ACF, 0x32AF, 0x328E, 0x2A6E, 0x2A4E, 0x2A4D, 0x222D, 0x222D, 0x220D,
  0x1A0C, 0x19EC, 0x19EC, 0x19EC, 0x19EC, 0x19CC, 0x19CB, 0x11AB, 0x11AB, 0x11AB, 0x11AB, 0x11AB,
  0x11AB, 0x11AB, 0x11AB, 0x11AB, 0x11AB, 0x118A, 0x118A, 0x118A, 0x118A, 0x118A, 0x118A, 0x116A,
  0x1169, 0x1169, 0x1169, 0x1169, 0x1149, 0x1149, 0x1149, 0x1169, 0x1148, 0x0928, 0x0928, 0x0928,
  0x0928, 0x0928, 0x0928, 0x0908, 0x0907, 0x0907, 0x0907, 0x0907, 0x0907, 0x0907, 0x0907, 0x08E7,
  0x08E7, 0x08E7, 0x08E7, 0x08E6, 0x08E6, 0x08E6, 0x08E6, 0x08C6, 0x08C6, 0x08C6, 0x08C6, 0x08C5,
  0x5330, 0x4B10, 0x5B92, 0x5B92, 0x5371, 0x5351, 0x4B10, 0x4AEF, 0x42CE, 0x3A8D, 0x2A2C, 0x21EB,
  0x21CB, 0x21CA, 0x21AA, 0x19AA, 0x2A0B, 0x2A0C, 0x21CA, 0x198A, 0x1169, 0x1169, 0x1169, 0x1169,
  0x1169, 0x1169, 0x1169, 0x1169, 0x1169, 0x1169, 0x118A, 0x118A, 0x118A, 0x118A, 0x118A, 0x118A,
  0x118A, 0x118A, 0x118B, 0x118A, 0x118B, 0x118A, 0x11AB, 0x11AB, 0x11AB, 0x11AB, 0x11AB, 0x11AB,
  0x11AB, 0x11AB, 0x11AB, 0x11AB, 0x11AB, 0x11AB, 0x11AB, 0x11AB, 0x11AB, 0x19CB, 0x19CB, 0x19CB,
  0x19CC, 0x19EC, 0x21EC, 0x21EC, 0x220C, 0x220D, 0x222D, 0x2A2D, 0x2A4D, 0x2A6E, 0x328E, 0x3AAF,
  0x3ACF, 0x42EF, 0x4310, 0x4B30, 0x4B51, 0x5371, 0x5B92, 0x5BB2, 0x63D2, 0x63F3, 0x6C13, 0x7454,
  0x7474, 0x7C95, 0x84B5, 0x84D5, 0x8CF6, 0x8D16, 0x9537, 0x9537, 0x9D57, 0x9D78, 0xA598, 0xA598,
  0xADB8, 0xADD8, 0xB5B8, 0x10A3, 0x0000, 0x0000, 0x0000, 0x0000, 0x0000, 0x0000, 0x0000, 0x0000,
  0x0000, 0x0000, 0x0000, 0x0000, 0x0000, 0x0000, 0x8CB3, 0xB5F9, 0xADD9, 0xADD9, 0xADB8, 0xA5B8,
  0xA598, 0x9D78, 0x9D57, 0x9557, 0x9516, 0x8D16, 0x8CF6, 0x84D5, 0x7CB5, 0x7C95, 0x7454, 0x7434,
  0x6C13, 0x63F3, 0x63D3, 0x5BB2, 0x5391, 0x5371, 0x4B51, 0x4B30, 0x4310, 0x3AF0, 0x3ACF, 0x32AF,
  0x328E, 0x2A6E, 0x2A4E, 0x2A4D, 0x222D, 0x222D, 0x220D, 0x220D, 0x19EC, 0x19EC, 0x19EC, 0x19EC,
  0x19EC, 0x19CB, 0x19CB, 0x11AB, 0x11AB, 0x11AB, 0x11AB, 0x11AB, 0x11AB, 0x11AB, 0x11AB, 0x11AB,
  0x118A, 0x118A, 0x118B, 0x118A, 0x118A, 0x118A, 0x118A, 0x1169, 0x1169, 0x1169, 0x1169, 0x1169,
  0x1169, 0x1149, 0x1149, 0x1149, 0x1148, 0x0928, 0x0928, 0x0928, 0x0928, 0x0928, 0x0908, 0x0907,
  0x0908, 0x0907, 0x0907, 0x0907, 0x0907, 0x0907, 0x0907, 0x08E7, 0x08E7, 0x08E7, 0x08E7, 0x08E6,
  0x08E6, 0x08E6, 0x08C6, 0x08C6, 0x08C6, 0x08C6, 0x08C6, 0x08C5, 0x08C5, 0x3A8E, 0x3A6D, 0x42AE,
  0x4B0F, 0x4B10, 0x4AEF, 0x42CF, 0x42CF, 0x3A8E, 0x326D, 0x2A0B, 0x1989, 0x1989, 0x19AA, 0x1969,
  0x1128, 0x1148, 0x1169, 0x1169, 0x1149, 0x1149, 0x1149, 0x1149, 0x1149, 0x1169, 0x1169, 0x116A,
  0x116A, 0x118A, 0x118A, 0x118A, 0x118A, 0x118A, 0x118A, 0x118A, 0x118A, 0x118A, 0x118A, 0x11AB,
  0x118B, 0x118B, 0x11AB, 0x11AB, 0x11AB, 0x11AB, 0x11AB, 0x11AB, 0x19CB, 0x11CB, 0x11CB, 0x11AB,
  0x11AB, 0x11AB, 0x11AB, 0x11AB, 0x11AB, 0x11AB, 0x19AB, 0x19CB, 0x19CB, 0x19CC, 0x19CC, 0x19EC,
  0x19EC, 0x19EC, 0x220C, 0x220C, 0x222D, 0x222D, 0x2A4D, 0x2A4E, 0x2A6E, 0x328E, 0x32AF, 0x3AAF,
  0x3ACF, 0x4310, 0x4330, 0x4B31, 0x5371, 0x5371, 0x5BB2, 0x5BD2, 0x63F3, 0x63F3, 0x6C13, 0x6C34,
  0x7454, 0x7474, 0x7C95, 0x84B5, 0x84D6, 0x84D6, 0x8CF6, 0x8D16, 0x9516, 0x9537, 0x9D57, 0x9D36,
  0x10C4, 0x0000, 0x0000, 0x0000, 0x0000, 0x0000, 0x0000, 0x0000, 0x0000, 0x0000, 0x0000, 0x0000,
  0x0000, 0x0000, 0x0000, 0x7C52, 0x9D57, 0x9D57, 0x9557, 0x9537, 0x9516, 0x8D16, 0x8CF6, 0x8CD6,
  0x84D5, 0x7CB5, 0x7C95, 0x7C74, 0x7454, 0x6C34, 0x6C13, 0x63F3, 0x63D3, 0x5BB2, 0x5B92, 0x5391,
  0x4B51, 0x4B51, 0x4330, 0x4310, 0x3AEF, 0x3ACF, 0x32AF, 0x328E, 0x2A6E, 0x2A4E, 0x2A4D, 0x222D,
  0x222D, 0x220D, 0x1A0D, 0x1A0D, 0x19EC, 0x19EC, 0x19EC, 0x19CC, 0x19CC, 0x19CB, 0x11CB, 0x11CB,
  0x11AB, 0x11AB, 0x11AB, 0x11AB, 0x11AB, 0x118B, 0x11AB, 0x11AB, 0x118A, 0x118A, 0x118A, 0x118A,
  0x118A, 0x118A, 0x118A, 0x118A, 0x1169, 0x1169, 0x1169, 0x1169, 0x1169, 0x1169, 0x1149, 0x0948,
  0x1149, 0x0948, 0x0928, 0x0928, 0x0928, 0x0928, 0x0928, 0x0908, 0x0907, 0x0907, 0x0907, 0x0907,
  0x0907, 0x0907, 0x0907, 0x08E7, 0x08E7, 0x08E7, 0x08E6, 0x08E6, 0x08E6, 0x08E6, 0x08E6, 0x08C6,
  0x08C6, 0x08C6, 0x08C6, 0x08C5, 0x08C5, 0x08C5, 0x322C, 0x29EA, 0x29CA, 0x324C, 0x428E, 0x3A8E,
  0x42AE, 0x42AE, 0x3AAE, 0x3A6D, 0x21CA, 0x1128, 0x1148, 0x1969, 0x1148, 0x0907, 0x0927, 0x0928,
  0x0928, 0x1149, 0x1149, 0x1149, 0x1149, 0x1169, 0x1169, 0x1169, 0x118A, 0x118A, 0x116A, 0x116A,
  0x116A, 0x118A, 0x118A, 0x118A, 0x118A, 0x118A, 0x118A, 0x118A, 0x118A, 0x11AB, 0x11AB, 0x11AB,
  0x11AB, 0x11AB, 0x11AB, 0x11AB, 0x11AB, 0x11AB, 0x11CB, 0x11CB, 0x11AB, 0x11AB, 0x11AB, 0x11AB,
  0x11AB, 0x11AB, 0x11AB, 0x11AB, 0x19CB, 0x19CB, 0x19CC, 0x19CC, 0x19CC, 0x19EC, 0x19EC, 0x19EC,
  0x1A0C, 0x1A0C, 0x220D, 0x222D, 0x222D, 0x2A4D, 0x2A6E, 0x2A6E, 0x328E, 0x32AF, 0x3ACF, 0x3ACF,
  0x42F0, 0x4310, 0x4B30, 0x4B51, 0x5371, 0x5371, 0x5B92, 0x5BB2, 0x63D2, 0x63F3, 0x6C13, 0x6C13,
  0x6C34, 0x7454, 0x7474, 0x7C74, 0x7C95, 0x84B5, 0x84B5, 0x84B5, 0x8CD4, 0x10A4, 0x0000, 0x0000,
  0x0000, 0x0000, 0x0000, 0x0000, 0x0000, 0x0000, 0x0000, 0x0000, 0x0000, 0x0000, 0x0000, 0x0000,
  0x6BD1, 0x8CF6, 0x8CD6, 0x84D6, 0x84B5, 0x7C95, 0x7C95, 0x7C75, 0x7474, 0x7454, 0x6C34, 0x6C13,
  0x6C13, 0x63F3, 0x63D3, 0x5BB2, 0x5392, 0x5371, 0x5371, 0x4B51, 0x4B30, 0x4310, 0x4310, 0x3AEF,
  0x3ACF, 0x32AF, 0x328E, 0x2A6E, 0x2A6E, 0x2A4D, 0x222D, 0x222D, 0x220C, 0x1A0C, 0x19EC, 0x19EC,
  0x19EC, 0x19EC, 0x19EC, 0x19EC, 0x11CB, 0x11CB, 0x11CB, 0x11CB, 0x11AB, 0x11AB, 0x11AB, 0x11AB,
  0x11AB, 0x11AB, 0x118A, 0x118A, 0x118A, 0x118A, 0x118A, 0x118A, 0x118A, 0x116A, 0x116A, 0x1169,
  0x1169, 0x1149, 0x1169, 0x1169, 0x1149, 0x1149, 0x1149, 0x0949, 0x1148, 0x0948, 0x0948, 0x0928,
  0x0928, 0x0928, 0x0928, 0x0908, 0x0908, 0x0907, 0x0907, 0x0907, 0x0907, 0x0907, 0x0907, 0x08E7,
  0x08E7, 0x08E6, 0x08E6, 0x08E6, 0x08E6, 0x08E6, 0x08C6, 0x08C6, 0x08C6, 0x08C6, 0x08C6, 0x08C5,
  0x08C5, 0x08C5, 0x08C5, 0x21A9, 0x1948, 0x1948, 0x21A9, 0x322C, 0x322C, 0x322C, 0x3A6D, 0x3A8D,
  0x3A6D, 0x21CA, 0x1107, 0x0907, 0x0907, 0x0907, 0x0907, 0x0907, 0x0908, 0x0928, 0x0928, 0x0949,
  0x0949, 0x1149, 0x1169, 0x1169, 0x1169, 0x116A, 0x116A, 0x116A, 0x116A, 0x116A, 0x116A, 0x118A,
  0x118A, 0x118A, 0x118A, 0x118A, 0x118A, 0x118A, 0x118A, 0x118B, 0x11AB, 0x11AB, 0x11AB, 0x11AB,
  0x11AB, 0x11AB, 0x11AB, 0x11CB, 0x11CB, 0x11AB, 0x11AB, 0x11AB, 0x11AB, 0x11AB, 0x11AB, 0x19CB,
  0x11AB, 0x19CB, 0x19CB, 0x19CB, 0x11AB, 0x19CC, 0x19CC, 0x19EC, 0x19EC, 0x19EC, 0x1A0C, 0x1A0C,
  0x220D, 0x220D, 0x222D, 0x222D, 0x2A4D, 0x2A4E, 0x2A6E, 0x328E, 0x328E, 0x32AF, 0x3ACF, 0x3AEF,
  0x42F0, 0x4310, 0x4B30, 0x4B51, 0x4B51, 0x5371, 0x5392, 0x5BB2, 0x5BD2, 0x63D2, 0x63F3, 0x63F3,
  0x6C13, 0x6C13, 0x6C34, 0x7434, 0x7454, 0x7C32, 0x0883, 0x0000, 0x0000, 0x0000, 0x0000, 0x0000,
  0x0000, 0x0000, 0x0000, 0x0000, 0x0000, 0x0000, 0x0000, 0x0000, 0x0000, 0x636F, 0x7C74, 0x7454,
  0x7454, 0x7454, 0x6C34, 0x6C33, 0x6C13, 0x63F3, 0x63F3, 0x63D2, 0x5BB2, 0x5BB2, 0x5392, 0x5371,
  0x4B51, 0x4B51, 0x4330, 0x4310, 0x42F0, 0x3ACF, 0x3ACF, 0x32AF, 0x32AF, 0x2A8E, 0x2A6E, 0x2A6E,
  0x224D, 0x222D, 0x220D, 0x220C, 0x1A0C, 0x1A0C, 0x19EC, 0x19EC, 0x19EC, 0x19EC, 0x19CC, 0x19CC,
  0x19CC, 0x11CB, 0x11CB, 0x11AB, 0x11AB, 0x11AB, 0x11AB, 0x11AB, 0x11AB, 0x118A, 0x118A, 0x118A,
  0x118A, 0x118A, 0x118A, 0x1169, 0x1169, 0x1169, 0x1169, 0x1169, 0x1169, 0x1169, 0x1169, 0x1169,
  0x1169, 0x1149, 0x1149, 0x1149, 0x1149, 0x0948, 0x0948, 0x0928, 0x0928, 0x0928, 0x0928, 0x0928,
  0x0928, 0x0908, 0x0907, 0x0907, 0x0907, 0x0907, 0x0907, 0x08E7, 0x08E7, 0x08E7, 0x08E6, 0x08E6,
  0x08E6, 0x08E6, 0x08E6, 0x08C6, 0x08C6, 0x08C6, 0x08C6, 0x08C5, 0x08C5, 0x08C5, 0x08C5, 0x08C5,
  0x1127, 0x08E6, 0x08E6, 0x1107, 0x1968, 0x1968, 0x1968, 0x21CA, 0x2A0B, 0x2A0B, 0x2189, 0x1127,
  0x0907, 0x0907, 0x0907, 0x0907, 0x0907, 0x0907, 0x0908, 0x0928, 0x0928, 0x0949, 0x0949, 0x0949,
  0x1149, 0x1169, 0x1169, 0x116A, 0x116A, 0x116A, 0x116A, 0x116A, 0x118A, 0x118A, 0x118A, 0x118A,
  0x118A, 0x118A, 0x118A, 0x118A, 0x118A, 0x11AB, 0x11AB, 0x118B, 0x11AB, 0x11AB, 0x11AB, 0x11AB,
  0x11AB, 0x11AB, 0x11AB, 0x11AB, 0x11AB, 0x11AB, 0x11AB, 0x11AB, 0x11AB, 0x11AB, 0x11AB, 0x19CB,
  0x19CB, 0x19CB, 0x19CB, 0x19CC, 0x19EC, 0x19EC, 0x19EC, 0x19EC, 0x19EC, 0x1A0C, 0x1A0C, 0x220D,
  0x220D, 0x222D, 0x222D, 0x2A4D, 0x2A4D, 0x2A6E, 0x2A6E, 0x328E, 0x328F, 0x3AAF, 0x3ACF, 0x3ACF,
  0x42EF, 0x4310, 0x4330, 0x4B31, 0x4B51, 0x4B51, 0x5371, 0x5391, 0x5392, 0x5BB2, 0x5BB2, 0x63D2,
  0x63D3, 0x6BF2, 0x6390, 0x0042, 0x0000, 0x0000, 0x0000, 0x0000, 0x0000, 0x0000, 0x0000, 0x0000,
  0x0000, 0x0000, 0x0000, 0x0000, 0x0000, 0x0001, 0x532E, 0x6BF2, 0x63F3, 0x63F3, 0x63D2, 0x63D2,
  0x5BB2, 0x5BB2, 0x5B92, 0x5371, 0x5371, 0x5371, 0x4B51, 0x4B30, 0x4310, 0x4310, 0x42F0, 0x3ACF,
  0x3ACF, 0x32AF, 0x328E, 0x326E, 0x2A6E, 0x2A6E, 0x2A4E, 0x224D, 0x222D, 0x222D, 0x220D, 0x1A0C,
  0x19EC, 0x19EC, 0x19EC, 0x19EC, 0x19CC, 0x19CC, 0x19CC, 0x19CC, 0x11CB, 0x11CB, 0x11AB, 0x11AB,
  0x11AB, 0x11AB, 0x11AB, 0x11AB, 0x118A, 0x118A, 0x118A, 0x118A, 0x118A, 0x118A, 0x116A, 0x1169,
  0x1169, 0x1169, 0x1169, 0x1169, 0x1169, 0x1169, 0x1149, 0x1149, 0x1149, 0x1149, 0x1149, 0x1149,
  0x1148, 0x1148, 0x1148, 0x0928, 0x0928, 0x0928, 0x0928, 0x0928, 0x0928, 0x0928, 0x0908, 0x0907,
  0x0907, 0x0907, 0x0907, 0x08E7, 0x08E7, 0x08E6, 0x08E7, 0x08E6, 0x08E6, 0x08E6, 0x08C6, 0x08C6,
  0x08C6, 0x08C6, 0x08C6, 0x08C5, 0x08C5, 0x00A5, 0x08A5, 0x00A5, 0x00A5, 0x1127, 0x1106, 0x08E6,
  0x08E6, 0x10E6, 0x08E6, 0x0906, 0x0907, 0x1948, 0x1968, 0x1148, 0x1127, 0x0907, 0x0907, 0x0907,
  0x0907, 0x0907, 0x0907, 0x0908, 0x0928, 0x0928, 0x0949, 0x1149, 0x1149, 0x1149, 0x0949, 0x1169,
  0x116A, 0x116A, 0x116A, 0x116A, 0x116A, 0x116A, 0x118A, 0x118A, 0x118A, 0x118A, 0x118A, 0x118A,
  0x118A, 0x118A, 0x118A, 0x11AB, 0x11AB, 0x11AB, 0x11AB, 0x11AB, 0x11AB, 0x11AB, 0x11AB, 0x11AB,
  0x11AB, 0x11AB, 0x11AB, 0x11AB, 0x11AB, 0x11AB, 0x11AB, 0x11AB, 0x11AB, 0x19CB, 0x19CB, 0x11CB,
  0x19CC, 0x19CC, 0x19EC, 0x19EC, 0x19EC, 0x19EC, 0x19EC, 0x19EC, 0x19EC, 0x1A0C, 0x220D, 0x220D,
  0x222D, 0x222D, 0x224D, 0x224D, 0x2A4E, 0x2A6E, 0x326E, 0x328E, 0x328E, 0x32AF, 0x3ACF, 0x3ACF,
  0x3AEF, 0x42F0, 0x4310, 0x4310, 0x4B30, 0x4B51, 0x4B51, 0x4B51, 0x5371, 0x5371, 0x5B71, 0x1105,
  0x0000, 0x0000, 0x0000, 0x0000, 0x0000, 0x0000, 0x0000, 0x0000, 0x0000, 0x0000, 0x0000, 0x0000,
  0x0000, 0x0000, 0x0000, 0x4ACD, 0x5B91, 0x5B91, 0x5371, 0x5371, 0x5371, 0x5371, 0x4B51, 0x4B51,
  0x4B30, 0x4310, 0x4310, 0x42F0, 0x3AF0, 0x3ACF, 0x3ACF, 0x32AF, 0x32AF, 0x328E, 0x2A6E, 0x2A4D,
  0x2A2D, 0x224D, 0x222D, 0x222D, 0x222D, 0x220D, 0x220D, 0x1A0C, 0x19EC, 0x19EC, 0x19CC, 0x19EC,
  0x19EC, 0x19CC, 0x11CC, 0x19CC, 0x11CB, 0x11AB, 0x11AB, 0x11AB, 0x11AB, 0x11AB, 0x11AB, 0x118A,
  0x118A, 0x11AA, 0x118A, 0x118A, 0x118A, 0x118A, 0x118A, 0x1169, 0x1169, 0x1169, 0x1169, 0x1169,
  0x1169, 0x1169, 0x1149, 0x1149, 0x1149, 0x1149, 0x1149, 0x1149, 0x1149, 0x0948, 0x1148, 0x0928,
  0x1128, 0x0928, 0x0928, 0x0928, 0x0928, 0x0908, 0x0907, 0x0907, 0x0907, 0x08E7, 0x0907, 0x08E6,
  0x08E6, 0x08E6, 0x08E6, 0x08C6, 0x08C6, 0x08E6, 0x08E6, 0x08C6, 0x08C5, 0x08C6, 0x08C5, 0x08C5,
  0x08C5, 0x08C5, 0x08A5, 0x00A5, 0x00A5, 0x00A5, 0x1948, 0x1127, 0x08E6, 0x08C5, 0x08C6, 0x08C6,
  0x08C6, 0x08C6, 0x08E6, 0x0906, 0x0907, 0x0907, 0x0907, 0x08E7, 0x0907, 0x0907, 0x0907, 0x0907,
  0x0928, 0x0908, 0x0928, 0x0949, 0x1149, 0x1149, 0x1169, 0x1149, 0x1149, 0x1169, 0x116A, 0x116A,
  0x116A, 0x116A, 0x116A, 0x118A, 0x116A, 0x116A, 0x116A, 0x118A, 0x118A, 0x118A, 0x118A, 0x118A,
  0x118A, 0x118A, 0x11AB, 0x11AB, 0x118B, 0x118B, 0x118A, 0x11AA, 0x11AB, 0x11AB, 0x11AB, 0x11AB,
  0x11AB, 0x11AB, 0x11AB, 0x11AB, 0x11AB, 0x11AB, 0x19AB, 0x19AB, 0x19CB, 0x11CB, 0x19CC, 0x19CC,
  0x19CC, 0x19EC, 0x19EC, 0x19EC, 0x19EC, 0x19EC, 0x19EC, 0x19EC, 0x19EC, 0x220D, 0x220D, 0x220D,
  0x222D, 0x222D, 0x222D, 0x2A4D, 0x2A4D, 0x2A6E, 0x2A6E, 0x2A8E, 0x328E, 0x32AE, 0x3AAF, 0x3AAF,
  0x3ACF, 0x3AEF, 0x42F0, 0x4310, 0x4310, 0x4310, 0x4B30, 0x4B0F, 0x0042, 0x0000, 0x0000, 0x0000,
  0x0000, 0x0000, 0x0000, 0x0000, 0x0000, 0x0000, 0x0000, 0x0000, 0x0000, 0x0000, 0x0000, 0x0001,
  0x428C, 0x4B30, 0x4B30, 0x4B30, 0x4B10, 0x4310, 0x4310, 0x42F0, 0x42EF, 0x3ACF, 0x3ACF, 0x3ACF,
  0x32AF, 0x32AF, 0x328E, 0x328E, 0x2A6E, 0x2A6E, 0x224D, 0x222D, 0x220D, 0x220C, 0x1A0C, 0x1A0C,
  0x1A0D, 0x1A0C, 0x19EC, 0x19EC, 0x19EC, 0x19EC, 0x19EC, 0x19EC, 0x19EC, 0x11CB, 0x11AB, 0x11AB,
  0x11AB, 0x11AB, 0x11AB, 0x11AB, 0x11AB, 0x11AB, 0x11AB, 0x11AB, 0x118A, 0x118A, 0x118A, 0x118A,
  0x118A, 0x118A, 0x116A, 0x116A, 0x1169, 0x1169, 0x1169, 0x1169, 0x1169, 0x1169, 0x1169, 0x1149,
  0x1149, 0x1149, 0x0949, 0x1149, 0x1149, 0x1149, 0x1148, 0x0928, 0x1128, 0x1128, 0x0928, 0x0928,
  0x0908, 0x0908, 0x0907, 0x0907, 0x0907, 0x0907, 0x0907, 0x08E6, 0x08E6, 0x08E6, 0x08E6, 0x08E6,
  0x08C6, 0x08C6, 0x08C5, 0x08C5, 0x08C5, 0x08A5, 0x08A5, 0x08A5, 0x08A5, 0x08A5, 0x00A5, 0x00A5,
  0x00A5, 0x00A5, 0x00A5, 0x1948, 0x1107, 0x08E6, 0x08C5, 0x08C5, 0x08A5, 0x08A5, 0x08C6, 0x08C6,
  0x08C6, 0x08E6, 0x08E6, 0x08E7, 0x0907, 0x0907, 0x0907, 0x0907, 0x0907, 0x0908, 0x0928, 0x0928,
  0x1149, 0x0949, 0x1149, 0x1149, 0x1149, 0x1149, 0x1149, 0x1169, 0x1169, 0x116A, 0x116A, 0x116A,
  0x116A, 0x116A, 0x116A, 0x116A, 0x116A, 0x118A, 0x118A, 0x118A, 0x118A, 0x118A, 0x118A, 0x118A,
  0x118A, 0x118A, 0x118A, 0x118A, 0x118A, 0x11AB, 0x11AB, 0x11AB, 0x11AB, 0x11AB, 0x11AB, 0x11AB,
  0x11AB, 0x11AB, 0x11AB, 0x11AB, 0x19AB, 0x19CB, 0x11CB, 0x11CB, 0x19CC, 0x19CC, 0x19CB, 0x11CB,
  0x11CB, 0x19CC, 0x19EC, 0x19EC, 0x19EC, 0x19EC, 0x19EC, 0x1A0C, 0x1A0C, 0x220D, 0x220C, 0x220C,
  0x220C, 0x220D, 0x222D, 0x222D, 0x224D, 0x2A4D, 0x2A6E, 0x2A6E, 0x326E, 0x328E, 0x328E, 0x32AF,
  0x3AAF, 0x3ACF, 0x3ACF, 0x3ACF, 0x3AAD, 0x0021, 0x0000, 0x0000, 0x0000, 0x0000, 0x0000, 0x0000,
  0x0000, 0x0000, 0x0000, 0x0000, 0x0000, 0x0000, 0x0000, 0x0000, 0x0001, 0x29EA, 0x42EF, 0x42EF,
  0x3AEF, 0x3ACF, 0x3ACF, 0x3ACF, 0x3AAF, 0x32AF, 0x328F, 0x328E, 0x328E, 0x2A6E, 0x2A6E, 0x2A6E,
  0x2A4E, 0x224D, 0x222D, 0x222D, 0x19EC, 0x19EC, 0x19EC, 0x19EC, 0x19EC, 0x19EC, 0x19EC, 0x19EC,
  0x19EC, 0x19EC, 0x19EC, 0x19CC, 0x11CB, 0x11AB, 0x11AB, 0x11AB, 0x19AB, 0x19AB, 0x11AB, 0x11AB,
  0x11AB, 0x11AB, 0x11AB, 0x118A, 0x118A, 0x118A, 0x118A, 0x118A, 0x118A, 0x116A, 0x116A, 0x1169,
  0x1169, 0x1169, 0x1169, 0x1169, 0x1149, 0x1169, 0x1149, 0x1149, 0x1149, 0x1149, 0x1149, 0x1149,
  0x1149, 0x1149, 0x1149, 0x0928, 0x1128, 0x1128, 0x0928, 0x0907, 0x0907, 0x0907, 0x0907, 0x0907,
  0x08E7, 0x08E7, 0x08E7, 0x08E6, 0x08E6, 0x08E6, 0x08E6, 0x08C6, 0x08C6, 0x08C5, 0x08C5, 0x08C5,
  0x08C5, 0x08A5, 0x08A5, 0x00A5, 0x00A5, 0x00A5, 0x00A4, 0x00A5, 0x00A5, 0x00A5, 0x00A5, 0x00A5,
  0x1147, 0x0906, 0x08C5, 0x08A5, 0x00C5, 0x00C5, 0x00A5, 0x08C5, 0x08C6, 0x08C6, 0x08E6, 0x08E6,
  0x0907, 0x0907, 0x0907, 0x0907, 0x0907, 0x0907, 0x0928, 0x0928, 0x0928, 0x0949, 0x1149, 0x0949,
  0x0949, 0x0949, 0x1149, 0x1169, 0x1169, 0x1169, 0x1169, 0x1169, 0x1169, 0x116A, 0x116A, 0x116A,
  0x116A, 0x116A, 0x116A, 0x116A, 0x118A, 0x118A, 0x118A, 0x118A, 0x118A, 0x118A, 0x118A, 0x118A,
  0x118A, 0x118A, 0x118B, 0x118B, 0x118A, 0x118A, 0x118A, 0x118A, 0x118A, 0x118A, 0x11AB, 0x11AB,
  0x11AB, 0x11AB, 0x11AB, 0x11CB, 0x11CB, 0x19CB, 0x11CB, 0x11AB, 0x11AB, 0x11AB, 0x11AB, 0x11CB,
  0x19CB, 0x19EC, 0x19EC, 0x19EC, 0x19EC, 0x19EC, 0x19EC, 0x19EC, 0x19CC, 0x19EC, 0x19EC, 0x19EC,
  0x21EC, 0x220C, 0x220C, 0x222D, 0x222D, 0x2A4D, 0x2A4D, 0x2A4E, 0x2A6E, 0x2A6E, 0x326E, 0x328E,
  0x328E, 0x324C, 0x0001, 0x0000, 0x0000, 0x0000, 0x0000, 0x0000, 0x0000, 0x0000, 0x0000, 0x0000,
  0x0000, 0x0000, 0x0000, 0x0000, 0x0000, 0x0000, 0x08C5, 0x3AAE, 0x328E, 0x328F, 0x328E, 0x328E,
  0x326E, 0x2A6E, 0x2A6E, 0x2A6E, 0x2A4E, 0x2A4D, 0x2A4D, 0x222D, 0x224D, 0x222D, 0x1A0D, 0x19EC,
  0x19EC, 0x19CC, 0x19CB, 0x19AB, 0x19AB, 0x19CB, 0x19CB, 0x19CB, 0x19CB, 0x19CB, 0x19CB, 0x11AB,
  0x11AB, 0x11AB, 0x11AB, 0x11AB, 0x19AB, 0x11AB, 0x11AB, 0x118A, 0x118A, 0x118A, 0x118A, 0x118A,
  0x118A, 0x118A, 0x118A, 0x118A, 0x116A, 0x116A, 0x1169, 0x1169, 0x1169, 0x1169, 0x1169, 0x1169,
  0x1149, 0x1149, 0x1149, 0x1149, 0x1169, 0x1149, 0x1149, 0x1149, 0x1149, 0x1149, 0x0928, 0x0928,
  0x0928, 0x1128, 0x0928, 0x0907, 0x0907, 0x0907, 0x0907, 0x0907, 0x08E7, 0x08E6, 0x08E6, 0x08E6,
  0x08E6, 0x08E6, 0x08C6, 0x08C5, 0x08C5, 0x08C5, 0x08C5, 0x08A5, 0x08A5, 0x00A5, 0x08C5, 0x00A5,
  0x00A5, 0x00A5, 0x00A4, 0x00A4, 0x00A5, 0x00A5, 0x00A5, 0x00A5, 0x00A5, 0x08E5, 0x08C5, 0x00A5,
  0x00A5, 0x00C5, 0x00C5, 0x00A5, 0x00A5, 0x08C6, 0x08E6, 0x08E6, 0x08E7, 0x08E7, 0x08E7, 0x0907,
  0x0907, 0x0907, 0x0907, 0x0908, 0x0908, 0x0928, 0x0928, 0x0928, 0x0928, 0x0948, 0x0949, 0x0949,
  0x1149, 0x1149, 0x1169, 0x1169, 0x1169, 0x1169, 0x116A, 0x1169, 0x1169, 0x1169, 0x1169, 0x116A,
  0x116A, 0x118A, 0x118A, 0x118A, 0x118A, 0x118A, 0x118A, 0x118A, 0x118A, 0x118A, 0x118A, 0x118A,
  0x118A, 0x118A, 0x118A, 0x118A, 0x118A, 0x118A, 0x118A, 0x118A, 0x118A, 0x118A, 0x11AB, 0x11AB,
  0x19CB, 0x11AB, 0x11AB, 0x11AB, 0x11AB, 0x11AA, 0x11AB, 0x11AB, 0x11AB, 0x11AB, 0x11CB, 0x19CB,
  0x19CC, 0x19CC, 0x19CC, 0x19CC, 0x19CB, 0x19CB, 0x19CB, 0x19CB, 0x19CB, 0x19CB, 0x19EC, 0x19EC,
  0x19EC, 0x220C, 0x220C, 0x220C, 0x222D, 0x222D, 0x222D, 0x2A4D, 0x2A4D, 0x2A4D, 0x21EB, 0x0001,
  0x0000, 0x0000, 0x0000, 0x0000, 0x0000, 0x0000, 0x0000, 0x0000, 0x0000, 0x0000, 0x0000, 0x0000,
  0x0000, 0x0000, 0x0001, 0x0906, 0x324D, 0x2A6D, 0x2A4E, 0x2A4E, 0x2A4D, 0x2A4D, 0x222D, 0x222D,
  0x222D, 0x222D, 0x222D, 0x220C, 0x220C, 0x1A0C, 0x1A0C, 0x19EC, 0x11CB, 0x11AB, 0x11AB, 0x11AB,
  0x19AB, 0x19AB, 0x11AB, 0x11AB, 0x11AB, 0x11AB, 0x11AB, 0x11AB, 0x11AB, 0x11AB, 0x11AB, 0x11AB,
  0x118A, 0x11AA, 0x118A, 0x118A, 0x118A, 0x118A, 0x118A, 0x116A, 0x116A, 0x118A, 0x118A, 0x116A,
  0x1169, 0x1169, 0x1169, 0x1169, 0x1169, 0x1169, 0x1169, 0x1169, 0x1169, 0x1149, 0x1149, 0x1149,
  0x1149, 0x1149, 0x1149, 0x1149, 0x1149, 0x0949, 0x0928, 0x0928, 0x0928, 0x0928, 0x0927, 0x0907,
  0x0907, 0x0907, 0x0907, 0x08E7, 0x08E6, 0x08E6, 0x08E6, 0x08E6, 0x08C6, 0x08C6, 0x08C6, 0x08C5,
  0x00A5, 0x08A5, 0x08A5, 0x00A5, 0x00A5, 0x00A5, 0x00A5, 0x00A5, 0x00A5, 0x00A5, 0x00A5, 0x00A4,
  0x00A4, 0x00A5, 0x00A5, 0x00A5, 0x00A4, 0x00A5, 0x00C5, 0x00A5, 0x00A5, 0x08A5, 0x00A5, 0x00A5,
  0x00A5, 0x08C6, 0x08C6, 0x08E6, 0x08E6, 0x08E6, 0x08E7, 0x08E7, 0x08E7, 0x0907, 0x0907, 0x0907,
  0x0907, 0x0907, 0x0908, 0x0908, 0x0928, 0x0928, 0x0928, 0x0928, 0x0928, 0x0928, 0x0949, 0x0949,
  0x0949, 0x1149, 0x1149, 0x1149, 0x1169, 0x1169, 0x1169, 0x1169, 0x116A, 0x116A, 0x118A, 0x118A,
  0x118A, 0x118A, 0x116A, 0x118A, 0x118A, 0x118A, 0x118A, 0x118A, 0x116A, 0x116A, 0x118A, 0x118A,
  0x118A, 0x118A, 0x118A, 0x118A, 0x118A, 0x118A, 0x118A, 0x118A, 0x11AB, 0x11AB, 0x11AB, 0x11AB,
  0x118A, 0x118A, 0x118A, 0x118A, 0x11AB, 0x118A, 0x11AA, 0x11AB, 0x11AB, 0x11AB, 0x11AB, 0x11AB,
  0x19AB, 0x19AB, 0x11AB, 0x11AB, 0x19AB, 0x19CB, 0x19CB, 0x19CB, 0x19CB, 0x19CB, 0x19CB, 0x19CC,
  0x19EC, 0x19EC, 0x220C, 0x220C, 0x220C, 0x220C, 0x220D, 0x21EB, 0x08A4, 0x0000, 0x0000, 0x0000,
  0x0000, 0x0000, 0x0000, 0x0000, 0x0000, 0x0000, 0x0000, 0x0000, 0x0000, 0x0000, 0x0000, 0x0001,
  0x29EA, 0x2A2D, 0x222D, 0x222D, 0x222D, 0x220D, 0x220C, 0x220D, 0x220D, 0x1A0D, 0x1A0C, 0x19EC,
  0x19EC, 0x19EC, 0x19EC, 0x19EC, 0x19CB, 0x11AB, 0x11AB, 0x11AB, 0x118A, 0x11AB, 0x11AB, 0x11AB,
  0x11AB, 0x11AB, 0x11AB, 0x118A, 0x118A, 0x118A, 0x118A, 0x118A, 0x118A, 0x118A, 0x118A, 0x118A,
  0x118A, 0x118A, 0x1169, 0x1169, 0x1169, 0x1169, 0x1169, 0x1169, 0x1169, 0x1169, 0x1169, 0x1169,
  0x1149, 0x1169, 0x1169, 0x1169, 0x1169, 0x1149, 0x1149, 0x1149, 0x1149, 0x1149, 0x1148, 0x0928,
  0x0928, 0x0928, 0x0928, 0x0928, 0x0928, 0x0908, 0x0907, 0x0907, 0x0907, 0x0907, 0x08E6, 0x08E6,
  0x08E6, 0x08E6, 0x08E6, 0x08E6, 0x08C6, 0x08C6, 0x08C6, 0x08C5, 0x08C5, 0x00C5, 0x08A5, 0x00A5,
  0x00A5, 0x00A5, 0x00A5, 0x00A5, 0x00A5, 0x00A5, 0x00A5, 0x00A5, 0x00A4, 0x00A5, 0x00A5, 0x00A5,
  0x00A4, 0x00A4, 0x00A4, 0x08E6, 0x08E6, 0x08C5, 0x08C5, 0x08C5, 0x08C6, 0x08C5, 0x08C6, 0x08C6,
  0x08E6, 0x08E6, 0x08E6, 0x08E6, 0x08E6, 0x08E6, 0x08E7, 0x08E7, 0x0907, 0x0907, 0x0907, 0x0907,
  0x0907, 0x0908, 0x0908, 0x0928, 0x0928, 0x0928, 0x0928, 0x0928, 0x0928, 0x0949, 0x0929, 0x1149,
  0x1149, 0x1169, 0x1169, 0x1169, 0x1169, 0x1149, 0x1169, 0x1169, 0x1169, 0x1169, 0x116A, 0x118A,
  0x118A, 0x116A, 0x116A, 0x116A, 0x116A, 0x116A, 0x1169, 0x1169, 0x1169, 0x116A, 0x116A, 0x118A,
  0x118A, 0x118A, 0x118A, 0x118A, 0x118A, 0x118A, 0x11AB, 0x118A, 0x116A, 0x116A, 0x116A, 0x118A,
  0x118A, 0x118A, 0x118A, 0x118A, 0x118A, 0x118A, 0x118B, 0x11AB, 0x11AB, 0x11AB, 0x11AB, 0x118A,
  0x11AA, 0x11AB, 0x19AB, 0x19AB, 0x11AB, 0x11AB, 0x19AB, 0x19AB, 0x19AB, 0x19CB, 0x19CB, 0x19CB,
  0x19CB, 0x19CC, 0x19CC, 0x19EC, 0x21CB, 0x21A8, 0x0001, 0x0000, 0x0000, 0x0000, 0x0000, 0x0000,
  0x0000, 0x0000, 0x0000, 0x0000, 0x0000, 0x0000, 0x0000, 0x0000, 0x0001, 0x21CA, 0x220C, 0x1A0C,
  0x19EC, 0x19EC, 0x19EC, 0x19CC, 0x19CC, 0x19CC, 0x19CC, 0x19CC, 0x19CC, 0x19CB, 0x11AB, 0x19CB,
  0x11CB, 0x11AB, 0x11AB, 0x11AB, 0x118A, 0x118A, 0x118A, 0x118A, 0x118A, 0x118A, 0x11AA, 0x11AA,
  0x118A, 0x118A, 0x118A, 0x118A, 0x118A, 0x118A, 0x116A, 0x1169, 0x1169, 0x1169, 0x1169, 0x1169,
  0x1169, 0x1169, 0x1169, 0x1169, 0x1149, 0x1149, 0x1149, 0x1149, 0x1149, 0x1149, 0x1149, 0x1169,
  0x1149, 0x1149, 0x1149, 0x1149, 0x0948, 0x1128, 0x0928, 0x1148, 0x0928, 0x0928, 0x0928, 0x0908,
  0x0908, 0x0907, 0x0907, 0x0907, 0x08E7, 0x0907, 0x08E6, 0x08E6, 0x08E6, 0x08E6, 0x08C6, 0x08C6,
  0x08C6, 0x08C6, 0x08C5, 0x08C5, 0x08C5, 0x08C5, 0x08C5, 0x08A5, 0x08A5, 0x00A5, 0x08A5, 0x00A5,
  0x00A5, 0x00A5, 0x00A5, 0x00A5, 0x08A5, 0x08A5, 0x08A5, 0x08A5, 0x00A5, 0x00A5, 0x00A4, 0x00A4,
  0x00A5, 0x08E6, 0x08C5, 0x08C5, 0x00A5, 0x08C5, 0x00C6, 0x08C6, 0x08C6, 0x08E6, 0x08E6, 0x08E6,
  0x08E6, 0x08E6, 0x08E6, 0x08E6, 0x08E7, 0x0907, 0x0907, 0x0907, 0x0907, 0x0907, 0x0908, 0x0928,
  0x0928, 0x0928, 0x0928, 0x0928, 0x0928, 0x0928, 0x0928, 0x0928, 0x0928, 0x1149, 0x1149, 0x1149,
  0x1149, 0x1169, 0x1149, 0x1169, 0x1169, 0x1169, 0x1169, 0x0969, 0x1169, 0x1169, 0x116A, 0x1169,
  0x1169, 0x1169, 0x1169, 0x1169, 0x1169, 0x1169, 0x1169, 0x1169, 0x116A, 0x118A, 0x116A, 0x116A,
  0x118A, 0x118A, 0x118A, 0x116A, 0x1169, 0x1149, 0x1169, 0x1169, 0x1169, 0x1169, 0x1149, 0x1169,
  0x116A, 0x116A, 0x116A, 0x118A, 0x118A, 0x118A, 0x118A, 0x118A, 0x118A, 0x118A, 0x118A, 0x118A,
  0x118A, 0x118A, 0x11AB, 0x11AB, 0x11AB, 0x11AB, 0x11AB, 0x11AB, 0x19AB, 0x19AB, 0x19AB, 0x19AB,
  0x19AB, 0x19AA, 0x1988, 0x0001, 0x0000, 0x0000, 0x0000, 0x0000, 0x0000, 0x0000, 0x0000, 0x0000,
  0x0000, 0x0000, 0x0000, 0x0000, 0x0000, 0x0001, 0x19A9, 0x19CB, 0x19CB, 0x19CB, 0x19AB, 0x19AB,
  0x11AB, 0x19AB, 0x19AB, 0x19CB, 0x19AB, 0x19AB, 0x11AB, 0x11AB, 0x11AB, 0x11AB, 0x11AB, 0x118A,
  0x118A, 0x118A, 0x118A, 0x118A, 0x118A, 0x118A, 0x118A, 0x118A, 0x118A, 0x118A, 0x118A, 0x116A,
  0x1169, 0x1169, 0x1169, 0x1169, 0x1169, 0x1149, 0x1169, 0x1149, 0x1149, 0x1148, 0x1148, 0x1149,
  0x1148, 0x1148, 0x1149, 0x1149, 0x1148, 0x1149, 0x1149, 0x1149, 0x1149, 0x1148, 0x1148, 0x0948,
  0x1148, 0x0928, 0x0928, 0x0928, 0x0928, 0x0928, 0x0928, 0x0907, 0x0907, 0x0907, 0x0907, 0x0907,
  0x0907, 0x08E6, 0x08E6, 0x08E6, 0x08E6, 0x08E6, 0x08C6, 0x08C6, 0x08C6, 0x08C6, 0x08C6, 0x08C5,
  0x08C5, 0x08C5, 0x08C5, 0x08C5, 0x08C5, 0x08C5, 0x08C5, 0x08A5, 0x08A5, 0x00A5, 0x00A5, 0x00A5,
  0x00A5, 0x00A5, 0x08A5, 0x08A5, 0x00A5, 0x00A5, 0x00A5, 0x00A5, 0x00A4, 0x00A5, 0x00A5, 0x00A5,
  0x00A5, 0x00A5, 0x00A5, 0x00C6, 0x00C6, 0x00C6, 0x08C6, 0x08C6, 0x08C6, 0x08C6, 0x08E6, 0x08E6,
  0x08E6, 0x08E6, 0x08E7, 0x0907, 0x0907, 0x0907, 0x0907, 0x0928, 0x0928, 0x0928, 0x0928, 0x0928,
  0x0928, 0x0928, 0x0928, 0x0928, 0x0928, 0x0928, 0x0948, 0x0949, 0x0949, 0x0949, 0x0949, 0x1149,
  0x0949, 0x1149, 0x1169, 0x0969, 0x0969, 0x0969, 0x1169, 0x1149, 0x1169, 0x1149, 0x1149, 0x1149,
  0x1149, 0x1149, 0x1149, 0x1149, 0x1169, 0x1169, 0x1169, 0x1169, 0x1169, 0x1169, 0x1169, 0x1169,
  0x1149, 0x1149, 0x1149, 0x1149, 0x1149, 0x1149, 0x1169, 0x1149, 0x1169, 0x1169, 0x1169, 0x116A,
  0x116A, 0x116A, 0x118A, 0x118A, 0x118A, 0x118A, 0x118A, 0x118A, 0x118A, 0x118A, 0x118A, 0x118A,
  0x118A, 0x118A, 0x118A, 0x11AB, 0x11AB, 0x11AB, 0x11AB, 0x19AB, 0x118B, 0x19AB, 0x19AA, 0x1968,
  0x0001, 0x0000, 0x0000, 0x0000, 0x0000, 0x0000, 0x0000, 0x0000, 0x0000, 0x0000, 0x0000, 0x0000,
  0x0000, 0x0000, 0x0001, 0x1989, 0x19AB, 0x11AB, 0x11AB, 0x11AB, 0x118A, 0x118A, 0x11AA, 0x11AA,
  0x11AB, 0x11AB, 0x11AB, 0x118B, 0x11AB, 0x11AB, 0x11AA, 0x118A, 0x118A, 0x118A, 0x118A, 0x118A,
  0x118A, 0x118A, 0x118A, 0x118A, 0x118A, 0x1169, 0x1169, 0x1169, 0x1169, 0x1169, 0x1169, 0x1169,
  0x1149, 0x1149, 0x1149, 0x0948, 0x1148, 0x1148, 0x1128, 0x1128, 0x1148, 0x1148, 0x0928, 0x1148,
  0x1148, 0x1148, 0x1149, 0x0948, 0x1149, 0x1148, 0x0928, 0x1148, 0x0948, 0x0928, 0x0928, 0x0928,
  0x0928, 0x0928, 0x0927, 0x0907, 0x0907, 0x0907, 0x0907, 0x08E7, 0x08E7, 0x08E6, 0x08E6, 0x08E6,
  0x08E6, 0x08C6, 0x08C6, 0x08C6, 0x08C6, 0x08C6, 0x08C6, 0x08C5, 0x08C5, 0x08C5, 0x08C5, 0x08C5,
  0x08C5, 0x08C5, 0x08C5, 0x08C5, 0x08A5, 0x00A5, 0x00A5, 0x08A5, 0x08A5, 0x08A5, 0x08A5, 0x00A5,
  0x00A5, 0x00A5, 0x00A5, 0x00A5, 0x00A5, 0x00A4, 0x00A5, 0x00A5, 0x00A5, 0x00A5, 0x00A5, 0x00A5,
  0x00A5, 0x00A5, 0x08C5, 0x00C6, 0x00C6, 0x00C6, 0x00C6, 0x08C6, 0x08C6, 0x08E6, 0x08E6, 0x08E7,
  0x08E7, 0x0907, 0x0907, 0x0928, 0x0928, 0x0928, 0x0928, 0x0928, 0x0928, 0x0928, 0x0928, 0x0928,
  0x0928, 0x0928, 0x0928, 0x0928, 0x1128, 0x1128, 0x0948, 0x1149, 0x1149, 0x0949, 0x0949, 0x1149,
  0x1149, 0x1149, 0x0949, 0x1149, 0x1149, 0x1149, 0x1149, 0x1149, 0x1149, 0x1149, 0x1149, 0x0949,
  0x0949, 0x0949, 0x1169, 0x1169, 0x1149, 0x1149, 0x1149, 0x1149, 0x1149, 0x1149, 0x1149, 0x1149,
  0x1149, 0x1149, 0x1149, 0x1169, 0x1169, 0x0949, 0x1169, 0x1169, 0x1169, 0x1169, 0x1169, 0x1169,
  0x1169, 0x116A, 0x116A, 0x116A, 0x118A, 0x116A, 0x116A, 0x116A, 0x116A, 0x118A, 0x118A, 0x118A,
  0x118A, 0x118A, 0x118A, 0x118A, 0x11AB, 0x11AB, 0x11AB, 0x198A, 0x1947, 0x0001, 0x0000, 0x0000,
  0x0000, 0x0000, 0x0000, 0x0000, 0x0000, 0x0000, 0x0000, 0x0000, 0x0000, 0x0000, 0x0000, 0x0001,
  0x1969, 0x118A, 0x11AA, 0x118A, 0x118A, 0x118A, 0x118A, 0x118A, 0x118A, 0x118A, 0x118A, 0x118A,
  0x118A, 0x118A, 0x118A, 0x118A, 0x116A, 0x116A, 0x118A, 0x116A, 0x118A, 0x116A, 0x116A, 0x116A,
  0x116A, 0x1169, 0x1169, 0x1169, 0x1149, 0x1149, 0x1148, 0x1149, 0x1149, 0x1149, 0x1148, 0x1148,
  0x1148, 0x1148, 0x1148, 0x1148, 0x1128, 0x0928, 0x0928, 0x1148, 0x0928, 0x0928, 0x0928, 0x0928,
  0x0928, 0x0928, 0x0928, 0x0928, 0x0928, 0x0928, 0x0928, 0x0928, 0x0928, 0x0908, 0x0907, 0x0907,
  0x0907, 0x0907, 0x0907, 0x08E7, 0x08E7, 0x08E7, 0x08E6, 0x08C6, 0x08C6, 0x08C6, 0x08C6, 0x08C6,
  0x08C6, 0x08C6, 0x08C6, 0x08C6, 0x08C6, 0x08C6, 0x00C5, 0x00C5, 0x08C5, 0x08C5, 0x08C5, 0x08C6,
  0x08C5, 0x00A5, 0x00C5, 0x00C5, 0x00A5, 0x00A5, 0x00A5, 0x00A5, 0x00A5, 0x00A5, 0x00A5, 0x00A5,
  0x00A5, 0x00A5, 0x00A5, 0x00A5, 0x00A5, 0x00A5, 0x00A5, 0x00A5, 0x00A5, 0x00A5, 0x00A5, 0x08C5,
  0x08C5, 0x00C6, 0x08C6, 0x08C6, 0x08E6, 0x08C6, 0x08E6, 0x08E6, 0x08E6, 0x08E7, 0x08E7, 0x0907,
  0x0928, 0x0928, 0x0928, 0x0928, 0x0928, 0x0928, 0x0928, 0x0928, 0x0928, 0x0928, 0x0928, 0x0928,
  0x0928, 0x1128, 0x0928, 0x0928, 0x0928, 0x0928, 0x0928, 0x0928, 0x0948, 0x1148, 0x0948, 0x0949,
  0x0949, 0x1149, 0x1149, 0x0949, 0x0949, 0x1149, 0x1149, 0x0949, 0x0949, 0x0949, 0x0949, 0x0948,
  0x0948, 0x0949, 0x1149, 0x1149, 0x0949, 0x1149, 0x1149, 0x1149, 0x1149, 0x1149, 0x1149, 0x1169,
  0x1149, 0x1149, 0x1169, 0x1169, 0x1169, 0x1169, 0x1169, 0x1149, 0x1149, 0x1169, 0x1149, 0x1169,
  0x1169, 0x116A, 0x116A, 0x116A, 0x116A, 0x116A, 0x116A, 0x118A, 0x118A, 0x118A, 0x118A, 0x118A,
  0x118A, 0x118A, 0x118A, 0x118A, 0x198A, 0x1147, 0x0001, 0x0000, 0x0000, 0x0000, 0x0000, 0x0000,
  0x0000, 0x0000, 0x0000, 0x0000, 0x0000, 0x0000, 0x0000, 0x0000, 0x0001, 0x1969, 0x118A, 0x118A,
  0x118A, 0x118A, 0x118A, 0x118A, 0x118A, 0x118A, 0x118A, 0x118A, 0x118A, 0x118A, 0x118A, 0x118A,
  0x118A, 0x116A, 0x1169, 0x1169, 0x1169, 0x1169, 0x1169, 0x1169, 0x1169, 0x1169, 0x1149, 0x1149,
  0x1149, 0x1148, 0x1148, 0x0948, 0x1148, 0x1148, 0x0928, 0x1148, 0x0928, 0x1128, 0x1128, 0x1128,
  0x1127, 0x1128, 0x1128, 0x1128, 0x0928, 0x0928, 0x0928, 0x0928, 0x0928, 0x0928, 0x0928, 0x1128,
  0x0928, 0x0928, 0x0928, 0x0928, 0x0928, 0x0928, 0x0927, 0x0907, 0x0907, 0x0907, 0x0907, 0x0907,
  0x08E7, 0x08E7, 0x08E7, 0x08E6, 0x08E6, 0x08C6, 0x08C6, 0x08C6, 0x08C6, 0x08C6, 0x08C6, 0x08C6,
  0x08C6, 0x08C6, 0x08C6, 0x08C6, 0x08C6, 0x08C6, 0x08C6, 0x08C6, 0x08C6, 0x08C5, 0x00A5, 0x00A5,
  0x08C5, 0x08C5, 0x00A5, 0x00A5, 0x00A5, 0x00A5, 0x00A5, 0x00A5, 0x00A5, 0x00A5, 0x00A5, 0x00A5,
  0x00A5, 0x00A5, 0x00A5, 0x00A5, 0x00A5, 0x00A5, 0x00A5, 0x00A5, 0x00A5, 0x00A5, 0x08C6, 0x00C6,
  0x08C6, 0x08C6, 0x08C6, 0x08E6, 0x08E6, 0x08E6, 0x08E7, 0x08E7, 0x08E7, 0x0907, 0x0907, 0x0908,
  0x0928, 0x0928, 0x0928, 0x0928, 0x0928, 0x0928, 0x0928, 0x0928, 0x0928, 0x0928, 0x0928, 0x0928,
  0x0928, 0x0928, 0x0908, 0x0908, 0x0907, 0x0928, 0x0928, 0x0928, 0x1148, 0x1148, 0x0948, 0x0948,
  0x0948, 0x0948, 0x0948, 0x0948, 0x0949, 0x0949, 0x0949, 0x0949, 0x1148, 0x0948, 0x0948, 0x1148,
  0x1148, 0x1149, 0x1149, 0x1149, 0x1149, 0x1149, 0x1149, 0x1149, 0x1149, 0x1149, 0x1149, 0x1169,
  0x1169, 0x0949, 0x1169, 0x1149, 0x1169, 0x1149, 0x1149, 0x1169, 0x1169, 0x1169, 0x1169, 0x116A,
  0x116A, 0x118A, 0x116A, 0x116A, 0x118A, 0x118A, 0x116A, 0x116A, 0x118A, 0x118A, 0x118A, 0x118A,
  0x118A, 0x1169, 0x1127, 0x0001, 0x0000, 0x0000, 0x0000, 0x0000, 0x0000, 0x0000, 0x0000, 0x0000,
  0x0000, 0x0000, 0x0000, 0x0000, 0x0000, 0x0021, 0x1968, 0x118A, 0x118A, 0x118A, 0x118A, 0x118A,
  0x118A, 0x118A, 0x116A, 0x116A, 0x116A, 0x116A, 0x116A, 0x116A, 0x116A, 0x1169, 0x1169, 0x1169,
  0x1169, 0x0949, 0x1149, 0x1149, 0x1149, 0x1149, 0x1149, 0x1148, 0x1148, 0x1148, 0x1148, 0x1148,
  0x1148, 0x1148, 0x0928, 0x0928, 0x0928, 0x0928, 0x1128, 0x1127, 0x1126, 0x08C5, 0x08C5, 0x1127,
  0x1128, 0x0928, 0x0928, 0x0928, 0x0928, 0x0928, 0x0928, 0x0928, 0x0928, 0x0928, 0x0928, 0x1128,
  0x0928, 0x0908, 0x0907, 0x0907, 0x0907, 0x0907, 0x0907, 0x0907, 0x0907, 0x08E7, 0x08E6, 0x08E6,
  0x08E6, 0x08E6, 0x08E6, 0x08E6, 0x08E6, 0x08C6, 0x08E6, 0x08E6, 0x08C6, 0x08C6, 0x08C6, 0x08C6,
  0x08C6, 0x08C6, 0x08C6, 0x08C6, 0x08C6, 0x08C6, 0x08C5, 0x08C5, 0x08C5, 0x08C5, 0x08C5, 0x08C5,
  0x08C5, 0x00A5, 0x00A5, 0x00A5, 0x00A5, 0x00A5, 0x00A5, 0x00A5, 0x00A5, 0x00A5, 0x00A5, 0x00A5,
  0x00A5, 0x00A5, 0x00A5, 0x00A5, 0x00A5, 0x00A5, 0x00A5, 0x00A5, 0x08C6, 0x08C6, 0x08C6, 0x08C6,
  0x08E6, 0x08E6, 0x08E6, 0x08E7, 0x08E7, 0x08E7, 0x0907, 0x0907, 0x0908, 0x0908, 0x0928, 0x0928,
  0x0928, 0x0928, 0x0928, 0x0928, 0x0928, 0x0928, 0x0928, 0x0928, 0x0928, 0x0928, 0x0907, 0x0907,
  0x0907, 0x0907, 0x0907, 0x0908, 0x0908, 0x0928, 0x0928, 0x0928, 0x0928, 0x0928, 0x0928, 0x0948,
  0x0948, 0x0948, 0x0949, 0x1149, 0x1149, 0x1148, 0x0948, 0x0928, 0x0948, 0x0948, 0x1148, 0x1149,
  0x1149, 0x1148, 0x1149, 0x1149, 0x1149, 0x1149, 0x1149, 0x1149, 0x1149, 0x1149, 0x1149, 0x1149,
  0x1169, 0x1149, 0x1149, 0x1149, 0x1149, 0x1169, 0x1169, 0x1169, 0x1169, 0x116A, 0x116A, 0x1169,
  0x1169, 0x1169, 0x118A, 0x116A, 0x116A, 0x1169, 0x1169, 0x1169, 0x1169, 0x1169, 0x1169, 0x1126,
  0x0001, 0x0000, 0x0000, 0x0000, 0x0000, 0x0000, 0x0000, 0x0000, 0x0000, 0x0000, 0x0000, 0x0000,
  0x0000, 0x0000, 0x0021, 0x1968, 0x118A, 0x118A, 0x118A, 0x118A, 0x118A, 0x118A, 0x116A, 0x116A,
  0x116A, 0x116A, 0x0969, 0x1169, 0x1169, 0x1169, 0x1169, 0x1169, 0x1149, 0x0949, 0x1149, 0x1148,
  0x1148, 0x1148, 0x1148, 0x0948, 0x1148, 0x1148, 0x1148, 0x1127, 0x1127, 0x1127, 0x0927, 0x0928,
  0x0927, 0x0928, 0x0928, 0x0907, 0x1107, 0x0063, 0x0001, 0x0022, 0x08C5, 0x1127, 0x0928, 0x0928,
  0x0928, 0x0928, 0x0927, 0x0928, 0x0908, 0x0907, 0x0908, 0x0908, 0x0908, 0x0908, 0x0907, 0x0907,
  0x0907, 0x0907, 0x0907, 0x0907, 0x0907, 0x0907, 0x08E7, 0x08E6, 0x08E6, 0x08E6, 0x08E6, 0x08E6,
  0x08E6, 0x08E6, 0x08E6, 0x08E6, 0x08E6, 0x08E6, 0x08E6, 0x08C6, 0x08C6, 0x08E6, 0x08E6, 0x08E6,
  0x08E6, 0x08C6, 0x08C6, 0x08C6, 0x08C5, 0x08A5, 0x08C5, 0x08C5, 0x08C5, 0x00A5, 0x00A5, 0x00C5,
  0x00A5, 0x00A5, 0x00A5, 0x00A5, 0x00A5, 0x00A5, 0x00A5, 0x00A5, 0x00A5, 0x00A5, 0x00A5, 0x00A5,
  0x00A5, 0x00A5, 0x00A5, 0x00A5, 0x00A5, 0x08C6, 0x08C6, 0x08C6, 0x08C6, 0x08E6, 0x08E6, 0x08E6,
  0x08E7, 0x08E7, 0x08E7, 0x08E7, 0x0907, 0x0908, 0x0928, 0x0928, 0x0928, 0x0928, 0x0928, 0x0928,
  0x0928, 0x0928, 0x0928, 0x0908, 0x0907, 0x0907, 0x0907, 0x0907, 0x0907, 0x0907, 0x0907, 0x0907,
  0x0908, 0x0908, 0x0928, 0x0928, 0x0928, 0x0928, 0x0928, 0x0928, 0x0928, 0x0928, 0x0928, 0x0948,
  0x1149, 0x1149, 0x1149, 0x0948, 0x0948, 0x0928, 0x1148, 0x0948, 0x0948, 0x0948, 0x0948, 0x0948,
  0x1128, 0x1149, 0x1149, 0x1149, 0x1149, 0x1149, 0x1149, 0x1149, 0x1149, 0x1149, 0x1149, 0x1149,
  0x1149, 0x1149, 0x1169, 0x1169, 0x1169, 0x1169, 0x1169, 0x1169, 0x1169, 0x1169, 0x1169, 0x1169,
  0x1169, 0x1169, 0x1169, 0x1169, 0x1169, 0x1169, 0x1169, 0x1169, 0x1126, 0x0001, 0x0000, 0x0000,
  0x0000, 0x0000, 0x0000, 0x0000, 0x0000, 0x0000, 0x0000, 0x0000, 0x0000, 0x0000, 0x0000, 0x0021,
  0x1968, 0x116A, 0x116A, 0x116A, 0x116A, 0x118A, 0x116A, 0x1169, 0x1169, 0x1169, 0x1169, 0x0969,
  0x1169, 0x1169, 0x1169, 0x1149, 0x1149, 0x1149, 0x0949, 0x1148, 0x1148, 0x1148, 0x0928, 0x0928,
  0x0928, 0x1128, 0x1127, 0x08E6, 0x0063, 0x0063, 0x08C5, 0x1127, 0x0927, 0x0907, 0x0907, 0x0907,
  0x1127, 0x00A5, 0x0001, 0x0000, 0x0001, 0x0042, 0x1127, 0x0927, 0x0927, 0x0907, 0x0907, 0x0907,
  0x0907, 0x0907, 0x0907, 0x0907, 0x0907, 0x0907, 0x0907, 0x0907, 0x0907, 0x0907, 0x0907, 0x0907,
  0x0907, 0x0907, 0x0907, 0x08E7, 0x08E7, 0x08E6, 0x08E7, 0x08E6, 0x08E6, 0x08E6, 0x08E6, 0x08E6,
  0x08E6, 0x08E6, 0x08E6, 0x08E6, 0x08E6, 0x08E6, 0x08E6, 0x08E6, 0x08E6, 0x08E6, 0x08E6, 0x08C6,
  0x08C6, 0x08C6, 0x08C6, 0x08C6, 0x08C5, 0x08C5, 0x08C5, 0x00A5, 0x00C5, 0x00A5, 0x00A5, 0x00A5,
  0x00A5, 0x00A5, 0x00A5, 0x00A5, 0x00A5, 0x00A5, 0x00A5, 0x00A5, 0x00A5, 0x00A5, 0x00A5, 0x00A5,
  0x00A5, 0x00A5, 0x08C5, 0x08C6, 0x08C6, 0x08C6, 0x08C6, 0x08C6, 0x08E6, 0x08E6, 0x08E7, 0x0907,
  0x0907, 0x0907, 0x0908, 0x0908, 0x0907, 0x0908, 0x0908, 0x0928, 0x0928, 0x0928, 0x0928, 0x0928,
  0x0908, 0x0907, 0x0907, 0x0907, 0x0907, 0x0907, 0x0907, 0x0907, 0x0907, 0x0907, 0x0908, 0x0928,
  0x0928, 0x0928, 0x0928, 0x0928, 0x0928, 0x0928, 0x0928, 0x0928, 0x0948, 0x0928, 0x0948, 0x0948,
  0x0928, 0x0928, 0x0928, 0x0948, 0x0928, 0x0928, 0x0948, 0x0928, 0x0928, 0x0928, 0x1128, 0x1128,
  0x1128, 0x1149, 0x1149, 0x1149, 0x1149, 0x1149, 0x1149, 0x1149, 0x1149, 0x1149, 0x1149, 0x1149,
  0x1149, 0x1149, 0x1169, 0x1169, 0x1169, 0x1149, 0x1149, 0x1149, 0x1149, 0x0949, 0x0949, 0x1169,
  0x1169, 0x1169, 0x1169, 0x1169, 0x1169, 0x1106, 0x0001, 0x0000, 0x0000, 0x0000, 0x0000, 0x0000,
  0x0000, 0x0000, 0x0000, 0x0000, 0x0000, 0x0000, 0x0000, 0x0000, 0x0021, 0x1148, 0x1169, 0x1169,
  0x1169, 0x1169, 0x1169, 0x1169, 0x1169, 0x1169, 0x1169, 0x1169, 0x1169, 0x1169, 0x1169, 0x1149,
  0x0948, 0x1149, 0x0948, 0x0948, 0x0928, 0x0928, 0x0928, 0x0928, 0x0928, 0x0928, 0x1127, 0x1127,
  0x0043, 0x0001, 0x0001, 0x0043, 0x1107, 0x0907, 0x0907, 0x0927, 0x0907, 0x1107, 0x00A4, 0x0000,
  0x0000, 0x0000, 0x0022, 0x1106, 0x0927, 0x0907, 0x0907, 0x0907, 0x0907, 0x0907, 0x0907, 0x0907,
  0x0907, 0x0907, 0x0907, 0x0907, 0x0907, 0x0907, 0x08E7, 0x0907, 0x0907, 0x0907, 0x08E7, 0x08E6,
  0x08E6, 0x08E7, 0x08E7, 0x08E7, 0x08E6, 0x08E6, 0x08E6, 0x08E6, 0x08E6, 0x08E6, 0x08E6, 0x08E6,
  0x08E6, 0x08E6, 0x08E6, 0x08E6, 0x08E6, 0x08E6, 0x08E6, 0x08E6, 0x08C6, 0x08C6, 0x08C6, 0x08C6,
  0x08C6, 0x08C6, 0x08C5, 0x00A5, 0x00A5, 0x00A5, 0x00A5, 0x00A5, 0x00A5, 0x00A5, 0x00A5, 0x00A5,
  0x0084, 0x0084, 0x0085, 0x0085, 0x00A5, 0x00A5, 0x00A5, 0x00A5, 0x00A5, 0x00A5, 0x00A5, 0x00A5,
  0x00C5, 0x00C6, 0x00C6, 0x08C6, 0x08C6, 0x08C6, 0x08E6, 0x08E6, 0x08E7, 0x08E7, 0x0907, 0x0907,
  0x08E7, 0x08E7, 0x0907, 0x0908, 0x0928, 0x0928, 0x0928, 0x0928, 0x0928, 0x0907, 0x0907, 0x0907,
  0x0907, 0x0907, 0x0907, 0x0907, 0x0907, 0x0907, 0x0908, 0x0907, 0x0907, 0x0928, 0x0928, 0x0928,
  0x0928, 0x0928, 0x0928, 0x0928, 0x0928, 0x0928, 0x0928, 0x0928, 0x0928, 0x0928, 0x0928, 0x0928,
  0x0928, 0x0928, 0x0928, 0x0948, 0x0928, 0x0928, 0x0928, 0x0928, 0x0928, 0x0928, 0x0928, 0x1148,
  0x1148, 0x1148, 0x1149, 0x1148, 0x0948, 0x1149, 0x1128, 0x0928, 0x0928, 0x0948, 0x1148, 0x1149,
  0x1149, 0x1148, 0x0948, 0x1148, 0x0948, 0x1149, 0x0949, 0x0949, 0x0949, 0x1149, 0x1149, 0x1149,
  0x1169, 0x1168, 0x10E5, 0x0001, 0x0000, 0x0000, 0x0000, 0x0000, 0x0000, 0x0000, 0x0000, 0x0000,
  0x0000, 0x0000, 0x0000, 0x0000, 0x0000, 0x0021, 0x1148, 0x1169, 0x1169, 0x0969, 0x1169, 0x1169,
  0x1169, 0x1149, 0x1149, 0x1149, 0x1149, 0x0949, 0x0949, 0x0949, 0x1148, 0x0948, 0x0948, 0x0948,
  0x0928, 0x0928, 0x0928, 0x0928, 0x0928, 0x0928, 0x1128, 0x1128, 0x1106, 0x0022, 0x0000, 0x0000,
  0x0022, 0x1106, 0x0907, 0x0907, 0x0907, 0x0907, 0x1107, 0x08A4, 0x0000, 0x0000, 0x0000, 0x0021,
  0x0906, 0x0907, 0x0907, 0x0907, 0x0907, 0x0907, 0x0907, 0x0907, 0x0907, 0x0907, 0x0907, 0x0907,
  0x0907, 0x0907, 0x0907, 0x0907, 0x0907, 0x0907, 0x08E7, 0x08E7, 0x08E6, 0x08E6, 0x08E6, 0x08E7,
  0x08E6, 0x08E6, 0x08E6, 0x08E6, 0x08E6, 0x08E6, 0x08E6, 0x08E6, 0x08E6, 0x08E6, 0x08E6, 0x08E6,
  0x08E6, 0x08E6, 0x08C6, 0x08C6, 0x08C6, 0x08C6, 0x08C6, 0x08C6, 0x08C6, 0x00C5, 0x08C6, 0x08C6,
  0x00A5, 0x00A5, 0x00A5, 0x00A5, 0x00A5, 0x00A5, 0x00A5, 0x00A5, 0x00A5, 0x0084, 0x0084, 0x0085,
  0x00A5, 0x00A5, 0x00A5, 0x00A5, 0x00A5, 0x00A5, 0x00A5, 0x00A5, 0x00A5, 0x00C5, 0x00A5, 0x00A5,
  0x08C6, 0x08C6, 0x08C6, 0x08C6, 0x08C6, 0x08E6, 0x08E6, 0x08E7, 0x08E7, 0x08E6, 0x08E7, 0x08E7,
  0x0907, 0x0908, 0x0908, 0x0928, 0x0928, 0x0907, 0x0907, 0x0907, 0x0907, 0x0907, 0x0907, 0x0907,
  0x0907, 0x0907, 0x0907, 0x0907, 0x0907, 0x0907, 0x0907, 0x0908, 0x0908, 0x0908, 0x0928, 0x0928,
  0x0928, 0x0928, 0x0928, 0x0928, 0x0928, 0x0928, 0x0928, 0x0928, 0x0928, 0x0928, 0x0928, 0x0928,
  0x0928, 0x0928, 0x0928, 0x0928, 0x1128, 0x0928, 0x0928, 0x1148, 0x0928, 0x1128, 0x0928, 0x1148,
  0x1148, 0x0948, 0x1149, 0x0928, 0x1128, 0x0928, 0x0928, 0x0948, 0x0948, 0x0928, 0x0928, 0x0928,
  0x0928, 0x0948, 0x0948, 0x0948, 0x0948, 0x0948, 0x1148, 0x1149, 0x1149, 0x1169, 0x1148, 0x0083,
  0x0000, 0x0000, 0x0000, 0x0000, 0x0000, 0x0000, 0x0000, 0x0000, 0x0000, 0x0000, 0x0000, 0x0000,
  0x0000, 0x0000, 0x0001, 0x1147, 0x1169, 0x1169, 0x0949, 0x1149, 0x1149, 0x1149, 0x1149, 0x1149,
  0x1149, 0x1149, 0x1149, 0x1149, 0x0948, 0x0928, 0x0928, 0x0928, 0x0928, 0x1148, 0x1128, 0x0928,
  0x0928, 0x0928, 0x0928, 0x0928, 0x1107, 0x1106, 0x0022, 0x0000, 0x0000, 0x0001, 0x10E5, 0x0907,
  0x0907, 0x0907, 0x0907, 0x0907, 0x08C5, 0x0000, 0x0000, 0x0000, 0x0021, 0x0906, 0x0907, 0x0907,
  0x0907, 0x0907, 0x0907, 0x0907, 0x0907, 0x0907, 0x0907, 0x0907, 0x0907, 0x0907, 0x0907, 0x0907,
  0x0907, 0x0907, 0x08E7, 0x08E7, 0x08E7, 0x08E6, 0x08E6, 0x08E6, 0x08E7, 0x08E6, 0x08E6, 0x08E7,
  0x08E6, 0x08E6, 0x08E6, 0x08E6, 0x08E7, 0x08E6, 0x08E6, 0x08E6, 0x08E6, 0x08E6, 0x08E6, 0x08E6,
  0x08C6, 0x08C6, 0x08C6, 0x08C6, 0x08C6, 0x00C5, 0x00C5, 0x08C5, 0x00A5, 0x00A5, 0x00A5, 0x00A5,
  0x00A5, 0x00A5, 0x00A5, 0x00A5, 0x00A5, 0x00A5, 0x0084, 0x0084, 0x0085, 0x0085, 0x0085, 0x00A5,
  0x00A5, 0x0084, 0x00A5, 0x00A5, 0x00A5, 0x00A5, 0x00A5, 0x00A5, 0x00A5, 0x08C5, 0x08C5, 0x08C6,
  0x08C6, 0x08C6, 0x08C6, 0x08E6, 0x08E6, 0x08E6, 0x08C6, 0x08C6, 0x08E7, 0x08E7, 0x0907, 0x0907,
  0x0907, 0x0907, 0x0907, 0x0907, 0x0907, 0x0907, 0x0907, 0x0907, 0x0907, 0x0907, 0x0907, 0x0907,
  0x0907, 0x0907, 0x0907, 0x0907, 0x0907, 0x0907, 0x0907, 0x0908, 0x0928, 0x0928, 0x0928, 0x0928,
  0x0928, 0x0928, 0x1128, 0x0928, 0x0928, 0x0928, 0x0928, 0x0928, 0x0928, 0x0928, 0x0928, 0x0928,
  0x0928, 0x0928, 0x0928, 0x0928, 0x0928, 0x0928, 0x0928, 0x0928, 0x0928, 0x0928, 0x0928, 0x0928,
  0x0928, 0x0928, 0x0928, 0x0928, 0x0928, 0x0928, 0x0928, 0x0928, 0x0928, 0x0928, 0x0928, 0x0928,
  0x0928, 0x0928, 0x0928, 0x0928, 0x1148, 0x1148, 0x1148, 0x1147, 0x0022, 0x0000, 0x0000, 0x0000,
  0x0000, 0x0000, 0x0000, 0x0000, 0x0000, 0x0000, 0x0000, 0x0000, 0x0000, 0x0000, 0x0000, 0x0001,
  0x1106, 0x1148, 0x0948, 0x1148, 0x0948, 0x0948, 0x0948, 0x1148, 0x1149, 0x1149, 0x1149, 0x1149,
  0x1148, 0x0948, 0x0928, 0x0928, 0x0928, 0x0928, 0x0928, 0x1128, 0x1128, 0x0928, 0x0928, 0x0928,
  0x0927, 0x1107, 0x1106, 0x0042, 0x0000, 0x0000, 0x0001, 0x08C5, 0x0906, 0x08E7, 0x0907, 0x0907,
  0x0907, 0x08C5, 0x0001, 0x0000, 0x0000, 0x0021, 0x1106, 0x0907, 0x0907, 0x0907, 0x0927, 0x0907,
  0x0907, 0x0907, 0x0907, 0x0907, 0x0907, 0x0907, 0x0907, 0x0907, 0x0907, 0x0907, 0x0907, 0x08E7,
  0x08E7, 0x08E7, 0x08E6, 0x08E6, 0x08E7, 0x08E7, 0x08E7, 0x08E6, 0x08E6, 0x08E6, 0x08E6, 0x08E6,
  0x08E6, 0x08E6, 0x08E6, 0x08E6, 0x08E6, 0x08E6, 0x08E6, 0x08E6, 0x08E6, 0x08C6, 0x08E6, 0x08C6,
  0x08C6, 0x08C6, 0x00A5, 0x00A5, 0x00A5, 0x00A5, 0x00A5, 0x00A5, 0x00A5, 0x00A5, 0x00A5, 0x00A5,
  0x00A5, 0x00A5, 0x00A5, 0x0084, 0x0084, 0x0085, 0x0085, 0x0085, 0x0085, 0x0084, 0x0084, 0x00A5,
  0x00A5, 0x00A5, 0x00A5, 0x00A5, 0x00A5, 0x00A5, 0x00A5, 0x00A5, 0x08C5, 0x08C6, 0x08C6, 0x08C6,
  0x08C6, 0x08C6, 0x08C6, 0x08C6, 0x08C6, 0x08C6, 0x08E6, 0x08E7, 0x0907, 0x0907, 0x0907, 0x0907,
  0x0907, 0x08E7, 0x0907, 0x0907, 0x0907, 0x0907, 0x0907, 0x0907, 0x0907, 0x0907, 0x0907, 0x0907,
  0x0907, 0x0907, 0x0907, 0x0907, 0x0907, 0x0907, 0x0928, 0x0928, 0x0928, 0x0928, 0x0928, 0x0928,
  0x0928, 0x0928, 0x0928, 0x0908, 0x0908, 0x0928, 0x0907, 0x0928, 0x0928, 0x0908, 0x0907, 0x0928,
  0x0928, 0x0928, 0x0928, 0x0908, 0x0907, 0x0907, 0x0907, 0x0928, 0x0928, 0x0928, 0x0928, 0x0928,
  0x0928, 0x0928, 0x0928, 0x0928, 0x0928, 0x0928, 0x0928, 0x0928, 0x0928, 0x0928, 0x0928, 0x0928,
  0x0928, 0x0928, 0x0928, 0x0928, 0x1127, 0x0021, 0x0000, 0x0000, 0x0000, 0x0000, 0x0000, 0x0000,
  0x0000, 0x0000, 0x0000, 0x0000, 0x0000, 0x0000, 0x0000, 0x0000, 0x0000, 0x08C5, 0x1128, 0x0928,
  0x0928, 0x0928, 0x0928, 0x0928, 0x0928, 0x1148, 0x0948, 0x1148, 0x1148, 0x1148, 0x1148, 0x0948,
  0x0928, 0x0928, 0x0928, 0x0928, 0x0928, 0x0928, 0x0908, 0x0907, 0x0927, 0x0927, 0x1107, 0x10E6,
  0x0063, 0x0000, 0x0000, 0x0001, 0x08A4, 0x0906, 0x0907, 0x0907, 0x0907, 0x0907, 0x08E5, 0x0001,
  0x0000, 0x0000, 0x0021, 0x08E6, 0x0907, 0x0907, 0x0907, 0x0927, 0x0907, 0x0907, 0x0907, 0x0907,
  0x0907, 0x0907, 0x0908, 0x0908, 0x0907, 0x0907, 0x0907, 0x0907, 0x0907, 0x0907, 0x0907, 0x0907,
  0x08E6, 0x08E6, 0x08E7, 0x08E6, 0x08E6, 0x08E6, 0x08E6, 0x08E6, 0x08E7, 0x08E7, 0x08E6, 0x08E6,
  0x08E6, 0x08E6, 0x08E6, 0x08E6, 0x00C6, 0x00C6, 0x08C6, 0x08C6, 0x00C6, 0x08C6, 0x00A5, 0x00A5,
  0x00A5, 0x00A5, 0x00A5, 0x00A5, 0x00A5, 0x00A5, 0x00A5, 0x0085, 0x0085, 0x0085, 0x0085, 0x0084
};

#endif
